JvmtiExport can_access_local_variables 0
JvmtiExport can_hotswap_or_post_breakpoint 0
JvmtiExport can_post_on_exceptions 0
# 408 ciObject found
ciInstanceKlass java/lang/Cloneable 1 0 7 100 1 100 1 1 1
instanceKlass com/jobwork/util/GlobalUI
instanceKlass com/jobwork/domain/ChallanReportRow
instanceKlass org/hibernate/sql/ast/tree/expression/Summarization
instanceKlass com/mysql/cj/protocol/ExportControlled
instanceKlass java/text/DontCareFieldPosition$1
instanceKlass java/text/Format$FieldDelegate
instanceKlass java/text/DigitList
instanceKlass com/mysql/cj/util/TimeUtil
instanceKlass com/mysql/cj/protocol/a/SqlDateValueEncoder$1
instanceKlass org/hibernate/query/internal/BindingTypeHelper$1
instanceKlass org/hibernate/query/sqm/internal/ConcreteSqmSelectQueryPlan$1
instanceKlass java/time/format/Parsed
instanceKlass java/time/format/DateTimeParseContext
instanceKlass java/text/ParsePosition
instanceKlass com/sun/prism/shader/DrawPgram_Color_Loader
instanceKlass javafx/scene/layout/GridPane$CompositeSize
instanceKlass javafx/scene/layout/GridPane$StyleableProperties
instanceKlass java/time/chrono/Era
instanceKlass java/time/Month$1
instanceKlass java/time/temporal/WeekFields$ComputedDayOfField
instanceKlass java/time/temporal/WeekFields
instanceKlass sun/util/locale/provider/CalendarDataUtility$CalendarFieldValueNameGetter
instanceKlass sun/util/resources/LocaleData$2
instanceKlass java/util/concurrent/atomic/AtomicMarkableReference$Pair
instanceKlass java/util/concurrent/atomic/AtomicMarkableReference
instanceKlass sun/util/locale/provider/CalendarNameProviderImpl$LengthBasedComparator
instanceKlass sun/util/resources/provider/NonBaseLocaleDataMetaInfo
instanceKlass sun/util/locale/provider/BaseLocaleDataMetaInfo
instanceKlass sun/util/locale/provider/CalendarDataUtility$CalendarFieldValueNamesMapGetter
instanceKlass java/time/YearMonth$1
instanceKlass javafx/scene/layout/ConstraintsBase
instanceKlass java/lang/StackTraceElement$HashedModules
instanceKlass java/lang/Throwable$PrintStreamOrWriter
instanceKlass java/util/Formatter$FormatSpecifier$BigDecimalLayout
instanceKlass org/hibernate/engine/spi/AbstractDelegatingWrapperOptions
instanceKlass org/hibernate/sql/ast/tree/expression/QueryLiteral
instanceKlass org/hibernate/sql/ast/tree/expression/UnparsedNumericLiteral
instanceKlass org/hibernate/metamodel/model/domain/internal/CompositeSqmPathSource
instanceKlass org/hibernate/query/sqm/function/SelfRenderingFunctionSqlAstExpression
instanceKlass org/hibernate/sql/ast/tree/expression/AggregateFunctionExpression
instanceKlass org/hibernate/sql/ast/tree/expression/FunctionExpression
instanceKlass org/hibernate/sql/ast/tree/expression/BinaryArithmeticExpression
instanceKlass org/hibernate/query/sqm/function/SelfRenderingSqmFunction$FunctionArgumentTypeResolverTypeAccess
instanceKlass org/hibernate/query/sqm/tree/expression/NullSqmExpressible
instanceKlass org/hibernate/query/sqm/internal/SqmUtil$2
instanceKlass org/hibernate/sql/ast/internal/TableGroupJoinHelper
instanceKlass org/hibernate/query/sqm/tree/expression/SqmExpressionHelper
instanceKlass org/hibernate/Hibernate
instanceKlass org/hibernate/proxy/map/MapProxy
instanceKlass org/hibernate/proxy/pojo/bytebuddy/ByteBuddyProxyFactory$1
instanceKlass org/hibernate/proxy/AbstractLazyInitializer
instanceKlass org/hibernate/property/access/internal/PropertyAccessStrategyBackRefImpl$1
instanceKlass org/hibernate/property/access/internal/PropertyAccessStrategyBackRefImpl
instanceKlass org/hibernate/loader/ast/internal/CacheEntityLoaderHelper$PersistenceContextEntry
instanceKlass org/hibernate/loader/ast/internal/CacheEntityLoaderHelper
instanceKlass org/hibernate/event/service/spi/EventActionWithParameter
instanceKlass org/hibernate/LockMode$1
instanceKlass org/hibernate/event/spi/LoadEventListener$LoadType
instanceKlass com/mysql/cj/protocol/a/NumberValueEncoder$1
instanceKlass org/hibernate/type/descriptor/JdbcBindingLogging
instanceKlass org/hibernate/sql/results/graph/entity/internal/EntitySelectFetchInitializerBuilder$1
instanceKlass org/hibernate/sql/results/graph/entity/internal/EntitySelectFetchInitializerBuilder
instanceKlass org/hibernate/sql/ast/tree/expression/SqlTuple
instanceKlass org/hibernate/metamodel/mapping/DiscriminatedAssociationModelPart
instanceKlass org/hibernate/query/internal/BindingTypeHelper
instanceKlass org/hibernate/sql/exec/internal/JdbcParameterBindingImpl
instanceKlass org/hibernate/sql/ast/tree/predicate/AbstractPredicate
instanceKlass org/hibernate/sql/ast/tree/predicate/Junction
instanceKlass org/hibernate/sql/ast/tree/predicate/GroupedPredicate
instanceKlass org/hibernate/query/sqm/sql/internal/SqmParameterInterpretation
instanceKlass org/hibernate/sql/results/internal/RowTransformerStandardImpl
instanceKlass org/hibernate/query/spi/QueryParameterBindingValidator
instanceKlass org/hibernate/query/internal/QueryParameterBindingImpl
instanceKlass org/springframework/data/jpa/repository/query/QueryParameterSetterFactory$ParameterImpl
instanceKlass jakarta/persistence/Subgraph
instanceKlass org/hibernate/query/KeyedResultList
instanceKlass org/hibernate/query/KeyedPage
instanceKlass org/hibernate/query/Page
instanceKlass org/hibernate/query/Order
instanceKlass org/hibernate/transform/ResultTransformer
instanceKlass org/springframework/orm/jpa/SharedEntityManagerCreator$DeferredQueryInvocationHandler
instanceKlass com/sun/javafx/scene/control/ReadOnlyUnbackedObservableList$SelectionListIterator
instanceKlass javafx/scene/input/MouseEvent$1
instanceKlass javafx/scene/control/skin/VirtualFlow$9
instanceKlass javafx/scene/control/skin/ComboBoxPopupControl$3$1
instanceKlass javafx/scene/text/HitInfo
instanceKlass com/sun/javafx/scene/text/TextLayout$Hit
instanceKlass com/sun/javafx/fxml/MethodHelper
instanceKlass javafx/scene/input/Mnemonic
instanceKlass com/sun/glass/ui/Window$TrackingRectangle
instanceKlass com/sun/glass/ui/Window$UndecoratedMoveResizeHelper
instanceKlass com/sun/prism/impl/QueuedPixelSource
instanceKlass com/sun/prism/PixelSource
instanceKlass com/sun/javafx/scene/control/ContextMenuContent$StyleableProperties
instanceKlass javafx/scene/control/Toggle
instanceKlass com/sun/javafx/scene/control/ContextMenuContent$1
instanceKlass javafx/scene/control/skin/ContextMenuSkin$5
instanceKlass javafx/scene/control/skin/ContextMenuSkin$4
instanceKlass javafx/scene/control/skin/ContextMenuSkin$3
instanceKlass javafx/scene/control/skin/ContextMenuSkin$2
instanceKlass javafx/scene/control/skin/ContextMenuSkin$1
instanceKlass javafx/scene/control/skin/ContextMenuSkin
instanceKlass com/sun/javafx/tk/TKDragSourceListener
instanceKlass javafx/scene/Scene$DnDGesture
instanceKlass com/sun/glass/ui/win/WinClipboardDelegate
instanceKlass com/sun/glass/ui/Clipboard
instanceKlass javafx/util/Pair
instanceKlass com/sun/prism/impl/ps/CachingShapeRepState$CSRDisposerRecord
instanceKlass com/sun/prism/impl/ps/CachingShapeRepState$MaskTexData
instanceKlass com/sun/prism/impl/ps/CachingShapeRepState$CacheEntry
instanceKlass com/sun/prism/impl/ps/CachingShapeRepState$MaskCache
instanceKlass com/sun/prism/impl/ps/CachingShapeRepState
instanceKlass com/sun/prism/impl/ps/CachingShapeRep
instanceKlass com/sun/glass/ui/Size
instanceKlass com/sun/javafx/tk/quantum/CursorUtils$1
instanceKlass com/sun/javafx/geom/DirtyRegionPool$PoolItem
instanceKlass com/sun/javafx/tk/quantum/CursorUtils
instanceKlass com/sun/javafx/geom/transform/TransformHelper
instanceKlass com/sun/scenario/animation/AnimationPulse$PulseData
instanceKlass com/sun/scenario/animation/AnimationPulse$PulseData$Accessor
instanceKlass com/sun/scenario/animation/AnimationPulse$AnimationPulseHolder
instanceKlass com/sun/scenario/animation/AnimationPulse
instanceKlass com/sun/scenario/animation/AnimationPulseMBean
instanceKlass java/util/EnumMap$EnumMapIterator
instanceKlass com/sun/javafx/scene/input/InputEventUtils
instanceKlass javafx/scene/input/PickResult
instanceKlass javafx/scene/input/MouseEvent$Flags
instanceKlass com/sun/scenario/effect/impl/state/BoxRenderState$1
instanceKlass com/sun/prism/impl/shape/BasicShapeRep
instanceKlass com/sun/prism/shader/FillRoundRect_LinearGradient_PAD_Loader
instanceKlass com/sun/marlin/DualPivotQuicksort20191112Ext
instanceKlass java/lang/FdLibm$Cbrt
instanceKlass com/sun/javafx/geom/RoundRectIterator
instanceKlass com/sun/prism/shader/Texture_Color_Loader
instanceKlass com/sun/prism/shader/Solid_TextureRGB_Loader
instanceKlass com/sun/prism/MultiTexture
instanceKlass com/sun/scenario/effect/impl/BufferUtil
instanceKlass com/sun/javafx/image/impl/BaseByteToByteConverter
instanceKlass com/sun/javafx/image/impl/ByteGray$Accessor
instanceKlass com/sun/javafx/image/BytePixelAccessor
instanceKlass com/sun/javafx/image/ByteToBytePixelConverter
instanceKlass com/sun/javafx/image/PixelConverter
instanceKlass com/sun/javafx/image/BytePixelSetter
instanceKlass com/sun/javafx/image/PixelSetter
instanceKlass com/sun/javafx/image/BytePixelGetter
instanceKlass com/sun/javafx/image/impl/ByteGray
instanceKlass com/sun/prism/shader/Texture_LinearGradient_PAD_Loader
instanceKlass com/sun/marlin/ArrayCacheConst
instanceKlass com/sun/marlin/MaskMarlinAlphaConsumer
instanceKlass com/sun/marlin/Helpers
instanceKlass com/sun/prism/impl/shape/DMarlinPrismUtils
instanceKlass com/sun/marlin/DPQSSorterContext
instanceKlass com/sun/marlin/Dasher$LengthIterator
instanceKlass com/sun/marlin/Dasher
instanceKlass com/sun/marlin/Stroker
instanceKlass com/sun/marlin/ArrayCacheIntClean$Reference
instanceKlass com/sun/marlin/RendererContext$RendererSharedMemory
instanceKlass com/sun/marlin/ArrayCacheInt$Reference
instanceKlass com/sun/marlin/Helpers$IndexStack
instanceKlass com/sun/marlin/TransformingPathConsumer2D$PathClipFilter
instanceKlass com/sun/marlin/TransformingPathConsumer2D$StartFlagPathConsumer2D
instanceKlass com/sun/marlin/ArrayCacheByte$Reference
instanceKlass com/sun/marlin/ArrayCacheDouble$Reference
instanceKlass com/sun/marlin/Helpers$PolyStack
instanceKlass com/sun/marlin/TransformingPathConsumer2D$ClosedPathDetector
instanceKlass com/sun/marlin/TransformingPathConsumer2D$PathTracer
instanceKlass com/sun/marlin/TransformingPathConsumer2D$DeltaTransformFilter
instanceKlass com/sun/marlin/TransformingPathConsumer2D$DeltaScaleFilter
instanceKlass com/sun/marlin/TransformingPathConsumer2D$Path2DWrapper
instanceKlass com/sun/marlin/TransformingPathConsumer2D
instanceKlass com/sun/marlin/TransformingPathConsumer2D$CurveClipSplitter
instanceKlass com/sun/marlin/TransformingPathConsumer2D$CurveBasicMonotonizer
instanceKlass com/sun/marlin/ArrayCacheByte
instanceKlass com/sun/marlin/ArrayCacheDouble
instanceKlass com/sun/marlin/ArrayCacheInt
instanceKlass com/sun/marlin/ArrayCacheIntClean
instanceKlass com/sun/marlin/PathSimplifier
instanceKlass com/sun/marlin/CollinearSimplifier
instanceKlass com/sun/marlin/Curve
instanceKlass sun/misc/Unsafe
instanceKlass com/sun/marlin/OffHeapArray$1
instanceKlass com/sun/marlin/OffHeapArray
instanceKlass com/sun/marlin/MergeSort
instanceKlass com/sun/marlin/Version
instanceKlass jdk/internal/ref/CleanerImpl$InnocuousThreadFactory
instanceKlass com/sun/marlin/FloatMath
instanceKlass com/sun/marlin/MarlinUtils
instanceKlass com/sun/marlin/Renderer
instanceKlass com/sun/marlin/MarlinRenderer
instanceKlass com/sun/marlin/DPathConsumer2D
instanceKlass com/sun/util/reentrant/ReentrantContext
instanceKlass com/sun/util/reentrant/ReentrantContextProvider
instanceKlass com/sun/marlin/DMarlinRenderingEngine
instanceKlass com/sun/marlin/MarlinConst
instanceKlass com/sun/marlin/MarlinProperties
instanceKlass com/sun/marlin/MarlinAlphaConsumer
instanceKlass com/sun/openpisces/AlphaConsumer
instanceKlass com/sun/prism/impl/shape/DMarlinRasterizer
instanceKlass com/sun/prism/impl/shape/ShapeUtil$1
instanceKlass com/sun/prism/impl/shape/ShapeRasterizer
instanceKlass com/sun/prism/impl/shape/ShapeUtil
instanceKlass com/sun/javafx/sg/prism/NodeEffectInput$1
instanceKlass com/sun/scenario/effect/impl/prism/PrRenderInfo
instanceKlass com/sun/scenario/effect/ImageDataRenderer
instanceKlass com/sun/scenario/effect/impl/prism/PrEffectHelper
instanceKlass com/sun/javafx/geom/transform/AffineBase$1
instanceKlass com/sun/scenario/effect/impl/prism/ps/PPSRenderer$2
instanceKlass com/sun/scenario/effect/impl/prism/ps/PPSRenderer$1
instanceKlass com/sun/scenario/effect/impl/ImagePool
instanceKlass com/sun/scenario/effect/impl/hw/d3d/D3DShaderSource
instanceKlass com/sun/scenario/effect/impl/hw/ShaderSource
instanceKlass com/sun/scenario/effect/FloatMap
instanceKlass com/sun/scenario/effect/ImageData
instanceKlass com/sun/scenario/effect/impl/EffectPeer
instanceKlass com/sun/prism/ResourceFactoryListener
instanceKlass com/sun/prism/d3d/D3DPipeline$1
instanceKlass com/sun/scenario/effect/impl/prism/PrTexture
instanceKlass com/sun/scenario/effect/impl/PoolFilterable
instanceKlass com/sun/scenario/effect/impl/RendererFactory
instanceKlass com/sun/scenario/effect/impl/Renderer
instanceKlass com/sun/javafx/geom/transform/Affine2D$1
instanceKlass com/sun/prism/shader/DrawRoundRect_Color_Loader
instanceKlass com/sun/prism/shader/FillRoundRect_Color_Loader
instanceKlass com/sun/prism/impl/ps/BaseShaderContext$1
instanceKlass com/sun/prism/shader/FillPgram_LinearGradient_PAD_Loader
instanceKlass com/sun/prism/Image$Serial
instanceKlass javafx/scene/image/PixelFormat
instanceKlass com/sun/javafx/image/PixelGetter
instanceKlass com/sun/prism/Image$Accessor
instanceKlass com/sun/prism/Image
instanceKlass com/sun/prism/impl/ps/PaintHelper
instanceKlass com/sun/prism/paint/Stop
instanceKlass com/sun/prism/d3d/D3DTexture$1
instanceKlass com/sun/prism/impl/packrect/Level
instanceKlass com/sun/prism/impl/shape/MaskData
instanceKlass com/sun/prism/impl/GlyphCache$GlyphData
instanceKlass com/sun/prism/impl/BufferUtil
instanceKlass com/sun/prism/shader/Solid_TextureSecondPassLCD_Loader
instanceKlass com/sun/prism/shader/Solid_TextureFirstPassLCD_Loader
instanceKlass com/sun/prism/impl/packrect/RectanglePacker
instanceKlass com/sun/prism/impl/GlyphCache
instanceKlass com/sun/javafx/font/directwrite/DWRITE_MATRIX
instanceKlass com/sun/prism/PrinterGraphics
instanceKlass com/sun/prism/d3d/D3DContext$1
instanceKlass com/sun/prism/shader/FillPgram_Color_Loader
instanceKlass com/sun/javafx/geom/transform/Affine3D$1
instanceKlass com/sun/prism/impl/BaseGraphicsResource
instanceKlass com/sun/prism/impl/Disposer$Target
instanceKlass com/sun/prism/impl/Disposer
instanceKlass com/sun/prism/impl/PrismTrace
instanceKlass com/sun/prism/d3d/D3DResource$D3DRecord
instanceKlass com/sun/prism/impl/Disposer$Record
instanceKlass com/sun/prism/impl/BaseTexture
instanceKlass com/sun/prism/d3d/D3DContextSource
instanceKlass com/sun/prism/ReadbackRenderTarget
instanceKlass com/sun/prism/d3d/D3DRenderTarget
instanceKlass com/sun/prism/impl/BaseResourcePool$WeakLinkedList
instanceKlass com/sun/prism/impl/ManagedResource
instanceKlass com/sun/prism/impl/BaseResourcePool$Predicate
instanceKlass com/sun/prism/impl/BaseResourcePool
instanceKlass com/sun/javafx/geom/Path2D$SVGParser
instanceKlass com/sun/javafx/sg/prism/EffectFilter
instanceKlass com/sun/scenario/effect/GaussianShadow$1
instanceKlass com/sun/javafx/tk/Toolkit$1
instanceKlass com/sun/scenario/effect/impl/state/LinearConvolveRenderState
instanceKlass com/sun/scenario/effect/Color4f
instanceKlass com/sun/scenario/effect/impl/state/LinearConvolveKernel
instanceKlass com/sun/scenario/effect/impl/state/RenderState
instanceKlass com/sun/javafx/sg/prism/CacheFilter
instanceKlass javafx/scene/effect/Effect$2
instanceKlass com/sun/javafx/geometry/BoundsUtils
instanceKlass javafx/scene/control/TextInputControl$TextInputControlFromatterAccessor
instanceKlass javafx/animation/Animation$7
instanceKlass com/sun/javafx/scene/traversal/TabOrderHelper
instanceKlass com/sun/javafx/scene/control/ResizeHelper
instanceKlass javafx/scene/layout/Region$12
instanceKlass javafx/scene/Parent$5
instanceKlass com/sun/javafx/tk/FontMetrics
instanceKlass com/sun/javafx/font/PrismFontUtils
instanceKlass com/sun/javafx/font/PrismFontFactory$TTFilter
instanceKlass jdk/internal/icu/impl/UCharacterProperty$IsAcceptable
instanceKlass jdk/internal/icu/impl/UCharacterProperty$IntProperty
instanceKlass jdk/internal/icu/impl/UCharacterProperty
instanceKlass com/sun/javafx/scene/control/behavior/MnemonicInfo
instanceKlass com/sun/javafx/scene/control/SizeLimitedList
instanceKlass com/sun/javafx/scene/control/ListenerHelper$MaChLi
instanceKlass javafx/scene/control/skin/TableViewSkinBase$1
instanceKlass javafx/scene/control/skin/TableColumnHeader$StyleableProperties
instanceKlass javafx/scene/control/skin/TableSkinUtils
instanceKlass javafx/scene/control/skin/ComboBoxPopupControl$2
instanceKlass javafx/scene/control/skin/DatePickerSkin$1
instanceKlass com/sun/javafx/text/ScriptMapper
instanceKlass jdk/internal/icu/text/BidiLine
instanceKlass jdk/internal/icu/text/UTF16
instanceKlass jdk/internal/icu/impl/Trie2$UTrie2Header
instanceKlass jdk/internal/icu/impl/Trie2$1
instanceKlass jdk/internal/icu/impl/Trie2$ValueMapper
instanceKlass jdk/internal/icu/impl/Trie2
instanceKlass jdk/internal/icu/impl/UBiDiProps$IsAcceptable
instanceKlass jdk/internal/icu/impl/UBiDiProps
instanceKlass jdk/internal/icu/text/BidiBase$Point
instanceKlass jdk/internal/icu/text/BidiBase$InsertPoints
instanceKlass jdk/internal/icu/text/BidiRun
instanceKlass jdk/internal/icu/text/BidiBase$ImpTabPair
instanceKlass jdk/internal/icu/text/BidiBase
instanceKlass java/text/Bidi
instanceKlass javafx/scene/control/skin/CellSkinBase$StyleableProperties
instanceKlass com/sun/javafx/scene/control/behavior/ListViewBehavior$2
instanceKlass com/sun/javafx/scene/control/behavior/ListViewBehavior$1
instanceKlass javafx/scene/control/skin/ListViewSkin$1
instanceKlass javafx/collections/WeakMapChangeListener
instanceKlass javafx/scene/control/skin/VirtualFlow$3
instanceKlass javafx/scene/control/skin/VirtualFlow$2
instanceKlass javafx/scene/control/skin/VirtualFlow$1
instanceKlass javafx/scene/shape/SVGPath$1
instanceKlass com/sun/javafx/scene/shape/SVGPathHelper$SVGPathAccessor
instanceKlass javafx/scene/control/skin/ComboBoxPopupControl$1
instanceKlass javafx/scene/control/ListCell$3
instanceKlass javafx/scene/control/ListCell$2
instanceKlass javafx/scene/control/ListCell$1
instanceKlass javafx/scene/control/Cell$1
instanceKlass javafx/scene/control/skin/ComboBoxListViewSkin$2
instanceKlass javafx/scene/control/ListView$StyleableProperties
instanceKlass javafx/scene/control/ListView$ListViewFocusModel$1
instanceKlass java/util/BitSet$1BitSetSpliterator
instanceKlass javafx/scene/control/ListView$ListViewBitSetSelectionModel$1
instanceKlass javafx/scene/control/ListView$ListViewBitSetSelectionModel$2
instanceKlass javafx/scene/control/skin/ComboBoxListViewSkin$1
instanceKlass com/sun/javafx/font/directwrite/DWRITE_GLYPH_METRICS
instanceKlass com/sun/javafx/font/directwrite/DWRITE_GLYPH_RUN
instanceKlass com/sun/javafx/font/directwrite/RECT
instanceKlass com/sun/javafx/font/directwrite/D2D1_MATRIX_3X2_F
instanceKlass com/sun/javafx/font/directwrite/D2D1_COLOR_F
instanceKlass com/sun/javafx/font/directwrite/DWGlyph
instanceKlass com/sun/javafx/font/CMap
instanceKlass com/sun/javafx/font/Glyph
instanceKlass java/lang/FdLibm
instanceKlass java/lang/FdLibm$Hypot
instanceKlass com/sun/javafx/geom/Path2D$Iterator
instanceKlass com/sun/javafx/scene/shape/PathUtils
instanceKlass javafx/scene/control/skin/TextFieldSkin$8
instanceKlass javafx/scene/control/skin/TextInputControlSkin$StyleableProperties
instanceKlass javafx/scene/control/skin/TextInputControlSkin$6
instanceKlass javafx/scene/shape/LineTo$1
instanceKlass com/sun/javafx/scene/shape/LineToHelper$LineToAccessor
instanceKlass com/sun/javafx/util/WeakReferenceQueue$1
instanceKlass javafx/scene/shape/MoveTo$1
instanceKlass com/sun/javafx/scene/shape/PathElementHelper
instanceKlass javafx/scene/shape/PathElement$1
instanceKlass com/sun/javafx/scene/shape/MoveToHelper$MoveToAccessor
instanceKlass com/sun/javafx/scene/shape/PathElementHelper$PathElementAccessor
instanceKlass javafx/scene/text/Text$10
instanceKlass com/sun/javafx/text/TextLine
instanceKlass com/sun/javafx/font/PrismMetrics
instanceKlass com/sun/javafx/text/LayoutCache
instanceKlass com/sun/javafx/text/TextRun
instanceKlass javafx/scene/shape/Shape$StrokeAttributes
instanceKlass javafx/beans/binding/Bindings$ShortCircuitAndInvalidator
instanceKlass javafx/scene/Group$1
instanceKlass com/sun/javafx/scene/GroupHelper$GroupAccessor
instanceKlass com/sun/javafx/scene/control/behavior/TextInputControlBehavior$2
instanceKlass com/sun/javafx/scene/control/inputmap/KeyBinding$1
instanceKlass javafx/scene/shape/Path$1
instanceKlass com/sun/javafx/scene/shape/PathHelper$PathAccessor
instanceKlass javafx/animation/KeyValue
instanceKlass com/sun/scenario/animation/shared/InterpolationInterval
instanceKlass com/sun/scenario/animation/shared/ClipInterpolator
instanceKlass javafx/animation/KeyFrame
instanceKlass com/sun/scenario/animation/shared/TimelineClipCore
instanceKlass com/sun/scenario/animation/shared/ClipEnvelope
instanceKlass javafx/animation/Animation$1
instanceKlass javafx/util/Duration
instanceKlass com/sun/scenario/animation/shared/AnimationAccessor
instanceKlass javafx/animation/Animation
instanceKlass javafx/scene/control/skin/TextInputControlSkin$CaretBlinking
instanceKlass com/sun/javafx/scene/control/Properties
instanceKlass com/sun/javafx/cursor/CursorFrame
instanceKlass com/sun/scenario/effect/EffectHelper
instanceKlass javafx/scene/effect/Effect$1
instanceKlass com/sun/scenario/effect/EffectHelper$EffectAccessor
instanceKlass javafx/scene/control/ScrollBar$StyleableProperties
instanceKlass javafx/scene/control/Separator$StyleableProperties
instanceKlass javafx/scene/control/TableView$StyleableProperties
instanceKlass com/sun/javafx/scene/control/skin/resources/ControlResources
instanceKlass javafx/scene/control/DatePicker$StyleableProperties
instanceKlass javafx/scene/control/TextInputControl$StyleableProperties
instanceKlass javafx/scene/control/TextField$StyleableProperties
instanceKlass javafx/scene/shape/Rectangle$StyleableProperties
instanceKlass com/sun/javafx/geom/PathIterator
instanceKlass javafx/scene/shape/Rectangle$1
instanceKlass com/sun/javafx/scene/shape/RectangleHelper$RectangleAccessor
instanceKlass javafx/scene/control/skin/ScrollPaneSkin$2
instanceKlass javafx/scene/control/skin/ScrollPaneSkin$1
instanceKlass javafx/scene/layout/BorderStroke
instanceKlass javafx/scene/layout/BorderStrokeStyle
instanceKlass javafx/scene/paint/Stop
instanceKlass com/sun/javafx/scene/control/LambdaMultiplePropertyChangeListenerHandler
instanceKlass javafx/beans/property/BooleanPropertyBase$Listener
instanceKlass javafx/scene/text/Text$TextAttribute
instanceKlass com/sun/javafx/font/Disposer$1
instanceKlass com/sun/javafx/font/Disposer
instanceKlass com/sun/javafx/font/CompositeStrikeDisposer
instanceKlass com/sun/javafx/font/Metrics
instanceKlass com/sun/javafx/font/CompositeStrike
instanceKlass com/sun/javafx/font/FontStrikeDesc
instanceKlass javafx/scene/shape/Shape$StyleableProperties
instanceKlass javafx/scene/text/Text$StyleableProperties
instanceKlass com/sun/javafx/scene/control/inputmap/KeyBinding
instanceKlass com/sun/javafx/scene/control/inputmap/InputMap$Mapping
instanceKlass com/sun/javafx/scene/control/behavior/FocusTraversalInputMap
instanceKlass com/sun/javafx/scene/control/inputmap/InputMap
instanceKlass com/sun/javafx/scene/control/ControlAcceleratorSupport$IdentityWrapperListChangeListener
instanceKlass com/sun/javafx/scene/control/ControlAcceleratorSupport
instanceKlass javafx/stage/PopupWindow$3
instanceKlass com/sun/javafx/util/TempState
instanceKlass javafx/stage/PopupWindow$2
instanceKlass javafx/stage/PopupWindow$1
instanceKlass com/sun/javafx/stage/PopupWindowHelper$PopupWindowAccessor
instanceKlass com/sun/javafx/scene/control/LabeledImpl$StyleableProperties
instanceKlass com/sun/javafx/scene/control/LabeledImpl$Shuttler
instanceKlass com/sun/javafx/scene/control/behavior/BehaviorBase
instanceKlass com/sun/javafx/font/FallbackResource
instanceKlass com/sun/javafx/font/PrismCompositeFontResource
instanceKlass java/io/RandomAccessFile$1
instanceKlass com/sun/javafx/font/PrismFontFile$DirectoryEntry
instanceKlass com/sun/javafx/font/FontFileReader$Buffer
instanceKlass com/sun/javafx/font/FontFileReader
instanceKlass com/sun/javafx/font/PrismFontStrike
instanceKlass com/sun/javafx/font/DisposerRecord
instanceKlass com/sun/javafx/font/WindowsFontMap$FamilyDescription
instanceKlass com/sun/javafx/font/WindowsFontMap
instanceKlass com/sun/javafx/scene/control/Logging
instanceKlass com/sun/javafx/scene/control/ListenerHelper$1
instanceKlass com/sun/javafx/scene/KeyboardShortcutsHandler$CopyOnWriteMap$1$1
instanceKlass com/sun/javafx/scene/traversal/TraverseListener
instanceKlass com/sun/javafx/scene/control/ListenerHelper$LiChLi
instanceKlass javafx/beans/property/ObjectPropertyBase$Listener
instanceKlass javafx/beans/value/WritableLongValue
instanceKlass javafx/beans/value/WritableFloatValue
instanceKlass com/sun/javafx/binding/BidirectionalBinding
instanceKlass javafx/beans/property/StringPropertyBase$Listener
instanceKlass javafx/beans/value/WeakChangeListener
instanceKlass javafx/scene/control/skin/MenuBarSkin$1
instanceKlass javafx/scene/control/SkinBase$StyleableProperties
instanceKlass com/sun/javafx/FXPermissions
instanceKlass com/sun/javafx/scene/control/ListenerHelper$ChLi
instanceKlass com/sun/javafx/scene/control/ListenerHelper$InLi
instanceKlass com/sun/javafx/scene/control/ListenerHelper$EvHa
instanceKlass com/sun/javafx/scene/control/ListenerHelper
instanceKlass com/sun/javafx/scene/control/IDisconnectable
instanceKlass javafx/scene/control/SkinBase
instanceKlass com/sun/javafx/scene/layout/ScaledMath
instanceKlass javafx/scene/layout/BackgroundFill
instanceKlass com/sun/javafx/css/StyleCacheEntry
instanceKlass javafx/css/Style
instanceKlass javafx/css/Match
instanceKlass com/sun/javafx/css/CalculatedValue
instanceKlass com/sun/javafx/css/StyleCacheEntry$Key
instanceKlass com/sun/javafx/css/StyleCache
instanceKlass javafx/scene/layout/HBox$StyleableProperties
instanceKlass javafx/scene/layout/VBox$StyleableProperties
instanceKlass javafx/scene/layout/StackPane$StyleableProperties
instanceKlass javafx/scene/Node$22
instanceKlass jdk/jfr/FlightRecorder
instanceKlass com/sun/javafx/logging/PrintLogger$PulseData
instanceKlass com/sun/javafx/logging/Logger
instanceKlass com/sun/javafx/logging/PulseLogger
instanceKlass com/sun/javafx/geom/DirtyRegionContainer
instanceKlass com/sun/javafx/geom/DirtyRegionPool
instanceKlass com/sun/javafx/sg/prism/NodePath
instanceKlass javafx/scene/Scene$InputMethodRequestsDelegate
instanceKlass com/sun/javafx/scene/input/ExtendedInputMethodRequests
instanceKlass javafx/scene/Scene$DropTargetListener
instanceKlass com/sun/javafx/util/WeakReferenceQueue
instanceKlass com/sun/javafx/scene/transform/TransformUtils
instanceKlass javafx/scene/ParallelCamera$1
instanceKlass javafx/scene/Camera$1
instanceKlass com/sun/javafx/scene/ParallelCameraHelper$ParallelCameraAccessor
instanceKlass com/sun/javafx/scene/CameraHelper$CameraAccessor
instanceKlass com/sun/scenario/effect/impl/state/AccessHelper
instanceKlass com/sun/scenario/effect/impl/state/AccessHelper$StateAccessor
instanceKlass com/sun/javafx/geom/Rectangle
instanceKlass com/sun/prism/paint/Paint
instanceKlass com/sun/scenario/effect/Effect
instanceKlass javafx/scene/Scene$ScenePeerPaintListener
instanceKlass javafx/scene/Scene$ScenePeerListener
instanceKlass com/sun/javafx/tk/quantum/SwipeGestureRecognizer$CenterComputer
instanceKlass com/sun/javafx/tk/quantum/SwipeGestureRecognizer$MultiTouchTracker
instanceKlass com/sun/javafx/tk/quantum/SwipeGestureRecognizer
instanceKlass com/sun/javafx/tk/quantum/GestureRecognizers
instanceKlass com/sun/javafx/tk/quantum/GlassSceneDnDEventHandler
instanceKlass com/sun/javafx/tk/quantum/GlassViewEventHandler$ViewEventNotification
instanceKlass com/sun/javafx/tk/quantum/GlassViewEventHandler$MouseEventNotification
instanceKlass com/sun/javafx/tk/quantum/GlassViewEventHandler$KeyEventNotification
instanceKlass com/sun/javafx/tk/quantum/GestureRecognizer
instanceKlass com/sun/javafx/tk/quantum/GlassTouchEventListener
instanceKlass com/sun/prism/PresentableState
instanceKlass com/sun/javafx/tk/quantum/ViewPainter
instanceKlass com/sun/glass/ui/View$EventHandler
instanceKlass com/sun/glass/ui/ClipboardAssistance
instanceKlass com/sun/glass/ui/TouchInputSupport$TouchCountListener
instanceKlass com/sun/glass/ui/TouchInputSupport
instanceKlass com/sun/glass/ui/GestureSupport$GestureState
instanceKlass com/sun/glass/ui/GestureSupport
instanceKlass com/sun/glass/ui/win/WinGestureSupport
instanceKlass com/sun/javafx/tk/quantum/WindowStage$1
instanceKlass javafx/scene/input/KeyCombination$Modifier
instanceKlass com/sun/glass/ui/Window$EventHandler
instanceKlass com/sun/javafx/tk/quantum/GlassStage
instanceKlass com/sun/javafx/event/EventUtil
instanceKlass javafx/scene/control/ScrollPane$StyleableProperties
instanceKlass javafx/scene/control/Labeled$StyleableProperties
instanceKlass javafx/scene/control/Control$StyleableProperties
instanceKlass javafx/scene/control/MenuBar$StyleableProperties
instanceKlass com/sun/javafx/css/StyleCache$Key
instanceKlass javafx/scene/CssStyleHelper$CacheContainer
instanceKlass com/sun/javafx/css/CascadingStyle
instanceKlass com/sun/javafx/css/StyleMap
instanceKlass com/sun/javafx/css/StyleManager$Cache$Key
instanceKlass com/sun/javafx/css/StyleManager$Cache
instanceKlass com/sun/javafx/css/StyleManager$Key
instanceKlass javafx/scene/paint/Color$NamedColors
instanceKlass javafx/css/CssParser$Term
instanceKlass com/sun/javafx/logging/PlatformLogger$1
instanceKlass com/sun/javafx/css/parser/Token
instanceKlass com/sun/javafx/css/parser/Recognizer
instanceKlass com/sun/javafx/css/parser/LexerState
instanceKlass javafx/css/CssLexer
instanceKlass javafx/css/FontFace
instanceKlass javafx/css/CssParser$ParseError
instanceKlass javafx/css/CssParser
instanceKlass com/sun/javafx/css/StyleManager$CacheContainer
instanceKlass javafx/css/converter/FontConverter$FontStyleConverter$Holder
instanceKlass javafx/css/converter/FontConverter$Holder
instanceKlass com/sun/javafx/font/PrismFont
instanceKlass com/sun/javafx/font/CharToGlyphMapper
instanceKlass com/sun/javafx/font/FontStrike
instanceKlass com/sun/javafx/font/LogicalFont
instanceKlass com/sun/javafx/font/CompositeFontResource
instanceKlass com/sun/javafx/font/directwrite/IUnknown
instanceKlass com/sun/javafx/font/directwrite/OS
instanceKlass com/sun/javafx/font/FontFallbackInfo
instanceKlass com/sun/javafx/text/GlyphLayout
instanceKlass com/sun/javafx/font/PrismFontFile
instanceKlass com/sun/javafx/font/FontConstants
instanceKlass com/sun/javafx/scene/text/FontHelper
instanceKlass javafx/scene/text/Font$1
instanceKlass com/sun/javafx/scene/text/FontHelper$FontAccessor
instanceKlass javafx/scene/CssStyleHelper
instanceKlass javafx/scene/Scene$ClickCounter
instanceKlass javafx/scene/Scene$ClickGenerator
instanceKlass javafx/scene/Scene$MouseHandler$1
instanceKlass com/sun/javafx/event/EventQueue
instanceKlass javafx/scene/Scene$MouseHandler
instanceKlass com/sun/javafx/scene/traversal/TraversalEngine$BaseEngineContext
instanceKlass com/sun/javafx/scene/traversal/ContainerTabOrder
instanceKlass com/sun/javafx/scene/traversal/Algorithm
instanceKlass com/sun/javafx/scene/traversal/TraversalContext
instanceKlass javafx/scene/Scene$TouchMap
instanceKlass javafx/scene/Scene$TouchGesture
instanceKlass javafx/scene/Scene$TargetWrapper
instanceKlass javafx/scene/Scene$ScenePulseListener
instanceKlass javafx/scene/SceneAntialiasing
instanceKlass com/sun/javafx/scene/SceneHelper
instanceKlass javafx/scene/Scene$2
instanceKlass com/sun/javafx/tk/TKDropTargetListener
instanceKlass com/sun/javafx/tk/TKScenePaintListener
instanceKlass com/sun/javafx/tk/TKSceneListener
instanceKlass com/sun/javafx/scene/SceneHelper$SceneAccessor
instanceKlass com/sun/javafx/perf/PerformanceTracker$SceneAccessor
instanceKlass jdk/internal/access/foreign/MemorySegmentProxy
instanceKlass org/hibernate/internal/util/collections/IdentityMap$IdentityKey
instanceKlass org/hibernate/internal/util/collections/IdentityMap
instanceKlass org/hibernate/engine/spi/CollectionEntry
instanceKlass org/hibernate/collection/spi/PersistentCollection$1
instanceKlass org/hibernate/collection/spi/AbstractPersistentCollection$DelayedOperation
instanceKlass org/hibernate/collection/spi/AbstractPersistentCollection$LazyInitializationWork
instanceKlass org/hibernate/collection/spi/AbstractPersistentCollection
instanceKlass org/hibernate/sql/results/graph/collection/LoadingCollectionEntry
instanceKlass org/hibernate/sql/results/graph/collection/CollectionLoadingLogger
instanceKlass org/hibernate/engine/spi/CollectionKey
instanceKlass org/hibernate/sql/results/graph/collection/internal/CollectionAssembler
instanceKlass org/hibernate/engine/jdbc/internal/JdbcCoordinatorImpl$1
instanceKlass org/springframework/data/repository/core/support/QueryExecutionResultHandler$ReturnTypeDescriptor
instanceKlass org/springframework/data/repository/core/support/RepositoryMethodInvoker$RepositoryMethodInvocationCaptor$1
instanceKlass org/springframework/data/repository/core/support/RepositoryMethodInvocationListener$RepositoryMethodInvocation
instanceKlass org/springframework/data/jpa/repository/query/AbstractJpaQuery$TupleConverter
instanceKlass org/hibernate/event/internal/DefaultPostLoadEventListener$1
instanceKlass org/hibernate/sql/exec/internal/CallbackImpl
instanceKlass org/hibernate/engine/internal/ManagedTypeHelper$ManagedEntityConsumer
instanceKlass org/hibernate/engine/internal/ManagedTypeHelper$SelfDirtinessTrackerConsumer
instanceKlass org/hibernate/engine/internal/EntityEntryContext$ManagedEntityImpl
instanceKlass org/hibernate/engine/internal/AbstractEntityEntry$EnumState
instanceKlass org/hibernate/engine/spi/EntityEntryExtraState
instanceKlass org/hibernate/engine/internal/AbstractEntityEntry
instanceKlass org/hibernate/bytecode/enhance/spi/LazyPropertyInitializer$1
instanceKlass org/hibernate/sql/results/graph/embeddable/internal/EmbeddableAssembler
instanceKlass org/hibernate/engine/internal/ManagedTypeHelper$PersistentAttributeInterceptableAction
instanceKlass org/hibernate/engine/internal/StatefulPersistenceContext$EntityHolderImpl
instanceKlass org/hibernate/engine/spi/EntityKey
instanceKlass org/hibernate/type/descriptor/JdbcExtractingLogging
instanceKlass org/hibernate/sql/results/graph/entity/EntityLoadingLogging
instanceKlass org/hibernate/engine/jdbc/spi/JdbcWrapper
instanceKlass org/hibernate/engine/jdbc/internal/BasicFormatterImpl$FormatProcess
instanceKlass org/hibernate/engine/jdbc/internal/StatementPreparerImpl$StatementPreparationTemplate
instanceKlass org/hibernate/engine/jdbc/internal/StatementPreparerImpl
instanceKlass org/hibernate/sql/results/spi/LoadContexts
instanceKlass org/hibernate/sql/results/LoadingLogger
instanceKlass org/hibernate/sql/results/internal/StandardRowReader
instanceKlass org/hibernate/sql/results/internal/InitializersList
instanceKlass org/hibernate/sql/results/graph/entity/internal/AbstractBatchEntitySelectFetchInitializer
instanceKlass org/hibernate/sql/results/graph/collection/internal/AbstractCollectionInitializer
instanceKlass org/hibernate/sql/results/graph/entity/internal/DiscriminatedEntityInitializer
instanceKlass org/hibernate/sql/results/graph/entity/internal/EntitySelectFetchInitializer
instanceKlass org/hibernate/sql/results/graph/entity/internal/EntityDelayedFetchInitializer
instanceKlass org/hibernate/sql/results/internal/NavigablePathMapToInitializer$InitializerHolder
instanceKlass org/hibernate/sql/results/ResultsLogger
instanceKlass org/hibernate/sql/results/graph/FetchParentAccess$1
instanceKlass org/hibernate/sql/results/graph/AbstractFetchParentAccess
instanceKlass org/hibernate/sql/results/graph/entity/internal/EntityAssembler
instanceKlass org/hibernate/sql/results/internal/ResultsHelper$1
instanceKlass org/hibernate/sql/results/internal/InitializersList$Builder
instanceKlass org/hibernate/sql/results/internal/NavigablePathMapToInitializer
instanceKlass org/hibernate/sql/results/spi/RowReader
instanceKlass org/hibernate/sql/results/graph/AssemblerCreationState
instanceKlass org/hibernate/sql/results/internal/ResultsHelper
instanceKlass org/hibernate/sql/results/jdbc/internal/JdbcValuesSourceProcessingStateStandardImpl
instanceKlass org/hibernate/sql/exec/internal/JdbcSelectExecutorStandardImpl$1
instanceKlass org/hibernate/sql/results/caching/QueryCachePutManager
instanceKlass org/hibernate/sql/results/jdbc/internal/AbstractJdbcValues
instanceKlass org/hibernate/sql/exec/SqlExecLogger
instanceKlass org/hibernate/sql/exec/internal/JdbcExecHelper
instanceKlass org/hibernate/dialect/pagination/AbstractLimitHandler
instanceKlass org/hibernate/sql/results/jdbc/internal/AbstractResultSetAccess
instanceKlass org/hibernate/sql/results/spi/ListResultsConsumer$1
instanceKlass org/hibernate/sql/results/spi/ListResultsConsumer$Results
instanceKlass org/hibernate/sql/results/jdbc/spi/JdbcValuesSourceProcessingState
instanceKlass org/hibernate/sql/results/spi/ListResultsConsumer
instanceKlass org/hibernate/query/spi/DelegatingQueryOptions
instanceKlass org/hibernate/sql/results/jdbc/spi/RowProcessingState
instanceKlass org/hibernate/sql/exec/internal/JdbcSelectExecutorStandardImpl
instanceKlass org/hibernate/engine/spi/SubselectFetch$StandardRegistrationHandler
instanceKlass org/hibernate/engine/spi/SubselectFetch$1
instanceKlass org/hibernate/engine/spi/SubselectFetch$RegistrationHandler
instanceKlass org/hibernate/engine/spi/SubselectFetch
instanceKlass org/hibernate/engine/spi/BatchFetchQueue
instanceKlass org/hibernate/sql/exec/internal/JdbcParameterBindingsImpl
instanceKlass org/hibernate/query/sqm/internal/ConcreteSqmSelectQueryPlan$2
instanceKlass org/hibernate/query/sqm/sql/StandardSqmTranslation
instanceKlass org/hibernate/sql/ast/tree/select/SortSpecification
instanceKlass org/hibernate/sql/results/graph/instantiation/internal/DynamicInstantiation
instanceKlass org/hibernate/query/sqm/sql/internal/AbstractSqmPathInterpretation
instanceKlass org/hibernate/query/derived/AnonymousTupleEntityValuedModelPart
instanceKlass java/util/AbstractMap$SimpleEntry
instanceKlass org/hibernate/persister/entity/EntityNameUse
instanceKlass org/hibernate/query/sqm/sql/BaseSqmToSqlAstConverter$SqmAliasedNodePositionTracker
instanceKlass org/hibernate/query/sqm/sql/BaseSqmToSqlAstConverter$CteContainerImpl
instanceKlass org/hibernate/query/sqm/sql/SqmTranslation
instanceKlass org/hibernate/FlushMode$1
instanceKlass org/hibernate/query/spi/ScrollableResultsImplementor
instanceKlass org/hibernate/query/sqm/internal/ConcreteSqmSelectQueryPlan$CacheableSqmInterpretation
instanceKlass org/hibernate/query/sqm/internal/ConcreteSqmSelectQueryPlan$SqmInterpreter
instanceKlass org/hibernate/sql/results/internal/RowTransformerSingularReturnImpl
instanceKlass org/hibernate/sql/exec/internal/BaseExecutionContext
instanceKlass org/hibernate/query/sqm/spi/SqmParameterMappingModelResolutionAccess
instanceKlass org/hibernate/query/sqm/internal/ConcreteSqmSelectQueryPlan
instanceKlass org/hibernate/query/sqm/tree/SqmDeleteOrUpdateStatement
instanceKlass org/hibernate/query/hql/internal/QuerySplitter
instanceKlass org/hibernate/query/sqm/internal/SqmInterpretationsKey
instanceKlass org/hibernate/query/sqm/internal/AppliedGraphs
instanceKlass org/springframework/data/jpa/repository/Lock
instanceKlass org/springframework/data/jpa/repository/EntityGraph
instanceKlass org/springframework/data/jpa/repository/Meta
instanceKlass org/springframework/data/domain/Unpaged
instanceKlass org/springframework/data/domain/Limit$Unlimited
instanceKlass org/springframework/data/jpa/repository/query/QueryParameterSetter$QueryMetadata
instanceKlass org/hibernate/query/sqm/internal/SqmUtil$ParameterResolutionsImpl
instanceKlass org/hibernate/query/sqm/spi/BaseSemanticQueryWalker
instanceKlass org/hibernate/query/sqm/internal/SqmUtil$CriteriaParameterCollector
instanceKlass org/hibernate/internal/util/NullnessUtil
instanceKlass org/hibernate/query/sqm/internal/SimpleSqmCopyContext
instanceKlass org/hibernate/query/sqm/tree/SqmCopyContext
instanceKlass org/hibernate/query/criteria/spi/HibernateCriteriaBuilderDelegate
instanceKlass org/springframework/data/repository/core/support/RepositoryMethodInvocationListener$RepositoryMethodInvocationResult
instanceKlass org/springframework/data/repository/core/support/RepositoryMethodInvoker$RepositoryMethodInvocationCaptor
instanceKlass org/springframework/data/repository/core/support/RepositoryMethodInvoker$Invokable
instanceKlass org/springframework/orm/jpa/vendor/HibernateJpaDialect$HibernateConnectionHandle
instanceKlass org/springframework/orm/jpa/vendor/HibernateJpaDialect$SessionTransactionData
instanceKlass org/hibernate/engine/transaction/internal/TransactionImpl
instanceKlass org/springframework/jdbc/datasource/DataSourceUtils
instanceKlass org/springframework/transaction/support/ResourceTransactionDefinition
instanceKlass org/springframework/transaction/support/ResourceHolderSupport
instanceKlass org/springframework/transaction/support/ResourceHolder
instanceKlass org/springframework/transaction/support/DelegatingTransactionDefinition
instanceKlass org/springframework/transaction/support/CallbackPreferringPlatformTransactionManager
instanceKlass org/springframework/aop/framework/ReflectiveMethodInvocation
instanceKlass org/springframework/aop/ProxyMethodInvocation
instanceKlass javafx/beans/property/DoublePropertyBase$Listener
instanceKlass com/sun/javafx/binding/DoubleConstant
instanceKlass javafx/beans/value/ObservableLongValue
instanceKlass javafx/beans/value/ObservableFloatValue
instanceKlass javafx/beans/binding/Bindings
instanceKlass javafx/css/converter/CursorConverter$Holder
instanceKlass javafx/scene/Node$StyleableProperties
instanceKlass com/sun/javafx/scene/layout/region/BorderImageSlices
instanceKlass javafx/scene/layout/BackgroundSize
instanceKlass javafx/scene/layout/BackgroundPosition
instanceKlass com/sun/javafx/scene/layout/region/RepeatStruct
instanceKlass javafx/scene/layout/Region$StyleableProperties
instanceKlass com/jobwork/util/FormUtil
instanceKlass com/sun/javafx/collections/VetoableListDecorator$ModCountAccessorImpl
instanceKlass com/sun/javafx/collections/VetoableListDecorator$VetoableIteratorDecorator
instanceKlass javafx/scene/control/TableUtil
instanceKlass javafx/scene/control/TableColumn$1
instanceKlass com/sun/javafx/scene/control/TableColumnBaseHelper
instanceKlass javafx/scene/control/TableColumnBase$1
instanceKlass com/sun/javafx/scene/control/TableColumnBaseHelper$TableColumnBaseAccessor
instanceKlass javafx/scene/control/TableView$3
instanceKlass javafx/scene/control/TableView$TableViewFocusModel$1
instanceKlass javafx/scene/control/FocusModel
instanceKlass javafx/collections/transformation/SortedList$ElementComparator
instanceKlass javafx/collections/transformation/SortedList$Element
instanceKlass com/sun/javafx/collections/SortHelper
instanceKlass javafx/scene/control/TableView$TableViewArrayListSelectionModel$1
instanceKlass javafx/scene/control/TablePositionBase
instanceKlass com/sun/javafx/scene/control/SelectedCellsMap
instanceKlass javafx/scene/control/TableView$4
instanceKlass javafx/scene/control/TableView$2
instanceKlass javafx/scene/control/ResizeFeaturesBase
instanceKlass javafx/scene/control/ConstrainedColumnResizeBase
instanceKlass javafx/scene/control/TableView$1
instanceKlass javafx/scene/control/ComboBox$ComboBoxSelectionModel$1
instanceKlass javafx/scene/control/ComboBox$ComboBoxSelectionModel$2
instanceKlass javafx/scene/control/ComboBox$3
instanceKlass javafx/scene/control/SelectionModel
instanceKlass javafx/scene/control/TextFormatter$Change
instanceKlass javafx/scene/control/TextFormatter
instanceKlass javafx/beans/property/IntegerPropertyBase$Listener
instanceKlass com/sun/javafx/binding/BindingHelperObserver
instanceKlass javafx/scene/control/TextInputControl$UndoRedoChange
instanceKlass javafx/scene/control/IndexRange
instanceKlass javafx/scene/control/TextInputControl$ContentBase
instanceKlass javafx/beans/value/ObservableIntegerValue
instanceKlass javafx/beans/value/WritableIntegerValue
instanceKlass javafx/scene/control/TextInputControl$Content
instanceKlass com/sun/javafx/scene/control/FormatterAccessor
instanceKlass com/sun/javafx/reflect/Trampoline
instanceKlass com/sun/javafx/reflect/MethodUtil$1
instanceKlass javafx/scene/layout/BorderPane$BorderPositionProperty$1
instanceKlass javafx/fxml/FXMLLoader$ControllerMethodEventHandler
instanceKlass javafx/fxml/FXMLLoader$MethodHandler
instanceKlass javafx/fxml/FXMLLoader$ControllerAccessor$1
instanceKlass com/sun/javafx/fxml/ModuleHelper
instanceKlass javafx/beans/DefaultProperty
instanceKlass com/sun/javafx/beans/IDProperty
instanceKlass javafx/event/WeakEventHandler
instanceKlass com/sun/javafx/event/CompositeEventHandler$EventProcessorRecord
instanceKlass com/sun/javafx/event/CompositeEventHandler
instanceKlass com/sun/javafx/css/StyleManager$RefList
instanceKlass javafx/css/converter/FontConverter$FontWeightConverter$Holder
instanceKlass javafx/css/converter/StringConverter$Holder
instanceKlass javafx/css/converter/FontConverter$FontSizeConverter$Holder
instanceKlass javafx/css/converter/EffectConverter$Holder
instanceKlass com/sun/javafx/scene/layout/region/Margins
instanceKlass com/sun/javafx/scene/layout/region/Margins$Holder
instanceKlass javafx/css/converter/BooleanConverter$Holder
instanceKlass javafx/css/converter/SizeConverter$Holder
instanceKlass javafx/css/converter/InsetsConverter$Holder
instanceKlass com/sun/javafx/css/SelectorPartitioning$Slot
instanceKlass com/sun/javafx/css/BitSet$1
instanceKlass com/sun/javafx/css/SelectorPartitioning$Partition
instanceKlass javafx/css/converter/PaintConverter$Holder
instanceKlass javafx/css/converter/StopConverter$Holder
instanceKlass javafx/css/converter/LadderConverter$Holder
instanceKlass javafx/css/converter/DeriveColorConverter$Holder
instanceKlass javafx/css/converter/URLConverter$Holder
instanceKlass javafx/css/StyleConverter
instanceKlass javafx/css/Size
instanceKlass javafx/css/ParsedValue
instanceKlass javafx/css/Declaration
instanceKlass javafx/css/Rule$Observables
instanceKlass com/sun/javafx/css/SelectorPartitioning$PartitionKey
instanceKlass com/sun/javafx/css/SelectorPartitioning
instanceKlass com/sun/javafx/css/StyleManager$StylesheetContainer
instanceKlass javafx/collections/ModifiableObservableListBase$SubObservableList
instanceKlass javafx/css/StyleClass
instanceKlass javafx/css/Rule
instanceKlass javafx/css/StyleConverter$StringStore
instanceKlass javafx/css/Stylesheet
instanceKlass java/io/FilenameFilter
instanceKlass com/sun/javafx/font/PGFont
instanceKlass com/sun/javafx/font/FontResource
instanceKlass com/sun/javafx/font/PrismFontFactory
instanceKlass com/sun/javafx/scene/text/TextLine
instanceKlass java/text/CharacterIterator
instanceKlass com/sun/javafx/scene/text/GlyphList
instanceKlass com/sun/javafx/text/PrismTextLayout
instanceKlass com/sun/javafx/scene/text/TextLayout
instanceKlass com/sun/javafx/text/PrismTextLayoutFactory
instanceKlass javafx/beans/WeakInvalidationListener
instanceKlass javafx/scene/paint/Paint$1
instanceKlass com/sun/javafx/tk/Toolkit$PaintAccessor
instanceKlass javafx/scene/text/Text$1
instanceKlass javafx/scene/shape/Shape$1
instanceKlass com/sun/javafx/scene/text/TextSpan
instanceKlass com/sun/javafx/scene/shape/TextHelper$TextAccessor
instanceKlass com/sun/javafx/scene/shape/ShapeHelper$ShapeAccessor
instanceKlass com/sun/javafx/beans/event/AbstractNotifyListener
instanceKlass com/sun/javafx/scene/control/skin/Utils
instanceKlass com/sun/javafx/css/StyleManager$ImageCache
instanceKlass com/sun/javafx/css/StyleManager$InstanceHolder
instanceKlass com/sun/javafx/css/StyleManager
instanceKlass com/sun/javafx/tk/quantum/QuantumToolkit$6
instanceKlass javafx/scene/control/Control$1
instanceKlass javafx/scene/control/MenuItem
instanceKlass javafx/scene/control/Skin
instanceKlass com/sun/javafx/scene/control/ControlHelper$ControlAccessor
instanceKlass javafx/scene/input/Clipboard
instanceKlass javafx/scene/Node$MiscProperties
instanceKlass javafx/scene/effect/Effect
instanceKlass com/sun/javafx/geom/Point2D
instanceKlass javafx/css/CssMetaData
instanceKlass javafx/scene/Node$AccessibilityProperties
instanceKlass javafx/scene/Node$NodeTransformation
instanceKlass com/sun/javafx/scene/EventHandlerProperties
instanceKlass javafx/scene/Cursor
instanceKlass javafx/scene/input/InputMethodRequests
instanceKlass javafx/event/EventType
instanceKlass javafx/scene/SnapshotParameters
instanceKlass javafx/geometry/Point2D
instanceKlass com/sun/javafx/scene/traversal/TraversalEngine
instanceKlass javafx/css/Selector
instanceKlass com/sun/javafx/scene/input/PickResultChooser
instanceKlass com/sun/javafx/geom/PickRay
instanceKlass javafx/scene/layout/Border
instanceKlass javafx/scene/layout/Background
instanceKlass javafx/scene/layout/CornerRadii
instanceKlass javafx/scene/layout/BorderWidths
instanceKlass com/sun/javafx/fxml/BeanAdapter$MethodCache
instanceKlass com/sun/javafx/fxml/BeanAdapter$1
instanceKlass javafx/geometry/Insets
instanceKlass javafx/scene/layout/Pane$1
instanceKlass com/sun/javafx/geom/Vec2d
instanceKlass javafx/scene/layout/Region$1
instanceKlass javafx/scene/Parent$1
instanceKlass javafx/scene/PropertyHelper
instanceKlass com/sun/javafx/scene/BoundsAccessor
instanceKlass javafx/collections/SetChangeListener$Change
instanceKlass javafx/css/PseudoClass
instanceKlass javafx/geometry/Point3D
instanceKlass com/sun/javafx/scene/transform/TransformHelper
instanceKlass javafx/scene/transform/Transform$1
instanceKlass com/sun/javafx/scene/transform/TransformHelper$TransformAccessor
instanceKlass javafx/scene/transform/Transform
instanceKlass com/sun/javafx/scene/NodeHelper
instanceKlass javafx/scene/Node$1
instanceKlass com/sun/javafx/scene/layout/PaneHelper$PaneAccessor
instanceKlass com/sun/javafx/scene/layout/RegionHelper$RegionAccessor
instanceKlass com/sun/javafx/sg/prism/NGNode
instanceKlass com/sun/javafx/scene/ParentHelper$ParentAccessor
instanceKlass com/sun/glass/ui/Accessible$EventHandler
instanceKlass javafx/css/StyleableProperty
instanceKlass com/sun/javafx/scene/NodeHelper$NodeAccessor
instanceKlass com/sun/javafx/reflect/ReflectUtil
instanceKlass com/sun/javafx/reflect/ConstructorUtil
instanceKlass javafx/scene/shape/Mesh
instanceKlass javafx/scene/text/Font
instanceKlass javafx/fxml/FXMLLoader$Attribute
instanceKlass javafx/collections/MapChangeListener
instanceKlass javafx/collections/SetChangeListener
instanceKlass javafx/event/EventHandler
instanceKlass javafx/beans/value/ChangeListener
instanceKlass com/sun/org/apache/xerces/internal/util/XMLChar
instanceKlass com/sun/xml/internal/stream/util/BufferAllocator
instanceKlass com/sun/xml/internal/stream/util/ThreadLocalBufferAllocator
instanceKlass com/sun/xml/internal/stream/Entity
instanceKlass com/sun/org/apache/xerces/internal/util/XMLSymbols
instanceKlass com/sun/org/apache/xerces/internal/utils/XMLLimitAnalyzer
instanceKlass com/sun/org/apache/xerces/internal/impl/msg/XMLMessageFormatter
instanceKlass com/sun/org/apache/xerces/internal/util/MessageFormatter
instanceKlass com/sun/org/apache/xerces/internal/impl/XMLErrorReporter
instanceKlass com/sun/org/apache/xerces/internal/impl/XMLEntityScanner
instanceKlass com/sun/org/apache/xerces/internal/xni/XMLLocator
instanceKlass com/sun/xml/internal/stream/XMLEntityStorage
instanceKlass com/sun/org/apache/xerces/internal/impl/XMLEntityManager
instanceKlass com/sun/org/apache/xerces/internal/xni/parser/XMLEntityResolver
instanceKlass com/sun/org/apache/xerces/internal/util/NamespaceContextWrapper
instanceKlass javax/xml/namespace/NamespaceContext
instanceKlass com/sun/org/apache/xerces/internal/xni/grammars/XMLDTDDescription
instanceKlass com/sun/org/apache/xerces/internal/xni/grammars/XMLGrammarDescription
instanceKlass com/sun/org/apache/xerces/internal/impl/XMLDocumentScannerImpl$TrailingMiscDriver
instanceKlass com/sun/org/apache/xerces/internal/impl/XMLDocumentScannerImpl$PrologDriver
instanceKlass com/sun/org/apache/xerces/internal/impl/XMLDocumentScannerImpl$XMLDeclDriver
instanceKlass com/sun/org/apache/xerces/internal/util/NamespaceSupport
instanceKlass com/sun/org/apache/xerces/internal/xni/NamespaceContext
instanceKlass com/sun/org/apache/xerces/internal/util/AugmentationsImpl$AugmentationsItemsContainer
instanceKlass com/sun/org/apache/xerces/internal/util/AugmentationsImpl
instanceKlass com/sun/org/apache/xerces/internal/xni/Augmentations
instanceKlass com/sun/org/apache/xerces/internal/util/XMLAttributesImpl$Attribute
instanceKlass com/sun/org/apache/xerces/internal/util/XMLAttributesImpl
instanceKlass com/sun/org/apache/xerces/internal/xni/XMLAttributes
instanceKlass com/sun/org/apache/xerces/internal/impl/XMLDocumentFragmentScannerImpl$FragmentContentDriver
instanceKlass com/sun/org/apache/xerces/internal/impl/XMLDocumentFragmentScannerImpl$Driver
instanceKlass com/sun/org/apache/xerces/internal/impl/XMLDocumentFragmentScannerImpl$ElementStack2
instanceKlass com/sun/org/apache/xerces/internal/xni/QName
instanceKlass com/sun/org/apache/xerces/internal/impl/XMLDocumentFragmentScannerImpl$ElementStack
instanceKlass com/sun/org/apache/xerces/internal/util/XMLResourceIdentifierImpl
instanceKlass com/sun/org/apache/xerces/internal/xni/XMLResourceIdentifier
instanceKlass com/sun/org/apache/xerces/internal/xni/XMLString
instanceKlass com/sun/org/apache/xerces/internal/impl/XMLScanner
instanceKlass com/sun/xml/internal/stream/XMLBufferListener
instanceKlass com/sun/org/apache/xerces/internal/impl/XMLEntityHandler
instanceKlass com/sun/org/apache/xerces/internal/xni/parser/XMLComponent
instanceKlass com/sun/org/apache/xerces/internal/xni/parser/XMLDocumentScanner
instanceKlass com/sun/org/apache/xerces/internal/xni/parser/XMLDocumentSource
instanceKlass com/sun/org/apache/xerces/internal/util/SymbolTable$Entry
instanceKlass com/sun/org/apache/xerces/internal/util/SymbolTable
instanceKlass com/sun/org/apache/xerces/internal/impl/XMLStreamReaderImpl
instanceKlass com/sun/org/apache/xerces/internal/xni/parser/XMLInputSource
instanceKlass javax/xml/stream/util/StreamReaderDelegate
instanceKlass jdk/xml/internal/JdkConstants
instanceKlass javax/xml/parsers/SAXParserFactory
instanceKlass jdk/xml/internal/JdkXmlUtils
instanceKlass com/sun/org/apache/xerces/internal/utils/XMLSecurityPropertyManager
instanceKlass com/sun/org/apache/xerces/internal/utils/XMLSecurityManager
instanceKlass com/sun/org/apache/xerces/internal/impl/PropertyManager
instanceKlass javax/xml/stream/XMLInputFactory
instanceKlass javafx/fxml/FXMLLoader$ControllerAccessor
instanceKlass javafx/collections/MapChangeListener$Change
instanceKlass com/sun/javafx/collections/ObservableMapWrapper
instanceKlass com/sun/javafx/fxml/FXMLLoaderHelper
instanceKlass javafx/fxml/FXMLLoader$2
instanceKlass javafx/fxml/FXMLLoader$1
instanceKlass com/sun/javafx/application/PlatformImpl$2
instanceKlass javafx/application/Platform
instanceKlass javafx/util/Builder
instanceKlass javafx/fxml/JavaFXBuilderFactory
instanceKlass javafx/fxml/FXMLLoader$Element
instanceKlass javax/script/Bindings
instanceKlass javax/xml/stream/XMLStreamReader
instanceKlass javax/xml/stream/XMLStreamConstants
instanceKlass com/sun/javafx/fxml/FXMLLoaderHelper$FXMLLoaderAccessor
instanceKlass javafx/util/BuilderFactory
instanceKlass com/sun/javafx/collections/VetoableListDecorator$ModCountAccessor
instanceKlass com/sun/javafx/collections/VetoableListDecorator
instanceKlass com/sun/javafx/event/EventDispatchChainImpl
instanceKlass javafx/event/EventDispatchChain
instanceKlass com/sun/javafx/event/BasicEventDispatcher
instanceKlass javafx/event/EventDispatcher
instanceKlass javafx/beans/binding/NumberBinding
instanceKlass javafx/stage/Window$TKBoundsConfigurator
instanceKlass com/sun/javafx/tk/TKPulseListener
instanceKlass javafx/stage/Stage$2
instanceKlass javafx/stage/Stage$1
instanceKlass com/sun/javafx/stage/WindowHelper
instanceKlass javafx/stage/Window$1
instanceKlass com/sun/javafx/stage/WindowPeerListener
instanceKlass com/sun/javafx/tk/TKStageListener
instanceKlass javafx/beans/binding/StringExpression
instanceKlass javafx/beans/value/ObservableStringValue
instanceKlass javafx/beans/value/WritableStringValue
instanceKlass com/sun/javafx/stage/StagePeerListener$StageAccessor
instanceKlass com/sun/javafx/stage/StageHelper$StageAccessor
instanceKlass com/sun/javafx/stage/WindowHelper$WindowAccessor
instanceKlass javafx/beans/value/WritableDoubleValue
instanceKlass javafx/beans/value/WritableNumberValue
instanceKlass java/util/IdentityHashMap$IdentityHashMapSpliterator
instanceKlass org/springframework/boot/SpringApplication$FactoryAwareOrderSourceProvider
instanceKlass org/springframework/boot/Runner
instanceKlass sun/management/RuntimeImpl
instanceKlass java/util/stream/ReduceOps$2ReducingSink
instanceKlass jdk/management/jfr/internal/FlightRecorderMXBeanProvider$SingleMBeanComponent
instanceKlass jdk/management/jfr/FlightRecorderMXBean
instanceKlass java/lang/management/DefaultPlatformMBeanProvider$11
instanceKlass java/lang/management/DefaultPlatformMBeanProvider$10
instanceKlass java/lang/management/DefaultPlatformMBeanProvider$9
instanceKlass sun/management/ManagementFactoryHelper$LoggingMXBeanAccess$1
instanceKlass sun/management/ManagementFactoryHelper$LoggingMXBeanAccess
instanceKlass java/lang/management/DefaultPlatformMBeanProvider$8
instanceKlass java/lang/management/DefaultPlatformMBeanProvider$7
instanceKlass java/lang/management/DefaultPlatformMBeanProvider$6
instanceKlass java/lang/management/DefaultPlatformMBeanProvider$5
instanceKlass java/lang/management/DefaultPlatformMBeanProvider$4
instanceKlass java/lang/management/DefaultPlatformMBeanProvider$3
instanceKlass java/lang/management/DefaultPlatformMBeanProvider$2
instanceKlass java/lang/management/DefaultPlatformMBeanProvider$1
instanceKlass com/sun/management/internal/PlatformMBeanProviderImpl$5
instanceKlass sun/management/VMManagementImpl
instanceKlass sun/management/VMManagement
instanceKlass sun/management/ManagementFactoryHelper
instanceKlass sun/management/NotificationEmitterSupport
instanceKlass javax/management/NotificationEmitter
instanceKlass javax/management/NotificationBroadcaster
instanceKlass com/sun/management/DiagnosticCommandMBean
instanceKlass javax/management/DynamicMBean
instanceKlass com/sun/management/internal/PlatformMBeanProviderImpl$4
instanceKlass com/sun/management/internal/PlatformMBeanProviderImpl$3
instanceKlass com/sun/management/internal/PlatformMBeanProviderImpl$2
instanceKlass com/sun/management/internal/PlatformMBeanProviderImpl$1
instanceKlass sun/management/spi/PlatformMBeanProvider$PlatformComponent
instanceKlass sun/management/spi/PlatformMBeanProvider
instanceKlass java/lang/management/ManagementFactory$PlatformMBeanFinder$1
instanceKlass java/lang/management/ManagementFactory$PlatformMBeanFinder
instanceKlass java/lang/management/RuntimeMXBean
instanceKlass java/lang/management/PlatformManagedObject
instanceKlass java/lang/management/ManagementFactory
instanceKlass org/springframework/scheduling/concurrent/ExecutorLifecycleDelegate
instanceKlass org/springframework/boot/context/properties/PropertyMapper$NullPointerExceptionSafeSupplier
instanceKlass org/springframework/util/function/SingletonSupplier
instanceKlass org/springframework/boot/context/properties/PropertyMapper$Source
instanceKlass org/springframework/boot/context/properties/PropertyMapper$SourceOperator
instanceKlass org/springframework/boot/context/properties/PropertyMapper
instanceKlass java/util/AbstractMap$1$1
instanceKlass org/springframework/core/MethodIntrospector
instanceKlass org/springframework/core/MethodIntrospector$MetadataLookup
instanceKlass org/springframework/context/event/EventListener
instanceKlass org/springframework/transaction/reactive/TransactionalOperator
instanceKlass org/springframework/transaction/support/TransactionCallback
instanceKlass org/springframework/boot/LazyInitializationExcludeFilter
instanceKlass org/springframework/boot/task/SimpleAsyncTaskSchedulerCustomizer
instanceKlass org/springframework/boot/autoconfigure/task/TaskSchedulingConfigurations
instanceKlass org/springframework/boot/ssl/DefaultSslBundleRegistry$RegisteredSslBundle
instanceKlass org/springframework/boot/ssl/SslStoreBundle
instanceKlass org/springframework/boot/autoconfigure/ssl/PropertiesSslBundle
instanceKlass org/springframework/boot/ssl/SslBundle
instanceKlass org/springframework/boot/autoconfigure/ssl/SslBundleProperties
instanceKlass org/springframework/boot/autoconfigure/ssl/SslProperties$Bundles$Watch$File
instanceKlass org/springframework/boot/autoconfigure/ssl/SslProperties$Bundles$Watch
instanceKlass org/springframework/jdbc/core/simple/JdbcClient$StatementSpec
instanceKlass org/springframework/jdbc/core/simple/DefaultJdbcClient
instanceKlass org/springframework/jdbc/core/PreparedStatementCreatorFactory
instanceKlass org/springframework/jdbc/core/namedparam/ParsedSql
instanceKlass org/springframework/jdbc/core/namedparam/NamedParameterUtils
instanceKlass org/springframework/jdbc/core/namedparam/SqlParameterSource
instanceKlass org/springframework/jdbc/support/rowset/SqlRowSet
instanceKlass org/springframework/jdbc/core/ParameterizedPreparedStatementSetter
instanceKlass org/springframework/jdbc/core/RowCallbackHandler
instanceKlass org/springframework/jdbc/core/CallableStatementCallback
instanceKlass org/springframework/jdbc/support/KeyHolder
instanceKlass org/springframework/jdbc/core/SqlParameter
instanceKlass org/springframework/jdbc/core/PreparedStatementSetter
instanceKlass org/springframework/jdbc/core/BatchPreparedStatementSetter
instanceKlass org/springframework/jdbc/core/RowMapper
instanceKlass org/springframework/jdbc/core/ResultSetExtractor
instanceKlass org/springframework/jdbc/core/PreparedStatementCallback
instanceKlass org/springframework/jdbc/core/CallableStatementCreator
instanceKlass org/springframework/jdbc/core/StatementCallback
instanceKlass org/springframework/jdbc/core/PreparedStatementCreator
instanceKlass org/springframework/boot/sql/init/AbstractScriptDatabaseInitializer$ScriptLocationResolver
instanceKlass org/springframework/boot/sql/init/AbstractScriptDatabaseInitializer$Scripts
instanceKlass org/springframework/jdbc/datasource/init/ResourceDatabasePopulator
instanceKlass org/springframework/boot/sql/init/DatabaseInitializationSettings
instanceKlass org/springframework/boot/autoconfigure/sql/init/SettingsCreator
instanceKlass java/util/function/IntUnaryOperator
instanceKlass org/springframework/boot/info/InfoProperties
instanceKlass org/springframework/boot/task/SimpleAsyncTaskExecutorCustomizer
instanceKlass org/springframework/boot/autoconfigure/task/TaskExecutorConfigurations
instanceKlass org/springframework/boot/autoconfigure/task/TaskExecutionProperties$Pool$Shutdown
instanceKlass org/springframework/core/task/TaskDecorator
instanceKlass org/springframework/context/support/DefaultLifecycleProcessor$LifecycleGroup
instanceKlass org/springframework/boot/orm/jpa/EntityManagerFactoryBuilder$Builder
instanceKlass org/springframework/boot/jdbc/metadata/CompositeDataSourcePoolMetadataProvider
instanceKlass org/springframework/boot/autoconfigure/orm/jpa/HibernateDefaultDdlAutoProvider
instanceKlass org/springframework/boot/jdbc/SchemaManagementProvider
instanceKlass org/springframework/boot/convert/DurationUnit
instanceKlass org/springframework/beans/factory/support/DefaultListableBeanFactory$FactoryAwareOrderSourceProvider
instanceKlass org/springframework/boot/jdbc/DataSourceUnwrapper
instanceKlass org/springframework/core/convert/support/MapToMapConverter$MapEntry
instanceKlass org/springframework/aot/hint/RuntimeHints
instanceKlass org/springframework/aot/hint/annotation/ReflectiveRuntimeHintsRegistrar
instanceKlass org/springframework/data/repository/config/RepositoryRegistrationAotContribution
instanceKlass org/springframework/data/jpa/repository/support/JpaEvaluationContextExtension$JpaRootObject
instanceKlass org/springframework/transaction/TransactionExecutionListener
instanceKlass org/springframework/transaction/support/AbstractPlatformTransactionManager$SuspendedResourcesHolder
instanceKlass org/springframework/jdbc/datasource/JdbcTransactionObjectSupport
instanceKlass org/springframework/transaction/support/SmartTransactionObject
instanceKlass org/springframework/transaction/support/AbstractTransactionStatus
instanceKlass org/springframework/jdbc/datasource/DelegatingDataSource
instanceKlass sun/reflect/annotation/AnnotationInvocationHandler$1
instanceKlass com/jobwork/controller/YarnEntryController$YarnSummaryRow
instanceKlass com/jobwork/controller/YarnEntryController$YarnRow
instanceKlass javafx/concurrent/Worker
instanceKlass com/jobwork/domain/ImportRow
instanceKlass com/jobwork/domain/JobWorkerSummaryRow
instanceKlass javafx/util/StringConverter
instanceKlass javafx/scene/control/ButtonType
instanceKlass sun/reflect/generics/tree/LongSignature
instanceKlass org/hibernate/query/sqm/tree/SqmStatement$ParameterResolutions$1
instanceKlass jdk/internal/loader/BootLoader$PackageHelper
instanceKlass java/lang/invoke/SerializedLambda
instanceKlass com/itextpdf/kernel/pdf/PdfNameLoader
instanceKlass com/itextpdf/io/source/ByteUtils
instanceKlass com/itextpdf/kernel/utils/ICopyFilter
instanceKlass com/itextpdf/kernel/pdf/PdfObject
instanceKlass com/itextpdf/kernel/pdf/PdfObjectWrapper
instanceKlass com/itextpdf/commons/actions/sequence/AbstractIdentifiableElement
instanceKlass com/itextpdf/layout/tagging/IAccessibleElement
instanceKlass com/itextpdf/layout/element/IBlockElement
instanceKlass com/itextpdf/layout/element/IAbstractElement
instanceKlass com/itextpdf/layout/element/IElement
instanceKlass com/itextpdf/layout/IPropertyContainer
instanceKlass com/itextpdf/kernel/colors/Color
instanceKlass org/apache/poi/ss/usermodel/Cell
instanceKlass org/apache/poi/ss/usermodel/CellStyle
instanceKlass org/apache/poi/ss/usermodel/Row
instanceKlass org/apache/poi/ss/usermodel/Workbook
instanceKlass org/hibernate/internal/util/QuotingHelper
instanceKlass org/springframework/data/domain/Range$RangeBuilder
instanceKlass org/springframework/data/domain/Range$Bound
instanceKlass org/hibernate/type/BasicPluralType
instanceKlass java/sql/RowId
instanceKlass java/sql/Ref
instanceKlass org/hibernate/type/descriptor/jdbc/JdbcTypeJavaClassMappings
instanceKlass org/hibernate/query/sqm/internal/TypecheckUtil$1
instanceKlass org/hibernate/query/hql/internal/SemanticQueryBuilder$7
instanceKlass org/hibernate/jpa/internal/LegacySpecHelper
instanceKlass org/hibernate/query/spi/QueryParameterBindings$2
instanceKlass org/hibernate/query/spi/QueryParameterBindings$1
instanceKlass org/hibernate/cache/MutableCacheKeyBuilder
instanceKlass org/hibernate/query/spi/QueryParameterBinding
instanceKlass org/hibernate/cache/spi/QueryKey$ParameterBindingsMemento
instanceKlass org/hibernate/query/internal/QueryParameterBindingsImpl
instanceKlass org/hibernate/query/internal/QueryOptionsImpl
instanceKlass org/hibernate/query/spi/NonSelectQueryPlan
instanceKlass org/hibernate/query/spi/QueryInterpretationCache$Key
instanceKlass org/hibernate/query/spi/QueryParameterBindings
instanceKlass org/hibernate/sql/results/spi/ResultsConsumer
instanceKlass org/hibernate/query/ResultListTransformer
instanceKlass org/hibernate/ScrollableResults
instanceKlass org/hibernate/query/spi/MutableQueryOptions
instanceKlass org/hibernate/query/spi/AbstractCommonQueryContract
instanceKlass org/hibernate/query/spi/DomainQueryExecutionContext
instanceKlass org/hibernate/query/sqm/internal/SqmInterpretationsKey$InterpretationsKeySource
instanceKlass org/hibernate/query/sqm/internal/SqmInterpretationsKey$CacheabilityInfluencers
instanceKlass org/hibernate/query/hql/spi/SqmQueryImplementor
instanceKlass org/hibernate/query/spi/SqmQuery
instanceKlass org/hibernate/query/spi/SimpleHqlInterpretationImpl
instanceKlass org/hibernate/query/internal/ParameterMetadataImpl
instanceKlass org/hibernate/query/spi/AbstractQueryParameter
instanceKlass org/hibernate/query/sqm/internal/SqmUtil$1
instanceKlass org/hibernate/query/sqm/internal/DomainParameterXref
instanceKlass org/hibernate/query/sqm/internal/SqmTreePrinter
instanceKlass org/hibernate/metamodel/model/domain/DiscriminatorSqmPath
instanceKlass org/hibernate/query/hql/internal/DomainPathPart
instanceKlass org/hibernate/query/hql/internal/BasicDotIdentifierConsumer$BaseLocalSequencePart
instanceKlass org/hibernate/query/sqm/SqmTreeCreationLogger
instanceKlass org/hibernate/query/sqm/tree/domain/SqmPolymorphicRootDescriptor
instanceKlass org/hibernate/query/hql/internal/SqmTreeCreationHelper
instanceKlass org/hibernate/query/hql/internal/SqmPathRegistryImpl
instanceKlass org/hibernate/query/hql/spi/SqmPathRegistry
instanceKlass org/hibernate/query/sqm/internal/SqmCreationProcessingStateImpl
instanceKlass org/hibernate/query/hql/internal/BasicDotIdentifierConsumer
instanceKlass org/hibernate/query/sqm/spi/ParameterDeclarationContext
instanceKlass org/hibernate/query/sqm/tree/insert/SqmInsertStatement
instanceKlass org/hibernate/query/criteria/JpaConflictClause
instanceKlass org/hibernate/query/hql/spi/SqmCreationProcessingState
instanceKlass org/hibernate/query/hql/spi/DotIdentifierConsumer
instanceKlass org/hibernate/grammars/hql/HqlParserVisitor
instanceKlass org/hibernate/query/hql/spi/SqmCreationState
instanceKlass org/hibernate/query/hql/internal/StandardHqlTranslator$1
instanceKlass org/antlr/v4/runtime/RuntimeMetaData
instanceKlass org/hibernate/query/hql/internal/HqlParseTreeBuilder
instanceKlass org/hibernate/query/hql/HqlLogging
instanceKlass org/springframework/data/jpa/repository/query/AbstractStringBasedJpaQuery$QuerySortRewriter
instanceKlass org/springframework/data/jpa/repository/query/JpaQueryParsingToken
instanceKlass org/springframework/data/jpa/repository/query/JpaQueryTransformerSupport
instanceKlass org/antlr/v4/runtime/tree/AbstractParseTreeVisitor
instanceKlass org/springframework/data/jpa/repository/query/HqlVisitor
instanceKlass org/antlr/v4/runtime/tree/ParseTreeVisitor
instanceKlass org/antlr/v4/runtime/dfa/DFAState$PredPrediction
instanceKlass org/antlr/v4/runtime/misc/FlexibleHashMap$Entry
instanceKlass org/antlr/v4/runtime/misc/FlexibleHashMap
instanceKlass org/antlr/v4/runtime/misc/DoubleKeyMap
instanceKlass org/antlr/v4/runtime/tree/TerminalNodeImpl
instanceKlass org/antlr/v4/runtime/atn/LexerIndexedCustomAction
instanceKlass org/antlr/v4/runtime/atn/LexerActionExecutor
instanceKlass org/antlr/v4/runtime/atn/LL1Analyzer
instanceKlass org/antlr/v4/runtime/CommonToken
instanceKlass org/antlr/v4/runtime/WritableToken
instanceKlass org/antlr/v4/runtime/misc/MurmurHash
instanceKlass org/antlr/v4/runtime/atn/ParserATNSimulator$1
instanceKlass org/antlr/v4/runtime/atn/SemanticContext
instanceKlass org/antlr/v4/runtime/DefaultErrorStrategy
instanceKlass org/antlr/v4/runtime/BufferedTokenStream
instanceKlass org/antlr/v4/runtime/tree/ErrorNode
instanceKlass org/antlr/v4/runtime/tree/TerminalNode
instanceKlass org/antlr/v4/runtime/tree/ParseTreeListener
instanceKlass org/antlr/v4/runtime/atn/LexerATNSimulator$SimState
instanceKlass org/antlr/v4/runtime/misc/AbstractEqualityComparator
instanceKlass org/antlr/v4/runtime/misc/EqualityComparator
instanceKlass org/antlr/v4/runtime/misc/Array2DHashSet
instanceKlass org/antlr/v4/runtime/dfa/DFAState
instanceKlass org/antlr/v4/runtime/atn/ATNConfigSet
instanceKlass org/antlr/v4/runtime/atn/ATNConfig
instanceKlass org/antlr/v4/runtime/misc/IntegerList
instanceKlass org/antlr/v4/runtime/Token
instanceKlass org/antlr/v4/runtime/CommonTokenFactory
instanceKlass org/antlr/v4/runtime/TokenFactory
instanceKlass org/antlr/v4/runtime/BaseErrorListener
instanceKlass org/antlr/v4/runtime/CodePointCharStream$1
instanceKlass org/antlr/v4/runtime/CodePointCharStream
instanceKlass org/antlr/v4/runtime/CodePointBuffer$1
instanceKlass org/antlr/v4/runtime/CodePointBuffer$Builder
instanceKlass org/antlr/v4/runtime/CodePointBuffer
instanceKlass org/antlr/v4/runtime/CharStreams
instanceKlass org/antlr/v4/runtime/dfa/DFASerializer
instanceKlass org/antlr/v4/runtime/dfa/DFA
instanceKlass org/antlr/v4/runtime/atn/LexerSkipAction
instanceKlass org/antlr/v4/runtime/atn/ATNDeserializer$1
instanceKlass org/antlr/v4/runtime/misc/Interval
instanceKlass org/antlr/v4/runtime/misc/IntervalSet
instanceKlass org/antlr/v4/runtime/misc/Pair
instanceKlass org/antlr/v4/runtime/misc/IntSet
instanceKlass org/antlr/v4/runtime/atn/ATN
instanceKlass org/antlr/v4/runtime/atn/ATNDeserializationOptions
instanceKlass org/antlr/v4/runtime/atn/LexerAction
instanceKlass org/antlr/v4/runtime/atn/ATNState
instanceKlass org/antlr/v4/runtime/atn/Transition
instanceKlass org/antlr/v4/runtime/atn/ATNDeserializer
instanceKlass org/antlr/v4/runtime/VocabularyImpl
instanceKlass org/antlr/v4/runtime/atn/PredictionContext
instanceKlass org/antlr/v4/runtime/atn/PredictionContextCache
instanceKlass org/antlr/v4/runtime/Vocabulary
instanceKlass org/antlr/v4/runtime/atn/ATNSimulator
instanceKlass org/springframework/data/jpa/repository/query/JpaQueryParserSupport$ParseState
instanceKlass org/antlr/v4/runtime/RuleContext
instanceKlass org/antlr/v4/runtime/tree/RuleNode
instanceKlass org/antlr/v4/runtime/tree/ParseTree
instanceKlass org/antlr/v4/runtime/tree/SyntaxTree
instanceKlass org/antlr/v4/runtime/tree/Tree
instanceKlass org/antlr/v4/runtime/Recognizer
instanceKlass org/antlr/v4/runtime/TokenStream
instanceKlass org/antlr/v4/runtime/TokenSource
instanceKlass org/antlr/v4/runtime/CharStream
instanceKlass org/antlr/v4/runtime/IntStream
instanceKlass org/springframework/data/jpa/repository/query/JpaQueryParserSupport
instanceKlass org/springframework/data/jpa/repository/query/JpaQueryEnhancer
instanceKlass org/springframework/data/jpa/repository/query/QueryEnhancer
instanceKlass org/springframework/data/jpa/repository/query/QueryEnhancerFactory
instanceKlass org/springframework/data/domain/Range
instanceKlass org/springframework/data/jpa/repository/query/StringQuery$ParameterBindings
instanceKlass org/springframework/data/repository/query/SpelQueryContext$QuotationMap
instanceKlass org/springframework/data/repository/query/SpelQueryContext$SpelExtractor
instanceKlass org/springframework/data/repository/query/SpelQueryContext
instanceKlass org/springframework/data/jpa/repository/query/StringQuery$Metadata
instanceKlass org/springframework/data/jpa/repository/query/StringQuery
instanceKlass org/hibernate/query/sqm/tree/SqmStatement$ParameterResolutions
instanceKlass org/hibernate/query/sqm/internal/SqmUtil
instanceKlass org/hibernate/query/sqm/tree/SqmJoinType$1
instanceKlass java/util/WeakHashMap$HashIterator
instanceKlass com/jobwork/domain/WorkerAccountLedgerRow
instanceKlass sun/reflect/ReflectionFactory$1
instanceKlass sun/reflect/ReflectionFactory
instanceKlass org/springframework/objenesis/instantiator/sun/SunReflectionFactoryHelper
instanceKlass org/springframework/objenesis/instantiator/sun/SunReflectionFactoryInstantiator
instanceKlass org/springframework/objenesis/strategy/PlatformDescription
instanceKlass org/springframework/cglib/proxy/Enhancer$2
instanceKlass org/springframework/cglib/proxy/Enhancer$1
instanceKlass org/springframework/cglib/proxy/Enhancer$3
instanceKlass org/springframework/aop/ThrowsAdvice
instanceKlass org/springframework/aop/framework/AdvisedSupport$MethodCacheKey
instanceKlass java/lang/invoke/MethodHandleImpl$CountingWrapper$1
instanceKlass org/springframework/aop/framework/AdvisedSupport$AdvisorKeyEntry
instanceKlass org/springframework/aop/framework/CglibAopProxy$ProxyCallbackFilter
instanceKlass org/springframework/aop/framework/CglibAopProxy$HashCodeInterceptor
instanceKlass org/springframework/aop/framework/CglibAopProxy$EqualsInterceptor
instanceKlass org/springframework/aop/framework/CglibAopProxy$SerializableNoOp
instanceKlass org/springframework/aop/framework/CglibAopProxy$StaticDispatcher
instanceKlass org/springframework/aop/framework/CglibAopProxy$StaticUnadvisedInterceptor
instanceKlass org/springframework/aop/framework/CglibAopProxy$DynamicAdvisedInterceptor
instanceKlass org/springframework/aop/framework/CglibAopProxy$AdvisedDispatcher
instanceKlass org/springframework/aop/framework/CglibAopProxy
instanceKlass org/aspectj/util/PartialOrder
instanceKlass org/springframework/aop/aspectj/autoproxy/AspectJAwareAdvisorAutoProxyCreator$PartiallyComparableAdvisorHolder
instanceKlass org/springframework/aop/support/AbstractExpressionPointcut
instanceKlass org/springframework/aop/support/ExpressionPointcut
instanceKlass org/springframework/aop/aspectj/InstantiationModelAwarePointcutAdvisor
instanceKlass org/springframework/data/repository/core/support/RepositoryFactorySupport$ImplementationMethodExecutionInterceptor
instanceKlass jakarta/persistence/Tuple
instanceKlass org/hibernate/metamodel/model/domain/TupleType
instanceKlass org/hibernate/query/sqm/internal/SqmCriteriaNodeBuilder$MultiValueParameterType
instanceKlass org/hibernate/query/sqm/tree/select/SqmSortSpecification
instanceKlass org/springframework/data/util/Pair
instanceKlass org/hibernate/query/sqm/tree/select/SqmOrderByClause
instanceKlass org/springframework/data/jpa/repository/query/QueryParameterSetter$NamedOrIndexedQueryParameterSetter
instanceKlass org/springframework/data/jpa/repository/query/ParameterBinding
instanceKlass org/springframework/data/jpa/repository/query/ParameterBinding$BindingIdentifier
instanceKlass org/springframework/data/jpa/repository/query/QueryParameterSetter
instanceKlass org/springframework/data/jpa/repository/query/QueryParameterSetterFactory
instanceKlass org/springframework/data/jpa/repository/query/ParameterBinding$ParameterOrigin
instanceKlass org/springframework/data/jpa/repository/query/ParameterBinderFactory
instanceKlass org/hibernate/query/sqm/tree/predicate/SqmWhereClause
instanceKlass org/hibernate/query/internal/QueryHelper
instanceKlass org/hibernate/query/sqm/internal/TypecheckUtil
instanceKlass org/hibernate/query/sqm/function/AbstractSqmSelfRenderingFunctionDescriptor$1
instanceKlass org/hibernate/query/sqm/produce/function/ArgumentTypesValidator$1
instanceKlass org/hibernate/type/descriptor/java/AbstractJavaType
instanceKlass org/hibernate/metamodel/model/domain/internal/PathHelper
instanceKlass org/hibernate/query/sqm/tree/domain/SqmSimplePath
instanceKlass org/springframework/data/jpa/repository/query/QueryUtils
instanceKlass org/springframework/data/jpa/repository/query/ParameterMetadataProvider$ParameterMetadata
instanceKlass org/hibernate/query/named/NamedQueryMemento$ParameterMemento
instanceKlass org/hibernate/query/spi/QueryParameterImplementor
instanceKlass org/hibernate/query/QueryParameter
instanceKlass org/hibernate/query/sqm/tree/expression/SqmParameter
instanceKlass org/springframework/data/jpa/repository/query/JpaQueryCreator$PredicateBuilder
instanceKlass org/springframework/data/domain/Sort$Order
instanceKlass org/hibernate/query/sqm/spi/SqmCreationHelper
instanceKlass org/hibernate/query/sqm/tree/domain/SqmCorrelation
instanceKlass org/hibernate/query/criteria/JpaCrossJoin
instanceKlass org/hibernate/query/criteria/JpaDerivedJoin
instanceKlass org/hibernate/query/criteria/JpaEntityJoin
instanceKlass org/hibernate/query/sqm/tree/select/SqmAliasedNode
instanceKlass org/hibernate/query/sqm/tree/select/SqmAliasedExpressionContainer
instanceKlass org/hibernate/query/sqm/tree/from/SqmFromClause
instanceKlass org/hibernate/query/criteria/JpaCteCriteria
instanceKlass org/hibernate/query/criteria/JpaDerivedRoot
instanceKlass org/hibernate/query/criteria/JpaDerivedFrom
instanceKlass org/hibernate/query/sqm/tree/predicate/SqmWhereClauseContainer
instanceKlass org/hibernate/query/sqm/tree/from/SqmFromClauseContainer
instanceKlass org/hibernate/query/criteria/JpaQueryStructure
instanceKlass org/hibernate/query/sqm/internal/ParameterCollector
instanceKlass org/springframework/data/jpa/repository/query/ParameterMetadataProvider
instanceKlass org/springframework/data/jpa/repository/query/QueryParameterSetter$QueryMetadataCache
instanceKlass org/springframework/data/repository/query/parser/AbstractQueryCreator
instanceKlass org/springframework/data/repository/query/parser/OrderBySource
instanceKlass java/util/regex/Pattern$1
instanceKlass org/springframework/data/mapping/PropertyPath$Property
instanceKlass org/springframework/data/repository/query/parser/Part
instanceKlass org/springframework/data/repository/query/parser/PartTree$OrPart
instanceKlass java/lang/Character$Subset
instanceKlass org/springframework/data/repository/query/parser/PartTree$Predicate
instanceKlass org/springframework/data/repository/query/parser/PartTree$Subject
instanceKlass org/springframework/data/repository/query/parser/PartTree
instanceKlass org/springframework/data/jpa/repository/query/ParameterBinder
instanceKlass org/springframework/data/jpa/repository/query/PartTreeJpaQuery$QueryPreparer
instanceKlass org/hibernate/resource/transaction/backend/jdbc/internal/JdbcResourceLocalTransactionCoordinatorImpl$TransactionDriverControlImpl
instanceKlass org/hibernate/query/sql/spi/NamedNativeQueryMemento
instanceKlass org/hibernate/query/sqm/spi/NamedSqmQueryMemento
instanceKlass org/springframework/data/repository/query/ParametersParameterAccessor
instanceKlass org/springframework/data/repository/query/ParameterAccessor
instanceKlass org/springframework/data/jpa/repository/query/JpaQueryExecution
instanceKlass org/springframework/data/jpa/repository/query/AbstractJpaQuery
instanceKlass org/springframework/data/jpa/repository/query/EmptyDeclaredQuery
instanceKlass org/springframework/data/jpa/repository/query/DeclaredQuery
instanceKlass org/springframework/data/jpa/repository/query/JpaEntityGraph
instanceKlass org/springframework/data/jpa/repository/Modifying
instanceKlass org/springframework/data/jpa/repository/QueryHints
instanceKlass org/springframework/data/repository/query/QueryMethod$QueryMethodValidator
instanceKlass org/springframework/data/repository/query/ResultProcessor$ProjectingConverter
instanceKlass org/springframework/data/repository/query/ReturnedType$CacheKey
instanceKlass org/springframework/data/repository/query/ReturnedType
instanceKlass org/springframework/data/geo/GeoResults
instanceKlass org/springframework/data/repository/query/ResultProcessor
instanceKlass org/springframework/data/jpa/repository/Temporal
instanceKlass org/springframework/data/repository/util/ReactiveWrapperConverters$RegistryHolder
instanceKlass org/springframework/data/repository/util/ReactiveWrapperConverters
instanceKlass org/springframework/data/repository/query/Parameter
instanceKlass org/springframework/data/repository/query/ParametersSource$2
instanceKlass org/springframework/data/repository/query/ParametersSource
instanceKlass org/springframework/data/repository/query/Param
instanceKlass org/springframework/data/domain/Limit
instanceKlass org/springframework/data/domain/ScrollPosition
instanceKlass org/springframework/data/repository/query/Parameters
instanceKlass org/springframework/data/repository/core/support/QueryExecutionResultHandler
instanceKlass org/springframework/data/repository/core/support/RepositoryMethodInvoker
instanceKlass org/springframework/data/repository/core/support/QueryExecutorMethodInterceptor
instanceKlass org/springframework/data/jpa/repository/query/JpaQueryLookupStrategy$AbstractQueryLookupStrategy
instanceKlass org/springframework/data/jpa/repository/query/JpaQueryLookupStrategy$NoQuery
instanceKlass org/springframework/data/repository/query/QueryLookupStrategy
instanceKlass org/springframework/data/repository/query/RepositoryQuery
instanceKlass org/springframework/data/jpa/repository/query/JpaQueryLookupStrategy
instanceKlass org/springframework/data/util/AnnotationDetectionMethodCallback
instanceKlass org/springframework/data/domain/DomainEvents
instanceKlass org/springframework/data/repository/core/support/EventPublishingRepositoryProxyPostProcessor$EventPublishingMethod
instanceKlass org/springframework/data/jpa/repository/query/Procedure
instanceKlass org/springframework/aop/DynamicIntroductionAdvice
instanceKlass org/springframework/data/jpa/repository/support/CrudMethodMetadataPostProcessor$CrudMethodMetadataPopulatingMethodInterceptor
instanceKlass org/springframework/aop/TruePointcut
instanceKlass org/springframework/aop/interceptor/ExposeInvocationInterceptor
instanceKlass java/lang/Package$1PackageInfoProxy
instanceKlass org/springframework/lang/NonNullApi
instanceKlass org/springframework/data/util/NullableUtils
instanceKlass org/springframework/data/repository/core/support/MethodInvocationValidator
instanceKlass org/springframework/aop/target/SingletonTargetSource
instanceKlass java/util/Collections$2
instanceKlass org/springframework/data/repository/query/ReactiveQueryByExampleExecutor
instanceKlass org/springframework/data/querydsl/ReactiveQuerydslPredicateExecutor
instanceKlass org/springframework/data/querydsl/QuerydslPredicateExecutor
instanceKlass org/springframework/data/repository/core/support/RepositoryFactorySupport$RepositoryValidator
instanceKlass org/springframework/data/repository/core/support/RepositoryFragment$ImplementedRepositoryFragment
instanceKlass org/springframework/data/projection/MethodInterceptorFactory
instanceKlass org/springframework/data/projection/DefaultMethodInvokingMethodInterceptor
instanceKlass org/springframework/data/convert/Jsr310Converters
instanceKlass org/springframework/data/projection/ProjectionInformation
instanceKlass org/springframework/data/projection/ProxyProjectionFactory
instanceKlass org/springframework/data/jpa/repository/support/JpaMetamodelEntityInformation$IdMetadata
instanceKlass org/springframework/data/jpa/repository/query/DefaultJpaEntityMetadata
instanceKlass org/springframework/data/domain/Persistable
instanceKlass org/springframework/data/repository/core/support/AbstractEntityInformation
instanceKlass org/springframework/data/jpa/repository/support/JpaEntityInformation
instanceKlass org/springframework/data/jpa/repository/query/JpaEntityMetadata
instanceKlass org/springframework/data/repository/core/support/RepositoryFragment$StructuralRepositoryFragment
instanceKlass org/springframework/data/repository/core/RepositoryInformationSupport$DefaultQueryMethods
instanceKlass org/springframework/data/repository/core/RepositoryInformationSupport
instanceKlass org/springframework/data/jpa/repository/support/SimpleJpaRepository
instanceKlass org/springframework/data/jpa/repository/support/JpaRepositoryImplementation
instanceKlass org/springframework/util/ConcurrentReferenceHashMap$EntryIterator
instanceKlass org/springframework/data/repository/core/support/RepositoryFactorySupport$RepositoryInformationCacheKey
instanceKlass org/springframework/data/querydsl/QuerydslUtils
instanceKlass org/springframework/data/repository/core/support/MethodLookups$RepositoryAwareMethodLookup
instanceKlass org/springframework/data/repository/core/support/MethodLookups
instanceKlass org/springframework/beans/factory/config/NamedBeanHolder
instanceKlass org/springframework/beans/factory/NamedBean
instanceKlass org/springframework/data/mapping/SimpleAssociationHandler
instanceKlass org/springframework/data/mapping/SimplePropertyHandler
instanceKlass org/hibernate/metamodel/model/domain/internal/BasicTypeImpl
instanceKlass org/springframework/data/annotation/Reference
instanceKlass org/springframework/data/annotation/Transient
instanceKlass org/springframework/data/annotation/AccessType
instanceKlass org/springframework/data/mapping/Association
instanceKlass org/springframework/data/mapping/model/AbstractPersistentProperty
instanceKlass org/springframework/data/util/KotlinReflectionUtils
instanceKlass org/springframework/data/mapping/context/AbstractMappingContext$PersistentPropertyFilter$PropertyMatch
instanceKlass org/springframework/data/mapping/context/AbstractMappingContext$PersistentPropertyCreator
instanceKlass org/springframework/data/mapping/Alias
instanceKlass org/springframework/data/mapping/Parameter
instanceKlass org/springframework/data/mapping/InstanceCreatorMetadataSupport
instanceKlass org/springframework/data/mapping/model/PreferredConstructorDiscoverer
instanceKlass org/springframework/data/annotation/PersistenceCreator
instanceKlass org/springframework/data/mapping/model/InstanceCreatorMetadataDiscoverer
instanceKlass org/springframework/data/jpa/util/JpaMetamodel
instanceKlass org/springframework/data/annotation/Version
instanceKlass org/springframework/data/mapping/PersistentPropertyPathAccessor
instanceKlass org/springframework/data/mapping/IdentifierAccessor
instanceKlass org/springframework/data/support/IsNewStrategy
instanceKlass org/springframework/data/jpa/util/HibernateProxyDetector
instanceKlass org/springframework/data/util/ProxyUtils$ProxyDetector
instanceKlass org/springframework/data/util/ProxyUtils
instanceKlass org/springframework/data/repository/core/support/EventPublishingRepositoryProxyPostProcessor
instanceKlass org/springframework/data/jpa/repository/query/BeanFactoryQueryRewriterProvider
instanceKlass org/springframework/data/jpa/repository/support/QueryHints
instanceKlass org/springframework/aop/framework/JdkDynamicAopProxy$ProxiedInterfacesCache
instanceKlass org/springframework/aop/framework/JdkDynamicAopProxy
instanceKlass org/springframework/data/jpa/repository/support/CrudMethodMetadataPostProcessor$ThreadBoundTargetSource
instanceKlass org/springframework/data/jpa/repository/support/CrudMethodMetadata
instanceKlass org/springframework/aop/framework/AopProxy
instanceKlass org/springframework/aop/framework/DefaultAopProxyFactory
instanceKlass org/springframework/aop/framework/DefaultAdvisorChainFactory
instanceKlass org/springframework/aop/target/EmptyTargetSource
instanceKlass org/springframework/aop/framework/AopProxyFactory
instanceKlass org/springframework/aop/framework/AdvisorChainFactory
instanceKlass org/springframework/data/jpa/repository/QueryRewriter
instanceKlass org/springframework/data/jpa/repository/query/DefaultJpaQueryMethodFactory
instanceKlass org/springframework/data/jpa/repository/support/CrudMethodMetadataPostProcessor
instanceKlass org/hibernate/resource/transaction/backend/jta/internal/JtaTransactionCoordinatorImpl
instanceKlass org/hibernate/resource/transaction/backend/jta/internal/synchronization/SynchronizationCallbackTarget
instanceKlass org/springframework/orm/jpa/ExtendedEntityManagerCreator$ExtendedEntityManagerInvocationHandler
instanceKlass org/springframework/orm/jpa/ExtendedEntityManagerCreator
instanceKlass org/hibernate/stat/internal/QueryStatisticsImpl
instanceKlass org/hibernate/stat/internal/CacheRegionStatisticsImpl
instanceKlass org/hibernate/stat/internal/AbstractCacheableDataStatistics
instanceKlass org/hibernate/stat/internal/StatsNamedContainer
instanceKlass org/hibernate/stat/QueryStatistics
instanceKlass org/hibernate/stat/NaturalIdStatistics
instanceKlass org/hibernate/stat/CollectionStatistics
instanceKlass org/hibernate/stat/CacheRegionStatistics
instanceKlass org/hibernate/stat/EntityStatistics
instanceKlass org/hibernate/stat/CacheableDataStatistics
instanceKlass org/hibernate/stat/internal/StatisticsImpl
instanceKlass org/hibernate/engine/spi/ExecutableList$Sorter
instanceKlass org/hibernate/engine/spi/ActionQueue
instanceKlass org/hibernate/engine/internal/EntityEntryContext
instanceKlass org/hibernate/engine/spi/NaturalIdResolutions
instanceKlass org/hibernate/engine/spi/EntityHolder
instanceKlass org/hibernate/engine/internal/StatefulPersistenceContext
instanceKlass org/hibernate/internal/NonContextualJdbcConnectionAccess
instanceKlass org/hibernate/internal/JdbcObserverImpl
instanceKlass org/hibernate/internal/JdbcSessionContextImpl
instanceKlass org/hibernate/internal/SharedSessionCreationOptions
instanceKlass org/hibernate/resource/jdbc/internal/EmptyStatementInspector
instanceKlass org/hibernate/engine/internal/SessionEventListenerManagerImpl
instanceKlass org/hibernate/cache/internal/NoCachingTransactionSynchronizationImpl
instanceKlass org/hibernate/engine/transaction/spi/TransactionObserver
instanceKlass org/hibernate/resource/transaction/spi/TransactionObserver
instanceKlass org/hibernate/engine/spi/PersistenceContext
instanceKlass org/hibernate/engine/spi/ExceptionConverter
instanceKlass org/hibernate/engine/transaction/spi/TransactionImplementor
instanceKlass org/hibernate/graph/spi/RootGraphImplementor
instanceKlass org/hibernate/query/sql/spi/NativeQueryImplementor
instanceKlass org/hibernate/query/spi/QueryImplementor
instanceKlass org/hibernate/query/TupleTransformer
instanceKlass org/hibernate/engine/spi/SessionEventListenerManager
instanceKlass org/hibernate/internal/AbstractSharedSessionContract
instanceKlass org/hibernate/loader/internal/LoadAccessContext
instanceKlass org/hibernate/event/spi/EventSource
instanceKlass org/springframework/transaction/support/TransactionSynchronizationUtils$ScopedProxyUnwrapper
instanceKlass org/springframework/core/InfrastructureProxy
instanceKlass org/springframework/aop/scope/ScopedObject
instanceKlass org/springframework/aop/RawTargetAccess
instanceKlass org/springframework/transaction/support/TransactionSynchronizationUtils
instanceKlass org/springframework/transaction/support/TransactionSynchronizationManager
instanceKlass org/springframework/transaction/support/TransactionSynchronization
instanceKlass org/springframework/orm/jpa/EntityManagerFactoryUtils
instanceKlass org/springframework/data/repository/core/support/RepositoryFactorySupport$QueryCollectingQueryCreationListener
instanceKlass org/springframework/data/repository/util/QueryExecutionConverters$IterableToStreamableConverter
instanceKlass org/springframework/util/concurrent/SuccessCallback
instanceKlass org/springframework/util/concurrent/FailureCallback
instanceKlass org/springframework/scheduling/annotation/AsyncResult
instanceKlass org/springframework/data/util/NullableWrapper
instanceKlass org/springframework/data/util/NullableWrapperConverters$WrapperType
instanceKlass org/springframework/data/util/NullableWrapperConverters$AbstractWrapperTypeConverter
instanceKlass org/springframework/data/util/NullableWrapperConverters
instanceKlass org/springframework/data/util/CustomCollections$SearchableTypes
instanceKlass org/springframework/data/util/CustomCollections$EclipseCollections
instanceKlass org/springframework/data/util/CustomCollections$VavrCollections
instanceKlass org/springframework/data/util/CustomCollectionRegistrar
instanceKlass org/springframework/data/util/CustomCollections
instanceKlass org/springframework/data/repository/util/QueryExecutionConverters$AbstractWrapperTypeConverter
instanceKlass org/springframework/data/domain/Window
instanceKlass org/springframework/util/concurrent/ListenableFuture
instanceKlass org/springframework/data/repository/util/QueryExecutionConverters$WrapperType
instanceKlass org/springframework/data/repository/util/QueryExecutionConverters
instanceKlass org/springframework/data/jpa/repository/support/JpaRepositoryConfigurationAware
instanceKlass org/springframework/data/jpa/repository/query/QueryRewriterProvider
instanceKlass org/springframework/data/repository/core/support/QueryCreationListener
instanceKlass org/springframework/data/projection/ProjectionFactory
instanceKlass org/springframework/data/repository/core/support/PersistenceExceptionTranslationRepositoryProxyPostProcessor
instanceKlass org/springframework/data/repository/core/support/TransactionalRepositoryProxyPostProcessor
instanceKlass org/springframework/expression/MethodResolver
instanceKlass org/springframework/data/spel/ExtensionAwareEvaluationContextProvider
instanceKlass org/springframework/data/repository/query/ExtensionAwareQueryMethodEvaluationContextProvider
instanceKlass org/springframework/data/mapping/PropertyPath
instanceKlass org/springframework/data/mapping/PersistentPropertyPaths
instanceKlass org/springframework/data/mapping/model/BasicPersistentEntity
instanceKlass org/springframework/data/jpa/mapping/JpaPersistentEntity
instanceKlass org/springframework/data/mapping/model/Property
instanceKlass org/springframework/data/jpa/provider/JpaClassUtils
instanceKlass org/hibernate/query/TypedParameterValue
instanceKlass org/springframework/data/util/CloseableIterator
instanceKlass org/springframework/data/jpa/provider/QueryComment
instanceKlass org/springframework/data/jpa/provider/QueryExtractor
instanceKlass org/springframework/data/jpa/mapping/JpaMetamodelMappingContext$Metamodels
instanceKlass org/springframework/data/mapping/model/InstantiationAwarePropertyAccessorFactory
instanceKlass org/springframework/data/mapping/PersistentPropertyAccessor
instanceKlass org/springframework/data/mapping/model/ClassGeneratingPropertyAccessorFactory
instanceKlass org/springframework/data/mapping/model/ClassGeneratingEntityInstantiator$ObjectInstantiator
instanceKlass org/springframework/data/mapping/model/ClassGeneratingEntityInstantiator$ObjectInstantiatorClassGenerator
instanceKlass org/springframework/data/mapping/InstanceCreatorMetadata
instanceKlass org/springframework/data/mapping/model/ClassGeneratingEntityInstantiator
instanceKlass org/springframework/data/mapping/model/EntityInstantiator
instanceKlass org/springframework/data/mapping/model/EntityInstantiators
instanceKlass org/springframework/data/mapping/PersistentPropertyPath
instanceKlass org/springframework/data/mapping/context/PersistentPropertyPathFactory
instanceKlass org/springframework/data/mapping/model/SimpleTypeHolder
instanceKlass org/springframework/data/domain/ManagedTypes
instanceKlass org/springframework/data/mapping/model/MutablePersistentEntity
instanceKlass org/springframework/data/jpa/provider/ProxyIdAccessor
instanceKlass org/springframework/data/jpa/mapping/JpaPersistentProperty
instanceKlass org/springframework/data/mapping/PersistentProperty
instanceKlass org/springframework/data/spel/EvaluationContextProvider
instanceKlass org/springframework/data/mapping/model/PersistentPropertyAccessorFactory
instanceKlass org/hibernate/query/NativeQuery
instanceKlass org/hibernate/procedure/ProcedureCall
instanceKlass org/hibernate/query/named/NameableQuery
instanceKlass jakarta/persistence/StoredProcedureQuery
instanceKlass org/hibernate/query/SynchronizeableQuery
instanceKlass org/hibernate/jdbc/Work
instanceKlass org/hibernate/Transaction
instanceKlass jakarta/persistence/EntityTransaction
instanceKlass org/hibernate/NaturalIdMultiLoadAccess
instanceKlass org/hibernate/stat/SessionStatistics
instanceKlass org/hibernate/LobHelper
instanceKlass org/hibernate/SharedSessionBuilder
instanceKlass org/hibernate/MultiIdentifierLoadAccess
instanceKlass org/hibernate/Session$LockRequest
instanceKlass org/hibernate/IdentifierLoadAccess
instanceKlass org/hibernate/NaturalIdLoadAccess
instanceKlass org/hibernate/SimpleNaturalIdLoadAccess
instanceKlass org/hibernate/query/Query
instanceKlass org/hibernate/query/MutationQuery
instanceKlass org/hibernate/query/SelectionQuery
instanceKlass org/hibernate/query/CommonQueryContract
instanceKlass jakarta/persistence/TypedQuery
instanceKlass org/springframework/orm/jpa/SharedEntityManagerCreator$SharedEntityManagerInvocationHandler
instanceKlass org/springframework/orm/jpa/EntityManagerProxy
instanceKlass sun/reflect/generics/reflectiveObjects/GenericArrayTypeImpl
instanceKlass java/lang/SafeVarargs
instanceKlass org/springframework/data/repository/core/support/MethodLookup$MethodPredicate
instanceKlass org/springframework/data/repository/core/support/MethodLookup
instanceKlass org/springframework/data/repository/core/support/MethodLookup$InvokedMethod
instanceKlass org/springframework/data/querydsl/SimpleEntityPathResolver
instanceKlass org/springframework/data/repository/query/QueryMethod
instanceKlass org/springframework/core/SerializableTypeWrapper$FieldTypeProvider
instanceKlass javafx/scene/control/TableColumnBase
instanceKlass javafx/scene/control/TableColumn$CellDataFeatures
instanceKlass javafx/scene/control/Skinnable
instanceKlass javafx/scene/Scene
instanceKlass javafx/scene/Node
instanceKlass javafx/css/Styleable
instanceKlass javafx/fxml/FXMLLoader
instanceKlass org/springframework/beans/factory/SmartFactoryBean
instanceKlass javax/naming/Reference
instanceKlass jakarta/persistence/Query
instanceKlass org/hibernate/engine/spi/FilterDefinition
instanceKlass org/springframework/orm/jpa/AbstractEntityManagerFactoryBean$ManagedEntityManagerFactoryInvocationHandler
instanceKlass org/hibernate/internal/SessionFactoryRegistry$1
instanceKlass org/hibernate/internal/SessionFactoryRegistry
instanceKlass org/hibernate/tool/schema/extract/internal/ForeignKeyInformationImpl
instanceKlass org/hibernate/tool/schema/extract/internal/ForeignKeyInformationImpl$ColumnReferenceMappingImpl
instanceKlass org/hibernate/tool/schema/extract/spi/ForeignKeyInformation$ColumnReferenceMapping
instanceKlass com/mysql/cj/jdbc/result/ResultSetMetaData$1
instanceKlass com/mysql/cj/jdbc/result/ResultSetMetaData
instanceKlass com/zaxxer/hikari/pool/ProxyStatement
instanceKlass org/hibernate/tool/schema/extract/spi/ForeignKeyInformation
instanceKlass org/hibernate/tool/schema/extract/internal/AbstractInformationExtractorImpl$ForeignKeyBuilderImpl
instanceKlass org/hibernate/tool/schema/extract/internal/IndexInformationImpl$Builder
instanceKlass org/hibernate/tool/schema/extract/internal/IndexInformationImpl
instanceKlass org/hibernate/tool/schema/extract/spi/IndexInformation
instanceKlass org/hibernate/type/descriptor/converter/internal/EnumHelper
instanceKlass org/hibernate/tool/schema/internal/ColumnDefinitions
instanceKlass org/hibernate/tool/schema/extract/internal/ColumnInformationImpl
instanceKlass com/mysql/cj/protocol/result/AbstractResultsetRow$1
instanceKlass com/mysql/cj/jdbc/DatabaseMetaDataUsingInfoSchema$1
instanceKlass org/hibernate/tool/schema/extract/internal/TableInformationImpl
instanceKlass com/zaxxer/hikari/pool/ProxyResultSet
instanceKlass com/mysql/cj/protocol/a/StringValueEncoder$1
instanceKlass com/mysql/cj/NativeQueryBindValue
instanceKlass com/mysql/cj/BindValue
instanceKlass com/mysql/cj/NativeQueryBindings
instanceKlass com/mysql/cj/PreparedQuery
instanceKlass java/sql/ParameterMetaData
instanceKlass com/mysql/cj/jdbc/ParameterBindings
instanceKlass com/mysql/cj/QueryBindings
instanceKlass com/mysql/cj/jdbc/EscapeProcessor
instanceKlass org/hibernate/tool/schema/extract/spi/ExtractionContext$ResultSetProcessor
instanceKlass org/hibernate/engine/jdbc/env/internal/NormalizingIdentifierHelperImpl$1
instanceKlass org/hibernate/tool/schema/extract/spi/NameSpaceTablesInformation
instanceKlass org/hibernate/engine/jdbc/internal/FormatStyle$NoFormatImpl
instanceKlass org/hibernate/engine/jdbc/internal/HighlightingFormatter
instanceKlass org/hibernate/engine/jdbc/internal/DDLFormatterImpl
instanceKlass org/hibernate/engine/jdbc/internal/BasicFormatterImpl
instanceKlass org/hibernate/tool/schema/internal/exec/GenerationTargetToDatabase
instanceKlass org/hibernate/tool/schema/extract/internal/SequenceInformationExtractorNoOpImpl
instanceKlass org/hibernate/tool/schema/extract/internal/AbstractInformationExtractorImpl$ForeignKeyBuilder
instanceKlass org/hibernate/tool/schema/extract/spi/PrimaryKeyInformation
instanceKlass org/hibernate/tool/schema/extract/spi/ColumnInformation
instanceKlass org/hibernate/tool/schema/extract/spi/TableInformation
instanceKlass org/hibernate/tool/schema/extract/internal/AbstractInformationExtractorImpl
instanceKlass org/hibernate/tool/schema/internal/exec/ImprovedExtractionContextImpl
instanceKlass org/hibernate/tool/schema/extract/spi/InformationExtractor
instanceKlass org/hibernate/tool/schema/internal/HibernateSchemaManagementTool$HibernateExtractionTool
instanceKlass org/hibernate/tool/schema/extract/internal/DatabaseInformationImpl
instanceKlass org/hibernate/tool/schema/extract/spi/ExtractionContext$DatabaseObjectAccess
instanceKlass org/hibernate/tool/schema/extract/spi/DatabaseInformation
instanceKlass org/hibernate/tool/schema/spi/ScriptTargetOutput
instanceKlass org/hibernate/tool/schema/internal/exec/AbstractScriptSourceInput
instanceKlass org/hibernate/tool/schema/spi/ScriptSourceInput
instanceKlass org/hibernate/tool/schema/internal/Helper
instanceKlass org/hibernate/resource/transaction/backend/jdbc/internal/DdlTransactionIsolatorNonJtaImpl
instanceKlass org/hibernate/tool/schema/internal/exec/JdbcConnectionAccessProvidedConnectionImpl
instanceKlass org/hibernate/tool/schema/internal/HibernateSchemaManagementTool$JdbcContextImpl
instanceKlass org/hibernate/tool/schema/internal/HibernateSchemaManagementTool$JdbcContextBuilder
instanceKlass org/hibernate/tool/schema/internal/DefaultSchemaFilter
instanceKlass org/hibernate/tool/schema/internal/DefaultSchemaFilterProvider
instanceKlass org/hibernate/tool/schema/spi/SchemaFilterProvider
instanceKlass org/hibernate/tool/schema/spi/SchemaFilter
instanceKlass org/hibernate/tool/schema/internal/AbstractSchemaMigrator
instanceKlass org/hibernate/tool/schema/spi/SchemaManagementToolCoordinator$2
instanceKlass org/hibernate/tool/schema/spi/SchemaManagementToolCoordinator$MigrateSettingSelector
instanceKlass org/hibernate/tool/schema/spi/SchemaManagementToolCoordinator$4
instanceKlass org/hibernate/tool/schema/spi/ContributableMatcher
instanceKlass org/hibernate/tool/schema/spi/SchemaManagementToolCoordinator$1
instanceKlass org/hibernate/tool/schema/internal/ExceptionHandlerLoggedImpl
instanceKlass org/hibernate/tool/schema/spi/SchemaTruncator
instanceKlass org/hibernate/tool/schema/spi/ExtractionTool
instanceKlass org/hibernate/tool/schema/spi/SchemaMigrator
instanceKlass org/hibernate/tool/schema/spi/SchemaDropper
instanceKlass org/hibernate/tool/schema/spi/SchemaCreator
instanceKlass org/hibernate/tool/schema/spi/SchemaValidator
instanceKlass org/hibernate/tool/schema/internal/exec/GenerationTarget
instanceKlass org/hibernate/tool/schema/internal/HibernateSchemaManagementTool
instanceKlass org/hibernate/tool/schema/spi/JpaTargetAndSourceDescriptor
instanceKlass org/hibernate/tool/schema/spi/TargetDescriptor
instanceKlass org/hibernate/tool/schema/spi/ExecutionOptions
instanceKlass org/hibernate/tool/schema/spi/SourceDescriptor
instanceKlass org/hibernate/tool/schema/spi/SchemaManagementToolCoordinator$SettingSelector
instanceKlass org/hibernate/tool/schema/spi/ExceptionHandler
instanceKlass org/hibernate/tool/schema/spi/SchemaManagementToolCoordinator
instanceKlass org/hibernate/tool/schema/spi/DelayedDropAction
instanceKlass org/hibernate/boot/query/NamedNativeQueryDefinition
instanceKlass jakarta/transaction/UserTransaction
instanceKlass jakarta/transaction/Synchronization
instanceKlass org/hibernate/engine/transaction/jta/platform/internal/NoJtaPlatform
instanceKlass org/hibernate/engine/transaction/jta/platform/spi/JtaPlatformProvider
instanceKlass org/hibernate/engine/transaction/jta/platform/internal/StandardJtaPlatformResolver
instanceKlass org/hibernate/persister/entity/SessionFactoryBasedWrapperOptions
instanceKlass org/hibernate/StatelessSession
instanceKlass org/hibernate/internal/SessionFactoryImpl$StatelessSessionBuilderImpl
instanceKlass org/hibernate/resource/transaction/backend/jta/internal/synchronization/ExceptionMapper
instanceKlass org/hibernate/internal/SessionFactoryImpl$SessionBuilderImpl
instanceKlass org/hibernate/internal/SessionCreationOptions
instanceKlass org/hibernate/engine/profile/FetchProfile
instanceKlass org/hibernate/internal/FetchProfileHelper
instanceKlass org/hibernate/metamodel/model/domain/internal/JpaMetamodelImpl$1
instanceKlass org/hibernate/metamodel/model/domain/ListPersistentAttribute
instanceKlass org/hibernate/metamodel/model/domain/PluralPersistentAttribute
instanceKlass org/hibernate/metamodel/model/domain/internal/PluralAttributeBuilder
instanceKlass org/hibernate/metamodel/internal/PluralAttributeMetadataImpl$1
instanceKlass org/hibernate/metamodel/internal/PluralAttributeMetadataImpl$3
instanceKlass org/hibernate/metamodel/model/domain/AnyMappingDomainType
instanceKlass org/hibernate/metamodel/internal/PluralAttributeMetadata
instanceKlass org/hibernate/metamodel/model/domain/internal/AbstractSqmPathSource
instanceKlass org/hibernate/query/sqm/internal/SqmMappingModelHelper
instanceKlass org/hibernate/metamodel/internal/SingularAttributeMetadataImpl$2
instanceKlass org/hibernate/metamodel/internal/AttributeFactory$2
instanceKlass org/hibernate/metamodel/internal/SingularAttributeMetadataImpl$1
instanceKlass org/hibernate/metamodel/internal/ValueContext
instanceKlass org/hibernate/metamodel/internal/BaseAttributeMetadata
instanceKlass org/hibernate/metamodel/internal/SingularAttributeMetadata
instanceKlass org/hibernate/property/access/internal/PropertyAccessMapImpl$GetterImpl
instanceKlass org/hibernate/metamodel/internal/AttributeFactory$1
instanceKlass org/hibernate/persister/entity/DiscriminatorMetadata
instanceKlass org/hibernate/metamodel/model/domain/AbstractManagedType$InFlightAccessImpl
instanceKlass org/hibernate/metamodel/model/domain/internal/AttributeContainer$InFlightAccess
instanceKlass jakarta/persistence/metamodel/CollectionAttribute
instanceKlass jakarta/persistence/metamodel/ListAttribute
instanceKlass jakarta/persistence/metamodel/SetAttribute
instanceKlass jakarta/persistence/metamodel/MapAttribute
instanceKlass jakarta/persistence/metamodel/PluralAttribute
instanceKlass org/hibernate/metamodel/model/domain/AbstractDomainType
instanceKlass org/hibernate/metamodel/model/domain/internal/AttributeContainer
instanceKlass org/hibernate/metamodel/internal/MemberResolver
instanceKlass org/hibernate/metamodel/model/domain/internal/AbstractAttribute
instanceKlass org/hibernate/metamodel/internal/AttributeMetadata
instanceKlass org/hibernate/metamodel/internal/AttributeContext
instanceKlass org/hibernate/metamodel/internal/AttributeFactory
instanceKlass org/hibernate/metamodel/model/domain/SingularPersistentAttribute
instanceKlass org/hibernate/query/sqm/SqmJoinable
instanceKlass jakarta/persistence/metamodel/SingularAttribute
instanceKlass org/hibernate/metamodel/model/domain/EmbeddableDomainType
instanceKlass org/hibernate/metamodel/model/domain/PersistentAttribute
instanceKlass jakarta/persistence/metamodel/Attribute
instanceKlass org/hibernate/metamodel/internal/MetadataContext
instanceKlass org/hibernate/metamodel/model/domain/internal/JpaMetamodelImpl$ImportInfo
instanceKlass org/hibernate/sql/exec/spi/JdbcParameterBindings$1
instanceKlass org/hibernate/metamodel/mapping/PluralAttributeMapping$PredicateConsumer
instanceKlass org/hibernate/sql/results/graph/collection/internal/BagInitializerProducer
instanceKlass org/hibernate/sql/results/graph/BiDirectionalFetch
instanceKlass org/hibernate/metamodel/mapping/internal/EmbeddedCollectionPart
instanceKlass org/hibernate/metamodel/internal/AbstractCompositeIdentifierMapping
instanceKlass org/hibernate/metamodel/mapping/AggregatedIdentifierMapping
instanceKlass org/hibernate/collection/spi/InitializerProducerBuilder$1
instanceKlass org/hibernate/collection/spi/CollectionInitializerProducer
instanceKlass org/hibernate/collection/spi/InitializerProducerBuilder
instanceKlass org/hibernate/sql/results/graph/collection/internal/CollectionDomainResult
instanceKlass org/hibernate/sql/results/graph/collection/CollectionResultGraphNode
instanceKlass org/hibernate/loader/ast/internal/CollectionLoaderSingleKey
instanceKlass org/hibernate/sql/results/graph/embeddable/EmbeddableResultGraphNode
instanceKlass org/hibernate/metamodel/mapping/internal/ToOneAttributeMapping$1
instanceKlass org/hibernate/sql/results/graph/collection/CollectionInitializer
instanceKlass org/hibernate/loader/ast/internal/AbstractMultiIdEntityLoader
instanceKlass org/hibernate/loader/ast/internal/MultiKeyLoadHelper
instanceKlass org/hibernate/sql/results/jdbc/internal/StandardJdbcValuesMapping
instanceKlass org/hibernate/sql/results/jdbc/internal/JdbcValuesMappingProducerStandard
instanceKlass org/hibernate/sql/exec/spi/AbstractJdbcOperationQuery
instanceKlass org/hibernate/sql/ast/spi/AbstractSqlAstTranslator$1
instanceKlass org/hibernate/sql/ast/tree/expression/SqlTupleContainer
instanceKlass org/hibernate/sql/ast/tree/SqlAstTreeLogger
instanceKlass org/hibernate/sql/ast/SqlTreePrinter
instanceKlass org/hibernate/sql/results/graph/DomainResultGraphPrinter$Logging
instanceKlass org/hibernate/sql/results/graph/DomainResultGraphPrinter
instanceKlass org/hibernate/sql/ast/tree/insert/InsertStatement
instanceKlass org/hibernate/sql/exec/spi/JdbcParametersList$JdbcParametersListSingleton
instanceKlass org/hibernate/sql/exec/spi/Callback
instanceKlass org/hibernate/sql/exec/spi/JdbcParameterBindings
instanceKlass org/hibernate/sql/ast/spi/SqlAstTreeHelper
instanceKlass org/hibernate/sql/ast/tree/predicate/ComparisonPredicate
instanceKlass org/hibernate/sql/results/graph/collection/internal/CollectionFetch
instanceKlass org/hibernate/sql/results/graph/internal/ImmutableFetchList$FetchIterator
instanceKlass org/hibernate/sql/results/graph/entity/EntityInitializer
instanceKlass org/hibernate/sql/results/graph/FetchParentAccess
instanceKlass org/hibernate/sql/results/graph/entity/internal/AbstractNonJoinedEntityFetch
instanceKlass org/hibernate/sql/results/graph/basic/BasicResult
instanceKlass org/hibernate/sql/ast/tree/from/TableGroupJoin
instanceKlass org/hibernate/sql/ast/tree/from/DelegatingTableGroup
instanceKlass org/hibernate/loader/ast/internal/LoaderSelectBuilder$FetchableConsumer
instanceKlass org/hibernate/sql/results/graph/internal/ImmutableFetchList$Builder
instanceKlass org/hibernate/sql/results/graph/basic/BasicResultAssembler
instanceKlass org/hibernate/sql/results/graph/basic/BasicFetch
instanceKlass org/hibernate/sql/results/graph/basic/BasicResultGraphNode
instanceKlass org/hibernate/sql/results/internal/SqlSelectionImpl
instanceKlass org/hibernate/sql/ast/spi/SqlExpressionAccess
instanceKlass org/hibernate/sql/ast/spi/SqlExpressionResolver$ColumnReferenceKey
instanceKlass org/hibernate/query/results/ResultsHelper
instanceKlass org/hibernate/sql/results/graph/Initializer
instanceKlass org/hibernate/sql/results/graph/DomainResultAssembler
instanceKlass org/hibernate/sql/results/graph/AbstractFetchParent
instanceKlass org/hibernate/sql/results/graph/InitializerProducer
instanceKlass org/hibernate/sql/results/graph/entity/EntityResult
instanceKlass org/hibernate/sql/ast/tree/from/PluralTableGroup
instanceKlass org/hibernate/sql/ast/tree/from/TableReferenceJoin
instanceKlass org/hibernate/sql/ast/tree/from/TableJoin
instanceKlass org/hibernate/sql/ast/SqlTreeCreationLogger
instanceKlass org/hibernate/sql/ast/spi/SqlAliasBaseImpl
instanceKlass org/hibernate/sql/ast/spi/SqlExpressionResolver$1
instanceKlass org/hibernate/query/sqm/sql/internal/SqlAstProcessingStateImpl
instanceKlass org/hibernate/query/sqm/sql/BaseSqmToSqlAstConverter$SqmAliasedNodeCollector
instanceKlass org/hibernate/sql/results/graph/internal/ImmutableFetchList
instanceKlass org/hibernate/sql/results/graph/FetchList
instanceKlass org/hibernate/loader/ast/internal/LoaderSqlAstCreationState$FetchProcessor
instanceKlass org/hibernate/sql/ast/spi/SimpleFromClauseAccessImpl
instanceKlass org/hibernate/sql/ast/spi/SqlAliasBaseManager
instanceKlass org/hibernate/sql/ast/spi/SqlExpressionResolver
instanceKlass org/hibernate/sql/ast/spi/SqlAliasBaseGenerator
instanceKlass org/hibernate/loader/ast/internal/LoaderSqlAstCreationState
instanceKlass org/hibernate/sql/ast/spi/SqlAstQueryPartProcessingState
instanceKlass org/hibernate/sql/ast/spi/SqlAstQueryNodeProcessingState
instanceKlass org/hibernate/sql/ast/spi/SqlAstProcessingState
instanceKlass org/hibernate/sql/ast/tree/select/SelectClause
instanceKlass org/hibernate/sql/ast/tree/from/FromClause
instanceKlass org/hibernate/sql/results/graph/EntityGraphTraversalState
instanceKlass org/hibernate/loader/ast/internal/LoaderSelectBuilder
instanceKlass org/hibernate/sql/exec/spi/JdbcParametersList$Builder
instanceKlass org/hibernate/sql/exec/spi/JdbcParametersList$JdbcParametersListMulti
instanceKlass org/hibernate/sql/exec/spi/JdbcParametersList
instanceKlass org/hibernate/loader/ast/internal/SingleIdLoadPlan
instanceKlass org/hibernate/loader/ast/internal/SingleEntityLoadPlan
instanceKlass org/hibernate/loader/ast/internal/LoadPlan
instanceKlass org/hibernate/loader/ast/internal/SingleIdEntityLoaderSupport
instanceKlass org/hibernate/engine/spi/EffectiveEntityGraph
instanceKlass org/hibernate/graph/spi/AppliedGraph
instanceKlass org/hibernate/Filter
instanceKlass org/hibernate/engine/spi/LoadQueryInfluencers
instanceKlass org/hibernate/persister/entity/mutation/UpdateCoordinatorStandard$SkippedAttributeAnalysis
instanceKlass org/hibernate/sql/model/jdbc/OptionalTableUpdateOperation
instanceKlass org/hibernate/sql/model/SelfExecutingUpdateOperation
instanceKlass org/hibernate/sql/model/ast/TableDelete
instanceKlass org/hibernate/sql/model/ast/builder/TableDeleteBuilder
instanceKlass org/hibernate/engine/jdbc/batch/internal/BasicBatchKey
instanceKlass org/hibernate/sql/model/ast/TableUpdate
instanceKlass org/hibernate/persister/entity/mutation/UpdateCoordinatorStandard$DirtinessChecker
instanceKlass org/hibernate/persister/entity/mutation/UpdateCoordinatorStandard$1
instanceKlass org/hibernate/persister/entity/mutation/UpdateCoordinatorStandard$ColumnSetAnalysis
instanceKlass org/hibernate/persister/entity/mutation/UpdateCoordinatorStandard$IncludedAttributeAnalysis
instanceKlass org/hibernate/persister/entity/mutation/TableSet
instanceKlass org/hibernate/persister/entity/mutation/UpdateCoordinatorStandard$AttributeAnalysisImplementor
instanceKlass org/hibernate/persister/entity/mutation/AttributeAnalysis
instanceKlass org/hibernate/persister/entity/mutation/UpdateCoordinatorStandard$UpdateValuesAnalysisImpl
instanceKlass org/hibernate/persister/entity/mutation/UpdateValuesAnalysis
instanceKlass org/hibernate/persister/entity/mutation/UpdateCoordinatorStandard$InclusionChecker
instanceKlass org/hibernate/sql/model/ast/builder/TableUpdateBuilder
instanceKlass org/hibernate/sql/model/ast/builder/RestrictedTableMutationBuilder
instanceKlass org/hibernate/metamodel/mapping/ModelPart$JdbcValueConsumer
instanceKlass org/hibernate/sql/model/internal/EntityMutationOperationGroupStandard
instanceKlass org/hibernate/sql/model/EntityMutationOperationGroup
instanceKlass org/hibernate/sql/model/internal/MutationOperationGroupFactory
instanceKlass org/hibernate/engine/jdbc/mutation/internal/JdbcValueDescriptorImpl
instanceKlass org/hibernate/sql/model/jdbc/JdbcValueDescriptor
instanceKlass org/hibernate/sql/model/PreparableMutationOperation$1
instanceKlass org/hibernate/sql/model/jdbc/AbstractJdbcMutation
instanceKlass org/hibernate/query/spi/QueryOptionsAdapter
instanceKlass org/hibernate/query/spi/Limit
instanceKlass org/hibernate/engine/jdbc/mutation/internal/MutationQueryOptions
instanceKlass org/hibernate/internal/util/collections/StandardStack
instanceKlass org/hibernate/sql/exec/internal/JdbcParametersImpl
instanceKlass org/hibernate/sql/exec/spi/JdbcParameters
instanceKlass org/hibernate/sql/exec/spi/JdbcOperationQueryInsert
instanceKlass org/hibernate/sql/exec/spi/JdbcOperationQueryMutation
instanceKlass org/hibernate/sql/exec/spi/JdbcOperationQuery
instanceKlass org/hibernate/sql/ast/tree/expression/Literal
instanceKlass org/hibernate/sql/ast/tree/expression/SelfRenderingExpression
instanceKlass org/hibernate/sql/exec/spi/JdbcParameterBinding
instanceKlass org/hibernate/internal/util/collections/Stack
instanceKlass org/hibernate/sql/ast/spi/AbstractSqlAstTranslator
instanceKlass org/hibernate/sql/model/internal/MutationGroupSingle
instanceKlass org/hibernate/sql/model/ast/AbstractTableMutation
instanceKlass org/hibernate/sql/model/ast/ColumnValueBinding
instanceKlass org/hibernate/sql/model/ast/ColumnWriteFragment
instanceKlass org/hibernate/sql/exec/internal/AbstractJdbcParameter
instanceKlass org/hibernate/sql/exec/spi/JdbcParameterBinder
instanceKlass org/hibernate/sql/ast/tree/expression/JdbcParameter
instanceKlass org/hibernate/sql/ast/tree/expression/ColumnReference
instanceKlass org/hibernate/sql/model/ast/builder/ColumnValueBindingBuilder
instanceKlass org/hibernate/sql/model/ast/MutatingTableReference
instanceKlass org/hibernate/sql/model/ast/TableInsert
instanceKlass org/hibernate/sql/model/ast/builder/AbstractTableMutationBuilder
instanceKlass org/hibernate/sql/model/ast/builder/TableInsertBuilder
instanceKlass org/hibernate/sql/model/ast/builder/ColumnValuesTableMutationBuilder
instanceKlass org/hibernate/sql/model/ast/MutationGroup
instanceKlass org/hibernate/sql/model/ast/builder/MutationGroupBuilder
instanceKlass org/hibernate/sql/model/ValuesAnalysis
instanceKlass org/hibernate/persister/entity/mutation/AbstractMutationCoordinator
instanceKlass org/hibernate/generator/values/GeneratedValueBasicResultBuilder
instanceKlass org/hibernate/query/results/ResultBuilder
instanceKlass org/hibernate/sql/results/jdbc/spi/JdbcValuesMapping
instanceKlass org/hibernate/generator/values/internal/GeneratedValuesMappingProducer
instanceKlass org/hibernate/sql/ast/tree/from/AbstractTableReference
instanceKlass org/hibernate/sql/ast/tree/from/ColumnReferenceQualifier$1
instanceKlass org/hibernate/sql/ast/spi/SqlSelection
instanceKlass org/hibernate/sql/ast/tree/from/AbstractColumnReferenceQualifier
instanceKlass org/hibernate/spi/NavigablePath$FullPathCalculator
instanceKlass org/hibernate/spi/NavigablePath
instanceKlass org/hibernate/id/IdentifierGeneratorHelper
instanceKlass org/hibernate/generator/values/GeneratedValues
instanceKlass org/hibernate/sql/results/spi/RowTransformer
instanceKlass org/hibernate/sql/results/jdbc/spi/JdbcValues
instanceKlass org/hibernate/sql/results/jdbc/spi/JdbcValuesSourceProcessingOptions
instanceKlass org/hibernate/sql/results/jdbc/internal/ResultSetAccess
instanceKlass org/hibernate/sql/results/jdbc/spi/JdbcValuesMetadata
instanceKlass org/hibernate/sql/exec/spi/ExecutionContext
instanceKlass org/hibernate/generator/values/internal/GeneratedValuesHelper
instanceKlass org/hibernate/sql/model/ast/builder/TableMutationBuilder
instanceKlass org/hibernate/generator/values/AbstractGeneratedValuesMutationDelegate
instanceKlass org/hibernate/dialect/identity/IdentityColumnSupportImpl
instanceKlass org/hibernate/internal/util/IndexedConsumer
instanceKlass org/hibernate/persister/entity/mutation/EntityTableMapping
instanceKlass org/hibernate/persister/entity/mutation/EntityTableMapping$KeyMapping
instanceKlass org/hibernate/metamodel/mapping/TableDetails$KeyDetails
instanceKlass org/hibernate/persister/entity/AbstractEntityPersister$TableMappingBuilder
instanceKlass org/hibernate/persister/entity/mutation/EntityTableMapping$KeyColumn
instanceKlass org/hibernate/metamodel/mapping/TableDetails$KeyColumn
instanceKlass org/hibernate/metamodel/mapping/SelectableConsumer$MutableSelectableMapping
instanceKlass org/hibernate/metamodel/mapping/SelectableConsumer$1
instanceKlass org/hibernate/persister/entity/AbstractEntityPersister$MutabilityOrderedTableConsumer
instanceKlass org/hibernate/metamodel/mapping/AssociationKey
instanceKlass org/hibernate/metamodel/mapping/internal/SimpleForeignKeyDescriptorSide
instanceKlass org/hibernate/metamodel/mapping/ForeignKeyDescriptor$Side
instanceKlass org/hibernate/metamodel/mapping/internal/SimpleForeignKeyDescriptor
instanceKlass org/hibernate/metamodel/mapping/internal/SqlTypedMappingImpl
instanceKlass org/hibernate/property/access/internal/ChainedPropertyAccessImpl
instanceKlass org/hibernate/metamodel/mapping/MappingModelCreationLogging
instanceKlass org/hibernate/metamodel/mapping/internal/PluralAttributeMappingImpl$1
instanceKlass org/hibernate/metamodel/mapping/PluralAttributeMapping$IndexMetadata
instanceKlass org/hibernate/metamodel/mapping/internal/MappingModelCreationHelper$CollectionMappingTypeImpl
instanceKlass org/hibernate/metamodel/mapping/internal/MappingModelCreationHelper$2
instanceKlass org/hibernate/metamodel/mapping/internal/AbstractEntityCollectionPart
instanceKlass org/hibernate/metamodel/mapping/internal/ImmutableAttributeMappingsMap$AttributeMappingIterator
instanceKlass org/hibernate/metamodel/mapping/internal/ImmutableAttributeMappingsMap$AttributeMappingIterable
instanceKlass org/hibernate/metamodel/mapping/internal/ImmutableAttributeMappingList
instanceKlass org/hibernate/metamodel/mapping/AttributeMappingsList
instanceKlass org/hibernate/metamodel/mapping/internal/ImmutableAttributeMappingList$Builder
instanceKlass org/hibernate/metamodel/mapping/internal/MappingModelCreationProcess$PostInitCallbackEntry
instanceKlass org/hibernate/metamodel/mapping/internal/MappingModelCreationProcess$PostInitCallback
instanceKlass org/hibernate/sql/results/graph/entity/EntityFetch
instanceKlass org/hibernate/sql/results/graph/entity/EntityResultGraphNode
instanceKlass org/hibernate/metamodel/mapping/internal/FetchOptionsHelper$1
instanceKlass org/hibernate/metamodel/mapping/internal/FetchOptionsHelper
instanceKlass org/hibernate/metamodel/mapping/internal/MappingModelCreationHelper$1
instanceKlass org/hibernate/metamodel/mapping/internal/ImmutableAttributeMappingsMap
instanceKlass org/hibernate/metamodel/mapping/SelectablePath
instanceKlass org/hibernate/metamodel/mapping/EmbeddableMappingType
instanceKlass org/hibernate/metamodel/mapping/internal/SimpleAttributeMetadata
instanceKlass org/hibernate/sql/ast/tree/update/Assignable
instanceKlass org/hibernate/boot/model/internal/SoftDeleteHelper
instanceKlass org/hibernate/engine/spi/IdentifierValue
instanceKlass org/hibernate/engine/spi/UnsavedValueStrategy
instanceKlass org/hibernate/engine/internal/UnsavedValueFactory
instanceKlass org/hibernate/sql/results/graph/Fetch
instanceKlass org/hibernate/metamodel/mapping/internal/BasicEntityIdentifierMappingImpl
instanceKlass org/hibernate/metamodel/mapping/BasicEntityIdentifierMapping
instanceKlass org/hibernate/metamodel/mapping/internal/SingleAttributeIdentifierMapping
instanceKlass org/hibernate/metamodel/mapping/internal/MappingModelCreationProcess$SubPartMappingProducer
instanceKlass org/hibernate/internal/util/LazyValue
instanceKlass org/hibernate/metamodel/mapping/internal/MappingModelCreationProcess
instanceKlass org/hibernate/persister/collection/mutation/RemoveCoordinatorNoOp
instanceKlass org/hibernate/persister/collection/mutation/DeleteRowsCoordinatorNoOp
instanceKlass org/hibernate/persister/collection/mutation/AbstractUpdateRowsCoordinator
instanceKlass org/hibernate/persister/collection/mutation/InsertRowsCoordinatorNoOp
instanceKlass org/hibernate/sql/model/ModelMutationLogging
instanceKlass org/hibernate/engine/jdbc/mutation/JdbcValueBindings
instanceKlass org/hibernate/persister/collection/mutation/RowMutationOperations
instanceKlass org/hibernate/sql/model/TableMapping$MutationDetails
instanceKlass org/hibernate/persister/collection/mutation/CollectionTableMapping
instanceKlass org/hibernate/dialect/Dialect$4
instanceKlass org/hibernate/sql/ForUpdateFragment
instanceKlass org/hibernate/sql/ComparisonRestriction
instanceKlass org/hibernate/sql/Restriction
instanceKlass org/hibernate/sql/SimpleSelect
instanceKlass org/hibernate/sql/RestrictionRenderingContext
instanceKlass org/hibernate/cache/spi/entry/UnstructuredCacheEntry
instanceKlass org/hibernate/collection/internal/CustomCollectionTypeSemantics
instanceKlass org/hibernate/collection/internal/StandardCollectionSemanticsResolver
instanceKlass org/hibernate/persister/collection/mutation/InsertRowsCoordinator
instanceKlass org/hibernate/persister/collection/mutation/DeleteRowsCoordinator
instanceKlass org/hibernate/persister/collection/mutation/UpdateRowsCoordinator
instanceKlass org/hibernate/persister/collection/mutation/RemoveCoordinator
instanceKlass org/hibernate/persister/collection/mutation/CollectionOperationCoordinator
instanceKlass org/hibernate/sql/model/jdbc/JdbcMutationOperation
instanceKlass org/hibernate/sql/exec/spi/JdbcOperation
instanceKlass org/hibernate/query/spi/QueryOptions
instanceKlass org/hibernate/metamodel/mapping/SelectableConsumer
instanceKlass org/hibernate/loader/ast/spi/CollectionLoader
instanceKlass org/hibernate/sql/model/ast/RestrictedTableMutation
instanceKlass org/hibernate/sql/model/ast/TableMutation
instanceKlass org/hibernate/persister/collection/AbstractCollectionPersister
instanceKlass org/hibernate/persister/collection/DeprecatedCollectionStuff
instanceKlass org/hibernate/metadata/CollectionMetadata
instanceKlass org/hibernate/persister/collection/SQLLoadableCollection
instanceKlass org/hibernate/persister/collection/QueryableCollection
instanceKlass org/hibernate/metamodel/mapping/internal/PluralAttributeMappingImpl$Aware
instanceKlass org/hibernate/persister/collection/mutation/CollectionMutationTarget
instanceKlass com/jobwork/domain/ProductEntry$HibernateInstantiator$4SRb6RSy
instanceKlass com/jobwork/domain/BheemName$HibernateInstantiator$Qfeh2X49
instanceKlass com/jobwork/domain/YarnEntry$HibernateInstantiator$w1BnuHyk
instanceKlass com/jobwork/domain/DeliveryLocation$HibernateInstantiator$I8XJiBkw
instanceKlass com/jobwork/domain/YarnType$HibernateInstantiator$ngWABiW5
instanceKlass com/jobwork/domain/JobWorker$HibernateInstantiator$OXfB8MST
instanceKlass com/jobwork/domain/Wrapper$HibernateInstantiator$RLVWoGNq
instanceKlass com/jobwork/domain/Taar$HibernateInstantiator$QYqvGXSG
instanceKlass com/jobwork/domain/ProductType$HibernateInstantiator$03YVY85w
instanceKlass java/lang/reflect/AnnotatedParameterizedType
instanceKlass net/bytebuddy/description/type/TypeDescription$Generic$AnnotationReader$ForTypeArgument$AnnotatedParameterizedType
instanceKlass org/hibernate/internal/util/MarkerObject
instanceKlass com/jobwork/domain/MoneyReceipt$HibernateInstantiator$1tQ9UmXI
instanceKlass com/jobwork/domain/Unit$HibernateInstantiator$6SX4tWAm
instanceKlass com/jobwork/domain/BheemEntry$HibernateInstantiator$hg2cs4oN
instanceKlass org/hibernate/bytecode/enhance/spi/interceptor/BytecodeInterceptorLogging
instanceKlass org/hibernate/metamodel/model/domain/internal/EntityPersisterConcurrentMap$EntityPersisterHolder
instanceKlass org/hibernate/jdbc/Expectation$OutParameter
instanceKlass org/hibernate/jdbc/Expectation$RowCount
instanceKlass org/hibernate/jdbc/Expectation$None
instanceKlass org/hibernate/jdbc/Expectations
instanceKlass org/hibernate/jdbc/Expectation
instanceKlass org/hibernate/boot/model/relational/QualifiedNameParser$NameParts
instanceKlass org/hibernate/metamodel/mapping/internal/EntityCollectionPart
instanceKlass org/hibernate/metamodel/mapping/NonAggregatedIdentifierMapping
instanceKlass org/hibernate/metamodel/mapping/CompositeIdentifierMapping
instanceKlass org/hibernate/sql/results/graph/embeddable/EmbeddableValuedFetchable
instanceKlass org/hibernate/metamodel/mapping/ForeignKeyDescriptor
instanceKlass org/hibernate/metamodel/mapping/SingularAttributeMapping
instanceKlass org/hibernate/sql/ast/tree/from/LazyTableGroup$ParentTableGroupUseChecker
instanceKlass org/hibernate/metamodel/mapping/EntityAssociationMapping
instanceKlass org/hibernate/metamodel/mapping/Association
instanceKlass org/hibernate/sql/results/graph/entity/EntityValuedFetchable
instanceKlass org/hibernate/metamodel/mapping/internal/AbstractAttributeMapping
instanceKlass org/hibernate/metamodel/mapping/PluralAttributeMapping
instanceKlass org/hibernate/metamodel/mapping/CollectionIdentifierDescriptor
instanceKlass org/hibernate/metamodel/mapping/CollectionPart
instanceKlass org/hibernate/metamodel/mapping/CollectionMappingType
instanceKlass org/hibernate/metamodel/mapping/EmbeddableValuedModelPart
instanceKlass org/hibernate/sql/ast/tree/from/TableGroupJoinProducer
instanceKlass org/hibernate/metamodel/mapping/internal/MappingModelCreationHelper
instanceKlass org/hibernate/cache/spi/entry/CacheEntryStructure
instanceKlass org/hibernate/persister/entity/AbstractEntityPersister$NoopCacheEntryHelper
instanceKlass org/hibernate/sql/ast/spi/StringBuilderSqlAppender
instanceKlass org/hibernate/loader/internal/AliasConstantsHelper
instanceKlass org/hibernate/persister/entity/AbstractPropertyMapping
instanceKlass org/hibernate/metamodel/internal/AbstractPojoInstantiator
instanceKlass org/hibernate/property/access/spi/SetterMethodImpl
instanceKlass org/hibernate/property/access/spi/GetterMethodImpl
instanceKlass org/hibernate/property/access/internal/PropertyAccessEmbeddedImpl
instanceKlass com/jobwork/domain/ProductName$HibernateInstantiator$BxAhRWa1
instanceKlass net/bytebuddy/implementation/MethodCall$TargetHandler$ForConstructingInvocation
instanceKlass net/bytebuddy/implementation/MethodCall$TargetHandler$Resolved
instanceKlass net/bytebuddy/implementation/MethodCall$MethodInvoker$ForContextualInvocation
instanceKlass net/bytebuddy/implementation/MethodCall$Appender
instanceKlass net/bytebuddy/implementation/MethodCall$TerminationHandler
instanceKlass net/bytebuddy/implementation/MethodCall$MethodInvoker
instanceKlass net/bytebuddy/implementation/MethodCall$TargetHandler
instanceKlass net/bytebuddy/implementation/MethodCall$MethodLocator$ForExplicitMethod
instanceKlass net/bytebuddy/implementation/MethodCall$MethodLocator
instanceKlass net/bytebuddy/implementation/MethodCall$MethodInvoker$Factory
instanceKlass net/bytebuddy/implementation/MethodCall$TargetHandler$Factory
instanceKlass net/bytebuddy/implementation/MethodCall$ArgumentLoader$ForInstance$Factory
instanceKlass net/bytebuddy/implementation/MethodCall$ArgumentLoader$Factory
instanceKlass net/bytebuddy/implementation/MethodCall$ArgumentLoader$ArgumentProvider
instanceKlass net/bytebuddy/implementation/MethodCall$ArgumentLoader
instanceKlass net/bytebuddy/implementation/MethodCall$MethodLocator$Factory
instanceKlass net/bytebuddy/implementation/MethodCall$TerminationHandler$Factory
instanceKlass net/bytebuddy/implementation/MethodCall
instanceKlass org/hibernate/bytecode/spi/ReflectionOptimizer$InstantiationOptimizer
instanceKlass net/bytebuddy/description/type/PackageDescription$AbstractBase
instanceKlass net/bytebuddy/dynamic/loading/ClassInjector$UsingLookup$MethodHandles$Lookup
instanceKlass net/bytebuddy/utility/dispatcher/JavaDispatcher$Dispatcher$ForStaticMethod
instanceKlass net/bytebuddy/dynamic/loading/ClassInjector$UsingLookup$MethodHandles
instanceKlass net/bytebuddy/dynamic/loading/ClassInjector$AbstractBase
instanceKlass net/bytebuddy/dynamic/loading/ClassInjector
instanceKlass net/bytebuddy/dynamic/loading/ClassLoadingStrategy$UsingLookup
instanceKlass net/bytebuddy/dynamic/DynamicType$Loaded
instanceKlass net/bytebuddy/dynamic/DynamicType$Default
instanceKlass net/bytebuddy/dynamic/DynamicType$Unloaded
instanceKlass net/bytebuddy/dynamic/DynamicType
instanceKlass net/bytebuddy/dynamic/scaffold/TypeWriter$Default$UnresolvedType
instanceKlass net/bytebuddy/implementation/bytecode/constant/ClassConstant$ForReferenceType
instanceKlass net/bytebuddy/implementation/bytecode/ByteCodeAppender$Compound
instanceKlass net/bytebuddy/dynamic/scaffold/TypeInitializer$Simple
instanceKlass net/bytebuddy/implementation/bytecode/ByteCodeAppender$Simple
instanceKlass net/bytebuddy/dynamic/scaffold/TypeInitializer$Drain$Default
instanceKlass net/bytebuddy/description/method/MethodDescription$SignatureToken
instanceKlass net/bytebuddy/implementation/bytecode/Removal$2
instanceKlass net/bytebuddy/implementation/bytecode/assign/primitive/PrimitiveBoxingDelegate$BoxingStackManipulation
instanceKlass net/bytebuddy/implementation/bytecode/assign/primitive/PrimitiveUnboxingDelegate$ImplicitlyTypedUnboxingResponsible
instanceKlass net/bytebuddy/implementation/bytecode/assign/primitive/PrimitiveUnboxingDelegate$UnboxingResponsible
instanceKlass net/bytebuddy/implementation/bytecode/ByteCodeAppender$Size
instanceKlass net/bytebuddy/implementation/Implementation$Context$Default$FieldCacheEntry
instanceKlass net/bytebuddy/implementation/bytecode/member/MethodInvocation$WithImplicitInvocationTargetType
instanceKlass net/bytebuddy/implementation/bind/MethodDelegationBinder$MethodBinding$Builder$Build
instanceKlass net/bytebuddy/implementation/bytecode/member/FieldAccess$AccessDispatcher
instanceKlass net/bytebuddy/implementation/bytecode/member/FieldAccess$Defined
instanceKlass net/bytebuddy/description/type/TypeDefinition$SuperClassIterator
instanceKlass net/bytebuddy/implementation/bytecode/collection/ArrayFactory$ArrayStackManipulation
instanceKlass net/bytebuddy/implementation/bytecode/collection/ArrayFactory$ArrayCreator
instanceKlass net/bytebuddy/implementation/bytecode/collection/ArrayFactory
instanceKlass net/bytebuddy/implementation/bytecode/collection/CollectionFactory
instanceKlass java/lang/reflect/AnnotatedArrayType
instanceKlass net/bytebuddy/description/type/TypeDescription$Generic$AnnotationReader$ForComponentType$AnnotatedParameterizedType
instanceKlass net/bytebuddy/implementation/bytecode/constant/MethodConstant$CachedMethod
instanceKlass net/bytebuddy/implementation/bytecode/constant/MethodConstant$CanCache
instanceKlass net/bytebuddy/implementation/bytecode/member/MethodVariableAccess$MethodLoading$TypeCastingHandler
instanceKlass net/bytebuddy/implementation/bind/MethodDelegationBinder$MethodBinding$Builder
instanceKlass net/bytebuddy/implementation/bytecode/StackManipulation$Size
instanceKlass net/bytebuddy/description/type/TypeDescription$Generic$AnnotationReader$Delegator$ForLoadedExecutableExceptionType$Dispatcher
instanceKlass net/bytebuddy/dynamic/scaffold/TypeWriter$MethodPool$Record$AccessBridgeWrapper
instanceKlass net/bytebuddy/implementation/attribute/AnnotationAppender$Target$OnField
instanceKlass net/bytebuddy/dynamic/scaffold/TypeWriter$FieldPool$Record$ForExplicitField
instanceKlass net/bytebuddy/jar/asm/TypeReference
instanceKlass net/bytebuddy/implementation/attribute/AnnotationAppender$ForTypeAnnotations
instanceKlass net/bytebuddy/implementation/attribute/AnnotationAppender$Target$OnType
instanceKlass net/bytebuddy/implementation/attribute/AnnotationAppender$Default
instanceKlass net/bytebuddy/description/type/TypeDescription$Generic$Visitor$ForSignatureVisitor
instanceKlass net/bytebuddy/jar/asm/signature/SignatureVisitor
instanceKlass net/bytebuddy/dynamic/scaffold/TypeWriter$Default$ValidatingClassVisitor$Constraint
instanceKlass net/bytebuddy/dynamic/scaffold/TypeWriter$MethodPool$Record$ForDefinedMethod
instanceKlass net/bytebuddy/implementation/Implementation$Context$ExtractableView$AbstractBase
instanceKlass net/bytebuddy/description/type/RecordComponentDescription$InDefinedShape
instanceKlass net/bytebuddy/description/type/RecordComponentDescription
instanceKlass net/bytebuddy/dynamic/scaffold/TypeInitializer$Drain
instanceKlass net/bytebuddy/dynamic/scaffold/TypeWriter$Default$ClassDumpAction$Dispatcher$Enabled
instanceKlass net/bytebuddy/dynamic/scaffold/TypeWriter$Default$ClassDumpAction$Dispatcher
instanceKlass net/bytebuddy/dynamic/scaffold/inline/MethodRebaseResolver
instanceKlass net/bytebuddy/dynamic/scaffold/TypeWriter$Default
instanceKlass net/bytebuddy/dynamic/scaffold/TypeWriter
instanceKlass net/bytebuddy/pool/TypePool$Resolution$Simple
instanceKlass net/bytebuddy/pool/TypePool$Resolution$Illegal
instanceKlass net/bytebuddy/dynamic/scaffold/TypeWriter$RecordComponentPool$Record
instanceKlass net/bytebuddy/dynamic/scaffold/RecordComponentRegistry$Default$Compiled
instanceKlass net/bytebuddy/dynamic/scaffold/FieldRegistry$Default$Compiled
instanceKlass net/bytebuddy/description/type/TypeVariableToken
instanceKlass net/bytebuddy/description/type/TypeDescription$Generic$Visitor$Reducing
instanceKlass net/bytebuddy/description/field/FieldDescription$SignatureToken
instanceKlass net/bytebuddy/dynamic/scaffold/TypeWriter$FieldPool$Record
instanceKlass net/bytebuddy/dynamic/scaffold/FieldRegistry$Default$Compiled$Entry
instanceKlass net/bytebuddy/dynamic/scaffold/TypeWriter$MethodPool$Record$ForNonImplementedMethod
instanceKlass net/bytebuddy/dynamic/scaffold/MethodRegistry$Default$Compiled
instanceKlass net/bytebuddy/implementation/SuperMethodCall$Appender
instanceKlass net/bytebuddy/dynamic/scaffold/FieldLocator$Resolution$Simple
instanceKlass net/bytebuddy/dynamic/scaffold/FieldLocator$Resolution
instanceKlass net/bytebuddy/implementation/FieldAccessor$FieldLocation$Relative$Prepared
instanceKlass net/bytebuddy/implementation/FieldAccessor$ForImplicitProperty$Appender
instanceKlass net/bytebuddy/dynamic/scaffold/MethodRegistry$Default$Compiled$Entry
instanceKlass net/bytebuddy/implementation/bind/MethodDelegationBinder$Processor
instanceKlass net/bytebuddy/implementation/MethodDelegation$Appender
instanceKlass net/bytebuddy/implementation/bind/MethodDelegationBinder$MethodInvoker
instanceKlass net/bytebuddy/implementation/MethodDelegation$ImplementationDelegate$Compiled$ForStaticCall
instanceKlass net/bytebuddy/dynamic/scaffold/TypeWriter$MethodPool$Record
instanceKlass net/bytebuddy/dynamic/scaffold/MethodRegistry$Handler$ForImplementation$Compiled
instanceKlass net/bytebuddy/implementation/Implementation$SpecialMethodInvocation
instanceKlass net/bytebuddy/implementation/Implementation$Target$AbstractBase
instanceKlass net/bytebuddy/implementation/Implementation$Target
instanceKlass net/bytebuddy/dynamic/scaffold/MethodRegistry$Compiled
instanceKlass net/bytebuddy/dynamic/scaffold/TypeWriter$MethodPool
instanceKlass net/bytebuddy/dynamic/scaffold/MethodRegistry$Default$Prepared
instanceKlass net/bytebuddy/dynamic/scaffold/MethodRegistry$Default$Prepared$Entry
instanceKlass net/bytebuddy/dynamic/scaffold/MethodGraph$Linked$Delegation
instanceKlass net/bytebuddy/dynamic/scaffold/MethodGraph$Compiler$Default$Key$Store$Graph
instanceKlass net/bytebuddy/dynamic/scaffold/MethodGraph$Compiler$Default$Key$Store$Entry$Resolved$Node
instanceKlass org/hibernate/proxy/LazyInitializer
instanceKlass net/bytebuddy/description/modifier/Visibility$1
instanceKlass net/bytebuddy/dynamic/scaffold/MethodGraph$Node
instanceKlass net/bytebuddy/dynamic/scaffold/MethodGraph$Compiler$Default$Harmonizer$ForJavaMethod$Token
instanceKlass net/bytebuddy/description/method/MethodDescription$TypeToken
instanceKlass net/bytebuddy/dynamic/scaffold/MethodGraph$Compiler$Default$Key
instanceKlass net/bytebuddy/dynamic/scaffold/MethodGraph$Compiler$Default$Key$Store$Entry$Ambiguous
instanceKlass net/bytebuddy/dynamic/scaffold/MethodGraph$Compiler$Default$Key$Store$Entry$Resolved
instanceKlass net/bytebuddy/dynamic/scaffold/MethodGraph$Compiler$Default$Key$Store$Entry$Initial
instanceKlass net/bytebuddy/dynamic/scaffold/MethodGraph$Compiler$Default$Key$Store$Entry
instanceKlass net/bytebuddy/dynamic/scaffold/MethodGraph$Compiler$Default$Key$Store
instanceKlass net/bytebuddy/dynamic/scaffold/subclass/SubclassDynamicTypeBuilder$InstrumentableMatcher
instanceKlass net/bytebuddy/description/type/TypeDescription$Generic$LazyProxy
instanceKlass net/bytebuddy/description/type/TypeDescription$Generic$AnnotationReader$Delegator$ForLoadedExecutableParameterType$Dispatcher
instanceKlass net/bytebuddy/description/method/ParameterDescription$Token
instanceKlass net/bytebuddy/description/method/ParameterDescription$InGenericShape
instanceKlass net/bytebuddy/description/method/MethodDescription$Token
instanceKlass net/bytebuddy/description/method/MethodDescription$InGenericShape
instanceKlass net/bytebuddy/pool/TypePool$CacheProvider$Simple
instanceKlass net/bytebuddy/pool/TypePool$CacheProvider
instanceKlass net/bytebuddy/pool/TypePool$Resolution
instanceKlass net/bytebuddy/pool/TypePool$AbstractBase
instanceKlass net/bytebuddy/dynamic/TypeResolutionStrategy$Resolved
instanceKlass net/bytebuddy/matcher/LatentMatcher$Disjunction
instanceKlass net/bytebuddy/dynamic/scaffold/FieldRegistry$Default$Entry
instanceKlass net/bytebuddy/matcher/LatentMatcher$ForFieldToken
instanceKlass net/bytebuddy/implementation/attribute/FieldAttributeAppender
instanceKlass net/bytebuddy/description/field/FieldDescription$Token
instanceKlass net/bytebuddy/implementation/attribute/FieldAttributeAppender$Factory
instanceKlass net/bytebuddy/dynamic/scaffold/MethodRegistry$Default$Entry
instanceKlass net/bytebuddy/implementation/attribute/MethodAttributeAppender
instanceKlass net/bytebuddy/dynamic/Transformer
instanceKlass net/bytebuddy/dynamic/scaffold/MethodRegistry$Handler$Compiled
instanceKlass net/bytebuddy/dynamic/scaffold/MethodRegistry$Handler$ForImplementation
instanceKlass net/bytebuddy/dynamic/DynamicType$Builder$MethodDefinition$ImplementationDefinition$AbstractBase
instanceKlass net/bytebuddy/implementation/attribute/AnnotationAppender
instanceKlass net/bytebuddy/implementation/attribute/AnnotationAppender$Target
instanceKlass net/bytebuddy/dynamic/scaffold/RecordComponentRegistry$Compiled
instanceKlass net/bytebuddy/dynamic/scaffold/RecordComponentRegistry$Default
instanceKlass net/bytebuddy/dynamic/scaffold/MethodRegistry$Prepared
instanceKlass net/bytebuddy/dynamic/scaffold/MethodRegistry$Default
instanceKlass net/bytebuddy/dynamic/scaffold/FieldRegistry$Compiled
instanceKlass net/bytebuddy/dynamic/scaffold/FieldRegistry$Default
instanceKlass net/bytebuddy/description/type/TypeDescription$Generic$Visitor$Substitutor
instanceKlass net/bytebuddy/description/TypeVariableSource$Visitor
instanceKlass net/bytebuddy/description/modifier/ModifierContributor$ForParameter
instanceKlass net/bytebuddy/description/type/TypeDescription$LazyProxy
instanceKlass net/bytebuddy/dynamic/scaffold/RecordComponentRegistry
instanceKlass net/bytebuddy/dynamic/scaffold/MethodRegistry
instanceKlass net/bytebuddy/dynamic/scaffold/FieldRegistry
instanceKlass net/bytebuddy/dynamic/scaffold/TypeWriter$RecordComponentPool
instanceKlass net/bytebuddy/dynamic/scaffold/TypeWriter$FieldPool
instanceKlass net/bytebuddy/implementation/Implementation$Target$Factory
instanceKlass net/bytebuddy/implementation/attribute/TypeAttributeAppender
instanceKlass net/bytebuddy/asm/AsmVisitorWrapper
instanceKlass net/bytebuddy/dynamic/DynamicType$Builder$TypeVariableDefinition
instanceKlass net/bytebuddy/dynamic/DynamicType$Builder$FieldDefinition$Optional$Valuable
instanceKlass net/bytebuddy/dynamic/DynamicType$Builder$FieldDefinition$Valuable
instanceKlass net/bytebuddy/dynamic/DynamicType$Builder$MethodDefinition$ImplementationDefinition$Optional
instanceKlass net/bytebuddy/dynamic/DynamicType$Builder$InnerTypeDefinition$ForType
instanceKlass net/bytebuddy/dynamic/DynamicType$Builder$InnerTypeDefinition
instanceKlass net/bytebuddy/dynamic/DynamicType$Builder$RecordComponentDefinition$Optional
instanceKlass net/bytebuddy/dynamic/DynamicType$Builder$RecordComponentDefinition
instanceKlass net/bytebuddy/dynamic/TypeResolutionStrategy
instanceKlass net/bytebuddy/dynamic/DynamicType$Builder$FieldDefinition$Optional
instanceKlass net/bytebuddy/dynamic/DynamicType$Builder$FieldDefinition
instanceKlass net/bytebuddy/dynamic/DynamicType$Builder$MethodDefinition$ReceiverTypeDefinition
instanceKlass net/bytebuddy/dynamic/DynamicType$Builder$MethodDefinition
instanceKlass net/bytebuddy/dynamic/DynamicType$Builder$MethodDefinition$ParameterDefinition$Initial
instanceKlass net/bytebuddy/dynamic/DynamicType$Builder$MethodDefinition$ParameterDefinition$Simple
instanceKlass net/bytebuddy/dynamic/DynamicType$Builder$MethodDefinition$ParameterDefinition
instanceKlass net/bytebuddy/dynamic/DynamicType$Builder$MethodDefinition$ExceptionDefinition
instanceKlass net/bytebuddy/dynamic/DynamicType$Builder$MethodDefinition$TypeVariableDefinition
instanceKlass net/bytebuddy/dynamic/DynamicType$Builder$MethodDefinition$ImplementationDefinition
instanceKlass net/bytebuddy/dynamic/DynamicType$Builder$AbstractBase
instanceKlass net/bytebuddy/dynamic/scaffold/MethodRegistry$Handler
instanceKlass net/bytebuddy/implementation/attribute/MethodAttributeAppender$Factory
instanceKlass net/bytebuddy/NamingStrategy$Suffixing$BaseNameResolver$ForFixedValue
instanceKlass org/hibernate/bytecode/internal/bytebuddy/ByteBuddyState$1
instanceKlass net/bytebuddy/TypeCache$LookupKey
instanceKlass net/bytebuddy/TypeCache$SimpleKey
instanceKlass org/hibernate/proxy/pojo/bytebuddy/ByteBuddyProxyFactory
instanceKlass org/hibernate/proxy/ProxyFactory
instanceKlass org/hibernate/bytecode/spi/BasicProxyFactory
instanceKlass org/hibernate/bytecode/internal/bytebuddy/ProxyFactoryFactoryImpl
instanceKlass org/hibernate/proxy/pojo/ProxyFactoryHelper
instanceKlass org/hibernate/property/access/spi/SetterFieldImpl
instanceKlass org/hibernate/property/access/spi/GetterFieldImpl
instanceKlass org/hibernate/property/access/spi/Setter
instanceKlass org/hibernate/property/access/spi/Getter
instanceKlass org/hibernate/property/access/internal/PropertyAccessFieldImpl
instanceKlass org/hibernate/property/access/internal/PropertyAccessStrategyNoopImpl
instanceKlass org/hibernate/property/access/internal/PropertyAccessStrategyEmbeddedImpl
instanceKlass org/hibernate/property/access/internal/PropertyAccessStrategyMapImpl
instanceKlass org/hibernate/property/access/internal/PropertyAccessStrategyMixedImpl
instanceKlass org/hibernate/property/access/internal/PropertyAccessStrategyFieldImpl
instanceKlass org/hibernate/property/access/spi/PropertyAccess
instanceKlass org/hibernate/property/access/internal/PropertyAccessStrategyBasicImpl
instanceKlass org/hibernate/property/access/internal/PropertyAccessStrategyResolverStandardImpl
instanceKlass org/hibernate/classic/Lifecycle
instanceKlass org/hibernate/metamodel/spi/EntityInstantiator
instanceKlass org/hibernate/metamodel/internal/EntityRepresentationStrategyPojoStandard
instanceKlass org/hibernate/engine/internal/MutableEntityEntryFactory
instanceKlass org/hibernate/engine/spi/CascadingActions$BaseCascadingAction
instanceKlass org/hibernate/engine/spi/CascadingAction
instanceKlass org/hibernate/engine/spi/CascadingActions
instanceKlass org/hibernate/tuple/BaselineAttributeInformation
instanceKlass org/hibernate/engine/spi/CascadeStyles$BaseCascadeStyle
instanceKlass org/hibernate/engine/spi/CascadeStyles
instanceKlass org/hibernate/tuple/BaselineAttributeInformation$Builder
instanceKlass org/hibernate/tuple/PropertyFactory$1
instanceKlass org/hibernate/bytecode/enhance/spi/interceptor/EnhancementHelper
instanceKlass org/hibernate/bytecode/enhance/spi/interceptor/EnhancementHelper$InheritanceChecker
instanceKlass org/hibernate/bytecode/enhance/spi/interceptor/LazyAttributesMetadata
instanceKlass org/hibernate/engine/internal/ManagedTypeHelper$TypeMeta
instanceKlass org/hibernate/engine/internal/ManagedTypeHelper
instanceKlass org/hibernate/bytecode/internal/BytecodeEnhancementMetadataPojoImpl
instanceKlass org/hibernate/tuple/AbstractAttribute
instanceKlass org/hibernate/tuple/IdentifierAttribute
instanceKlass org/hibernate/tuple/PropertyFactory
instanceKlass org/hibernate/tuple/NonIdentifierAttribute
instanceKlass org/hibernate/tuple/Attribute
instanceKlass org/hibernate/bytecode/spi/BytecodeEnhancementMetadata
instanceKlass org/hibernate/tuple/entity/EntityMetamodel
instanceKlass org/hibernate/sql/ast/spi/SqlAliasStemHelper
instanceKlass org/hibernate/metamodel/mapping/internal/EmptyAttributeMappingsMap
instanceKlass org/hibernate/metamodel/mapping/AttributeMappingsMap$Builder
instanceKlass org/hibernate/metamodel/mapping/AttributeMappingsMap
instanceKlass org/hibernate/internal/util/collections/LazyIndexedMap
instanceKlass org/hibernate/persister/entity/EntityPersister$1
instanceKlass org/hibernate/loader/ast/spi/SingleUniqueKeyEntityLoader
instanceKlass org/hibernate/sql/results/graph/DomainResultCreationState
instanceKlass org/hibernate/sql/ast/spi/SqlAliasBase
instanceKlass org/hibernate/sql/ast/tree/predicate/PredicateContainer
instanceKlass org/hibernate/sql/ast/tree/select/QueryPart
instanceKlass org/hibernate/metamodel/mapping/NaturalIdMapping
instanceKlass org/hibernate/persister/entity/mutation/InsertCoordinator
instanceKlass org/hibernate/metamodel/mapping/EntityIdentifierMapping
instanceKlass org/hibernate/metamodel/mapping/EntityDiscriminatorMapping
instanceKlass org/hibernate/sql/results/graph/FetchOptions
instanceKlass org/hibernate/sql/results/graph/FetchStyleAccess
instanceKlass org/hibernate/sql/results/graph/FetchTimingAccess
instanceKlass org/hibernate/persister/entity/mutation/DeleteCoordinator
instanceKlass org/hibernate/metamodel/mapping/EntityVersionMapping
instanceKlass org/hibernate/metamodel/mapping/SoftDeleteMapping
instanceKlass org/hibernate/persister/entity/mutation/UpdateCoordinator
instanceKlass org/hibernate/persister/entity/mutation/MutationCoordinator
instanceKlass org/hibernate/metamodel/mapping/AttributeMetadata
instanceKlass org/hibernate/metamodel/mapping/AttributeMapping
instanceKlass org/hibernate/type/descriptor/java/MutabilityPlanExposer
instanceKlass org/hibernate/metamodel/mapping/PropertyBasedMapping
instanceKlass org/hibernate/sql/results/graph/DatabaseSnapshotContributor
instanceKlass org/hibernate/metamodel/mapping/OwnedValuedModelPart
instanceKlass org/hibernate/sql/results/graph/DomainResult
instanceKlass org/hibernate/sql/results/graph/FetchParent
instanceKlass org/hibernate/sql/results/graph/DomainResultGraphNode
instanceKlass org/hibernate/metamodel/mapping/DiscriminatorType
instanceKlass org/hibernate/type/ConvertedBasicType
instanceKlass org/hibernate/metamodel/mapping/DiscriminatorConverter
instanceKlass org/hibernate/loader/ast/spi/SingleIdEntityLoader
instanceKlass org/hibernate/loader/ast/spi/SingleEntityLoader
instanceKlass org/hibernate/persister/entity/AbstractEntityPersister$CacheEntryHelper
instanceKlass org/hibernate/sql/ast/tree/from/TableGroup
instanceKlass org/hibernate/query/sqm/sql/internal/SqmPathInterpretation
instanceKlass org/hibernate/sql/ast/tree/from/TableReference
instanceKlass org/hibernate/sql/ast/tree/from/ColumnReferenceQualifier
instanceKlass org/hibernate/loader/ast/spi/MultiIdEntityLoader
instanceKlass org/hibernate/loader/ast/spi/EntityMultiLoader
instanceKlass org/hibernate/loader/ast/spi/MultiKeyLoader
instanceKlass org/hibernate/loader/ast/spi/EntityLoader
instanceKlass org/hibernate/loader/ast/spi/Loader
instanceKlass org/hibernate/engine/spi/EntityEntryFactory
instanceKlass org/hibernate/internal/FilterAliasGenerator
instanceKlass org/hibernate/metamodel/mapping/DiscriminatorMapping
instanceKlass org/hibernate/metamodel/mapping/BasicValuedModelPart
instanceKlass org/hibernate/metamodel/mapping/SelectableMapping
instanceKlass org/hibernate/metamodel/mapping/SqlTypedMapping
instanceKlass org/hibernate/sql/results/graph/Fetchable
instanceKlass org/hibernate/metamodel/mapping/ValuedModelPart
instanceKlass org/hibernate/metamodel/mapping/SelectableMappings
instanceKlass org/hibernate/metamodel/mapping/VirtualModelPart
instanceKlass org/hibernate/metamodel/mapping/ModelPart$JdbcValueBiConsumer
instanceKlass org/hibernate/persister/entity/AbstractEntityPersister
instanceKlass org/hibernate/persister/entity/DeprecatedEntityStuff
instanceKlass org/hibernate/persister/entity/Queryable
instanceKlass org/hibernate/persister/entity/PropertyMapping
instanceKlass org/hibernate/persister/entity/Lockable
instanceKlass org/hibernate/persister/entity/SQLLoadable
instanceKlass org/hibernate/persister/entity/UniqueKeyLoadable
instanceKlass org/hibernate/metadata/ClassMetadata
instanceKlass org/hibernate/persister/entity/OuterJoinLoadable
instanceKlass org/hibernate/persister/entity/Joinable
instanceKlass org/hibernate/persister/entity/Loadable
instanceKlass org/hibernate/engine/profile/internal/FetchProfileAffectee
instanceKlass org/hibernate/id/PostInsertIdentityPersister
instanceKlass org/hibernate/bytecode/enhance/spi/LazyPropertyInitializer
instanceKlass org/hibernate/metamodel/mapping/internal/InFlightEntityMappingType
instanceKlass org/hibernate/persister/internal/StandardPersisterClassResolver
instanceKlass org/hibernate/persister/collection/CollectionPersister
instanceKlass org/hibernate/persister/internal/PersisterFactoryImpl
instanceKlass org/hibernate/mapping/MappedSuperclass
instanceKlass org/hibernate/internal/SessionFactoryImpl$1
instanceKlass org/hibernate/Internal
instanceKlass org/hibernate/engine/jdbc/batch/internal/BatchImpl
instanceKlass org/hibernate/engine/jdbc/batch/spi/BatchKey
instanceKlass org/hibernate/engine/jdbc/batch/JdbcBatchLogging
instanceKlass org/hibernate/engine/jdbc/batch/spi/Batch
instanceKlass org/hibernate/engine/jdbc/mutation/group/PreparedStatementGroup
instanceKlass org/hibernate/sql/model/PreparableMutationOperation
instanceKlass org/hibernate/sql/model/TableMapping
instanceKlass org/hibernate/metamodel/mapping/TableDetails
instanceKlass org/hibernate/engine/jdbc/batch/internal/BatchBuilderImpl
instanceKlass org/hibernate/jpa/internal/util/ConfigurationHelper
instanceKlass org/hibernate/jpa/internal/util/LockOptionsHelper
instanceKlass org/hibernate/LockOptions
instanceKlass org/hibernate/internal/ConnectionObserverStatsBridge
instanceKlass org/hibernate/engine/jdbc/spi/ConnectionObserver
instanceKlass org/hibernate/jpa/internal/util/CacheModeHelper$1
instanceKlass org/hibernate/jpa/internal/util/CacheModeHelper
instanceKlass org/hibernate/sql/ast/tree/AbstractStatement
instanceKlass org/hibernate/sql/ast/tree/cte/CteContainer
instanceKlass org/hibernate/query/results/ResultSetMapping
instanceKlass org/hibernate/sql/results/jdbc/spi/JdbcValuesMappingProducer
instanceKlass org/hibernate/sql/results/jdbc/internal/JdbcValuesMappingProducerProviderStandard
instanceKlass org/hibernate/event/internal/EntityCopyNotAllowedObserver
instanceKlass org/hibernate/event/spi/EntityCopyObserver
instanceKlass org/hibernate/sql/model/MutationOperationGroup
instanceKlass org/hibernate/engine/jdbc/mutation/spi/BatchKeyAccess
instanceKlass org/hibernate/engine/jdbc/mutation/MutationExecutor
instanceKlass org/hibernate/engine/jdbc/mutation/internal/StandardMutationExecutorService
instanceKlass org/hibernate/internal/FastSessionServices
instanceKlass org/hibernate/metamodel/model/domain/MappedSuperclassDomainType
instanceKlass jakarta/persistence/metamodel/MappedSuperclassType
instanceKlass org/hibernate/metamodel/model/domain/EntityDomainType
instanceKlass org/hibernate/query/sqm/SqmPathSource
instanceKlass org/hibernate/graph/spi/GraphImplementor
instanceKlass org/hibernate/graph/spi/GraphNodeImplementor
instanceKlass org/hibernate/metamodel/model/domain/IdentifiableDomainType
instanceKlass org/hibernate/metamodel/model/domain/ManagedDomainType
instanceKlass org/hibernate/metamodel/model/domain/internal/JpaMetamodelImpl
instanceKlass org/hibernate/metamodel/model/domain/internal/EntityPersisterConcurrentMap
instanceKlass org/hibernate/metamodel/model/domain/spi/JpaMetamodelImplementor
instanceKlass jakarta/persistence/metamodel/EmbeddableType
instanceKlass jakarta/persistence/metamodel/EntityType
instanceKlass jakarta/persistence/metamodel/Bindable
instanceKlass jakarta/persistence/metamodel/IdentifiableType
instanceKlass jakarta/persistence/metamodel/ManagedType
instanceKlass org/hibernate/metamodel/spi/MetamodelImplementor
instanceKlass org/hibernate/Metamodel
instanceKlass org/hibernate/metamodel/internal/RuntimeMetamodelsImpl
instanceKlass org/hibernate/query/criteria/spi/CriteriaBuilderExtension
instanceKlass org/hibernate/query/criteria/JpaSimpleCase
instanceKlass org/hibernate/query/criteria/JpaSearchedCase
instanceKlass org/hibernate/query/sqm/tree/domain/SqmTreatedPath
instanceKlass org/hibernate/query/sqm/tree/domain/SqmPathWrapper
instanceKlass org/hibernate/query/sqm/tree/from/SqmAttributeJoin
instanceKlass org/hibernate/query/criteria/JpaFetch
instanceKlass jakarta/persistence/criteria/Fetch
instanceKlass org/hibernate/query/sqm/tree/from/SqmQualifiedJoin
instanceKlass org/hibernate/query/sqm/tree/from/SqmJoin
instanceKlass org/hibernate/query/sqm/tree/from/SqmFrom
instanceKlass org/hibernate/query/sqm/tree/domain/SqmPath
instanceKlass org/hibernate/query/sqm/tree/select/SqmSelectQuery
instanceKlass org/hibernate/query/criteria/JpaSubQuery
instanceKlass jakarta/persistence/criteria/Subquery
instanceKlass org/hibernate/query/criteria/JpaQueryGroup
instanceKlass org/hibernate/query/sqm/tree/select/SqmQueryPart
instanceKlass org/hibernate/query/criteria/JpaQueryPart
instanceKlass org/hibernate/metamodel/model/domain/JpaMetamodel
instanceKlass org/hibernate/query/criteria/JpaWindowFrame
instanceKlass org/hibernate/query/criteria/JpaCoalesce
instanceKlass org/hibernate/query/criteria/JpaWindow
instanceKlass org/hibernate/query/criteria/JpaSearchOrder
instanceKlass org/hibernate/query/criteria/JpaParameterExpression
instanceKlass org/hibernate/query/sqm/tree/predicate/SqmInPredicate
instanceKlass org/hibernate/query/sqm/tree/predicate/SqmNegatablePredicate
instanceKlass org/hibernate/query/criteria/JpaCompoundSelection
instanceKlass org/hibernate/query/criteria/JpaListJoin
instanceKlass org/hibernate/query/criteria/JpaCollectionJoin
instanceKlass org/hibernate/query/criteria/JpaSetJoin
instanceKlass org/hibernate/query/criteria/JpaMapJoin
instanceKlass org/hibernate/query/criteria/JpaPluralJoin
instanceKlass org/hibernate/query/criteria/JpaJoin
instanceKlass org/hibernate/query/criteria/JpaJoinedFrom
instanceKlass org/hibernate/query/criteria/JpaRoot
instanceKlass org/hibernate/query/criteria/JpaFrom
instanceKlass org/hibernate/query/criteria/JpaFetchParent
instanceKlass org/hibernate/query/criteria/JpaPath
instanceKlass org/hibernate/query/criteria/JpaCriteriaInsertSelect
instanceKlass org/hibernate/query/criteria/JpaCriteriaInsertValues
instanceKlass org/hibernate/query/criteria/JpaCriteriaInsert
instanceKlass org/hibernate/query/criteria/JpaCriteriaDelete
instanceKlass org/hibernate/query/criteria/JpaCriteriaUpdate
instanceKlass org/hibernate/query/criteria/JpaCriteriaQuery
instanceKlass org/hibernate/query/criteria/JpaSelectCriteria
instanceKlass org/hibernate/query/criteria/JpaOrder
instanceKlass org/hibernate/query/criteria/JpaInPredicate
instanceKlass org/hibernate/query/criteria/JpaValues
instanceKlass jakarta/persistence/criteria/CriteriaBuilder$SimpleCase
instanceKlass jakarta/persistence/criteria/CriteriaBuilder$Case
instanceKlass jakarta/persistence/criteria/CollectionJoin
instanceKlass jakarta/persistence/criteria/SetJoin
instanceKlass jakarta/persistence/criteria/ListJoin
instanceKlass jakarta/persistence/criteria/Root
instanceKlass jakarta/persistence/criteria/MapJoin
instanceKlass jakarta/persistence/criteria/PluralJoin
instanceKlass jakarta/persistence/criteria/Join
instanceKlass jakarta/persistence/criteria/From
instanceKlass jakarta/persistence/criteria/FetchParent
instanceKlass jakarta/persistence/criteria/Path
instanceKlass jakarta/persistence/criteria/CriteriaDelete
instanceKlass jakarta/persistence/criteria/CriteriaUpdate
instanceKlass jakarta/persistence/criteria/CriteriaBuilder$Coalesce
instanceKlass jakarta/persistence/criteria/CriteriaQuery
instanceKlass jakarta/persistence/criteria/AbstractQuery
instanceKlass jakarta/persistence/criteria/Order
instanceKlass jakarta/persistence/criteria/ParameterExpression
instanceKlass jakarta/persistence/Parameter
instanceKlass jakarta/persistence/criteria/CriteriaBuilder$In
instanceKlass jakarta/persistence/criteria/CompoundSelection
instanceKlass org/hibernate/query/sqm/internal/SqmCriteriaNodeBuilder
instanceKlass org/hibernate/query/sql/spi/NativeSelectQueryDefinition
instanceKlass org/hibernate/query/sql/spi/NativeSelectQueryPlan
instanceKlass org/hibernate/query/sql/spi/NativeQueryPlan
instanceKlass org/hibernate/query/spi/SelectQueryPlan
instanceKlass org/hibernate/query/spi/QueryPlan
instanceKlass org/hibernate/engine/query/internal/NativeQueryInterpreterStandardImpl
instanceKlass org/hibernate/internal/util/collections/BoundedConcurrentHashMap$HashEntry
instanceKlass org/hibernate/internal/util/collections/BoundedConcurrentHashMap$LIRS
instanceKlass org/hibernate/internal/util/collections/BoundedConcurrentHashMap$EvictionPolicy
instanceKlass org/hibernate/query/QueryLogging
instanceKlass org/hibernate/query/spi/HqlInterpretation
instanceKlass org/hibernate/query/spi/ParameterMetadataImplementor
instanceKlass org/hibernate/query/ParameterMetadata
instanceKlass org/hibernate/query/internal/QueryInterpretationCacheStandardImpl
instanceKlass org/hibernate/query/named/NamedQueryMemento
instanceKlass org/hibernate/query/internal/NamedObjectRepositoryImpl
instanceKlass org/hibernate/dialect/function/TruncFunction$TruncRenderingSupport
instanceKlass org/hibernate/dialect/function/TruncFunction$TruncArgumentsValidator
instanceKlass org/hibernate/dialect/function/TimestampdiffFunction$TimestampdiffFunctionReturnTypeResolver
instanceKlass org/hibernate/sql/ast/tree/predicate/Predicate
instanceKlass org/hibernate/query/sqm/sql/internal/DomainResultProducer
instanceKlass org/hibernate/sql/ast/tree/expression/Expression
instanceKlass org/hibernate/sql/ast/spi/SqlSelectionProducer
instanceKlass org/hibernate/query/sqm/tree/predicate/SqmPredicate
instanceKlass org/hibernate/query/criteria/JpaPredicate
instanceKlass jakarta/persistence/criteria/Predicate
instanceKlass org/hibernate/query/sqm/produce/function/StandardArgumentsValidators$3
instanceKlass org/hibernate/query/sqm/produce/function/internal/PatternRenderer
instanceKlass org/hibernate/query/sqm/produce/function/PatternFunctionDescriptorBuilder
instanceKlass org/hibernate/query/sqm/produce/function/StandardArgumentsValidators$6
instanceKlass org/hibernate/query/sqm/produce/function/StandardFunctionReturnTypeResolvers$2
instanceKlass org/hibernate/query/sqm/produce/function/StandardFunctionArgumentTypeResolvers$1
instanceKlass org/hibernate/query/sqm/produce/function/StandardFunctionReturnTypeResolvers$1
instanceKlass org/hibernate/sql/ast/tree/SqlAstNode
instanceKlass org/hibernate/dialect/function/AvgFunction$ReturnTypeResolver
instanceKlass org/hibernate/dialect/function/AvgFunction$Validator
instanceKlass org/hibernate/dialect/function/SumReturnTypeResolver
instanceKlass org/hibernate/query/sqm/produce/function/StandardFunctionReturnTypeResolvers$3
instanceKlass org/hibernate/query/sqm/produce/function/StandardFunctionReturnTypeResolvers
instanceKlass org/hibernate/query/sqm/tree/expression/SqmOrderedSetAggregateFunction
instanceKlass org/hibernate/query/sqm/tree/expression/SqmWindowFunction
instanceKlass org/hibernate/query/sqm/tree/expression/SqmAggregateFunction
instanceKlass org/hibernate/query/sqm/function/AbstractSqmFunctionDescriptor
instanceKlass org/hibernate/query/sqm/function/FunctionRenderer
instanceKlass org/hibernate/query/sqm/function/FunctionRenderingSupport
instanceKlass org/hibernate/query/sqm/tree/AbstractSqmNode
instanceKlass org/hibernate/query/sqm/tree/expression/SqmExpression
instanceKlass org/hibernate/query/sqm/tree/select/SqmSelectableNode
instanceKlass org/hibernate/query/sqm/tree/SqmTypedNode
instanceKlass org/hibernate/query/sqm/tree/SqmExpressibleAccessor
instanceKlass org/hibernate/query/hql/spi/SemanticPathPart
instanceKlass org/hibernate/query/criteria/JpaFunction
instanceKlass org/hibernate/query/criteria/JpaExpression
instanceKlass jakarta/persistence/criteria/Expression
instanceKlass org/hibernate/query/criteria/JpaSelection
instanceKlass jakarta/persistence/criteria/Selection
instanceKlass org/hibernate/query/criteria/JpaTupleElement
instanceKlass jakarta/persistence/TupleElement
instanceKlass org/hibernate/query/sqm/produce/function/StandardFunctionArgumentTypeResolvers
instanceKlass org/hibernate/query/sqm/produce/function/ArgumentTypesValidator
instanceKlass org/hibernate/query/sqm/produce/function/StandardArgumentsValidators$4
instanceKlass org/hibernate/query/sqm/produce/function/StandardArgumentsValidators$2
instanceKlass org/hibernate/query/sqm/produce/function/StandardArgumentsValidators$1
instanceKlass org/hibernate/query/sqm/produce/function/StandardArgumentsValidators
instanceKlass org/hibernate/query/sqm/produce/function/ArgumentsValidator
instanceKlass org/hibernate/query/sqm/produce/function/NamedFunctionDescriptorBuilder
instanceKlass org/hibernate/query/sqm/produce/function/FunctionArgumentTypeResolver
instanceKlass org/hibernate/query/sqm/produce/function/FunctionReturnTypeResolver
instanceKlass org/hibernate/dialect/function/CommonFunctionFactory
instanceKlass org/hibernate/query/internal/QueryEngineImpl$FunctionContributionsImpl
instanceKlass org/hibernate/query/sqm/sql/SqmTranslator
instanceKlass org/hibernate/query/sqm/spi/JdbcParameterBySqmParameterAccess
instanceKlass org/hibernate/sql/ast/spi/FromClauseAccess
instanceKlass org/hibernate/query/sqm/sql/SqmToSqlAstConverter
instanceKlass org/hibernate/sql/ast/spi/SqlAstCreationState
instanceKlass org/hibernate/query/sqm/SemanticQueryWalker
instanceKlass org/hibernate/query/sqm/tree/SqmDmlStatement
instanceKlass org/hibernate/query/criteria/JpaManipulationCriteria
instanceKlass org/hibernate/query/sqm/tree/cte/SqmCteContainer
instanceKlass org/hibernate/query/sqm/tree/SqmStatement
instanceKlass org/hibernate/query/sqm/tree/SqmVisitableNode
instanceKlass org/hibernate/query/criteria/JpaQueryableCriteria
instanceKlass org/hibernate/query/criteria/JpaCteContainer
instanceKlass org/hibernate/query/sqm/tree/SqmQuery
instanceKlass org/hibernate/query/sqm/tree/SqmNode
instanceKlass org/hibernate/query/criteria/JpaCriteriaBase
instanceKlass org/hibernate/query/criteria/JpaCriteriaNode
instanceKlass jakarta/persistence/criteria/CommonAbstractCriteria
instanceKlass org/hibernate/query/sqm/sql/StandardSqmTranslatorFactory
instanceKlass org/antlr/v4/runtime/ANTLRErrorStrategy
instanceKlass org/antlr/v4/runtime/ANTLRErrorListener
instanceKlass org/hibernate/query/hql/internal/StandardHqlTranslator
instanceKlass org/hibernate/query/sqm/internal/SqmCreationOptionsStandard
instanceKlass org/hibernate/query/hql/HqlTranslator
instanceKlass org/hibernate/query/sqm/sql/SqmTranslatorFactory
instanceKlass org/hibernate/query/spi/QueryInterpretationCache
instanceKlass org/hibernate/query/hql/spi/SqmCreationOptions
instanceKlass org/hibernate/query/sqm/NodeBuilder
instanceKlass org/hibernate/query/internal/QueryEngineImpl
instanceKlass org/hibernate/query/spi/QueryEngine
instanceKlass org/hibernate/mapping/MappingHelper
instanceKlass org/hibernate/boot/internal/MetadataImpl$1
instanceKlass org/hibernate/tool/schema/Action$1
instanceKlass org/hibernate/tool/schema/spi/SchemaManagementToolCoordinator$ActionGrouping
instanceKlass org/hibernate/internal/SessionFactoryImpl$IntegratorObserver
instanceKlass org/hibernate/relational/internal/SchemaManagerImpl
instanceKlass org/hibernate/internal/EmptyInterceptor
instanceKlass org/hibernate/internal/CoordinatingEntityNameResolver
instanceKlass org/hibernate/jpa/internal/PersistenceUnitUtilImpl
instanceKlass org/hibernate/cache/spi/access/NaturalIdDataAccess
instanceKlass org/hibernate/cache/spi/TimestampsCache
instanceKlass org/hibernate/cache/spi/access/EntityDataAccess
instanceKlass org/hibernate/cache/spi/access/CollectionDataAccess
instanceKlass org/hibernate/metamodel/model/domain/NavigableRole
instanceKlass org/hibernate/spi/DotIdentifierSequence
instanceKlass org/hibernate/cache/spi/QueryResultsCache
instanceKlass org/hibernate/cache/internal/DisabledCaching
instanceKlass org/hibernate/boot/model/relational/internal/SqlStringGenerationContextImpl
instanceKlass org/hibernate/boot/model/relational/SqlStringGenerationContext
instanceKlass org/hibernate/event/spi/EventEngineContributor
instanceKlass org/hibernate/event/spi/EventEngine$1
instanceKlass org/hibernate/event/internal/DefaultRefreshEventListener
instanceKlass org/hibernate/event/internal/PostUpdateEventListenerStandardImpl
instanceKlass org/hibernate/action/spi/BeforeTransactionCompletionProcess
instanceKlass org/hibernate/event/internal/DefaultPostLoadEventListener
instanceKlass org/hibernate/event/internal/PostInsertEventListenerStandardImpl
instanceKlass org/hibernate/event/internal/PostDeleteEventListenerStandardImpl
instanceKlass org/hibernate/event/spi/PostCommitUpdateEventListener
instanceKlass org/hibernate/event/spi/PostCommitInsertEventListener
instanceKlass org/hibernate/event/spi/PostCommitDeleteEventListener
instanceKlass org/hibernate/event/internal/DefaultPreLoadEventListener
instanceKlass org/hibernate/cache/spi/access/CachedDomainDataAccess
instanceKlass org/hibernate/event/internal/DefaultInitializeCollectionEventListener
instanceKlass org/hibernate/event/internal/DefaultLoadEventListener
instanceKlass org/hibernate/CustomEntityDirtinessStrategy$DirtyCheckContext
instanceKlass org/hibernate/event/internal/DefaultFlushEntityEventListener
instanceKlass org/hibernate/event/internal/DefaultEvictEventListener
instanceKlass org/hibernate/event/internal/DefaultDeleteEventListener
instanceKlass org/hibernate/action/internal/EntityAction
instanceKlass org/hibernate/action/spi/AfterTransactionCompletionProcess
instanceKlass org/hibernate/engine/spi/ComparableExecutable
instanceKlass org/hibernate/action/spi/Executable
instanceKlass org/hibernate/event/internal/AbstractReassociateEventListener
instanceKlass org/hibernate/jpa/event/spi/CallbackRegistryConsumer
instanceKlass java/util/concurrent/ForkJoinTask
instanceKlass java/util/concurrent/CompletableFuture$AsynchronousCompletionTask
instanceKlass java/util/concurrent/CompletableFuture$AltResult
instanceKlass java/util/concurrent/CompletableFuture
instanceKlass org/hibernate/event/service/internal/EventListenerGroupImpl$1
instanceKlass org/hibernate/event/service/spi/DuplicationStrategy
instanceKlass java/util/concurrent/CompletionStage
instanceKlass org/hibernate/event/spi/AbstractEvent
instanceKlass org/hibernate/event/internal/AbstractFlushingEventListener
instanceKlass org/hibernate/event/service/spi/JpaBootstrapSensitive
instanceKlass org/hibernate/event/spi/PostCollectionUpdateEventListener
instanceKlass org/hibernate/event/spi/PostCollectionRemoveEventListener
instanceKlass org/hibernate/event/spi/PostCollectionRecreateEventListener
instanceKlass org/hibernate/event/spi/PreCollectionUpdateEventListener
instanceKlass org/hibernate/event/spi/PreCollectionRemoveEventListener
instanceKlass org/hibernate/event/spi/PreCollectionRecreateEventListener
instanceKlass org/hibernate/event/spi/PostLoadEventListener
instanceKlass org/hibernate/event/spi/PreInsertEventListener
instanceKlass org/hibernate/event/spi/PreUpdateEventListener
instanceKlass org/hibernate/event/spi/PreDeleteEventListener
instanceKlass org/hibernate/event/spi/PreLoadEventListener
instanceKlass org/hibernate/event/spi/RefreshEventListener
instanceKlass org/hibernate/event/spi/LockEventListener
instanceKlass org/hibernate/event/spi/EvictEventListener
instanceKlass org/hibernate/event/spi/ClearEventListener
instanceKlass org/hibernate/event/spi/FlushEntityEventListener
instanceKlass org/hibernate/event/spi/DirtyCheckEventListener
instanceKlass org/hibernate/event/spi/AutoFlushEventListener
instanceKlass org/hibernate/event/spi/FlushEventListener
instanceKlass org/hibernate/event/spi/ReplicateEventListener
instanceKlass org/hibernate/event/spi/DeleteEventListener
instanceKlass org/hibernate/event/spi/MergeEventListener
instanceKlass org/hibernate/event/spi/PersistEventListener
instanceKlass org/hibernate/event/spi/SaveOrUpdateEventListener
instanceKlass org/hibernate/event/spi/InitializeCollectionEventListener
instanceKlass org/hibernate/event/spi/ResolveNaturalIdEventListener
instanceKlass org/hibernate/event/spi/LoadEventListener
instanceKlass org/hibernate/event/spi/EventType
instanceKlass org/hibernate/event/service/internal/EventListenerRegistryImpl
instanceKlass org/hibernate/event/service/internal/EventListenerGroupImpl
instanceKlass org/hibernate/event/service/spi/EventListenerGroup
instanceKlass org/hibernate/event/service/internal/EventListenerRegistryImpl$Builder
instanceKlass org/hibernate/internal/util/collections/EmptyReadOnlyMap
instanceKlass org/hibernate/internal/util/collections/ReadOnlyMap
instanceKlass org/hibernate/jpa/event/internal/CallbackRegistryImpl
instanceKlass org/hibernate/jpa/event/internal/CallbackRegistryImpl$Builder
instanceKlass org/hibernate/event/service/spi/EventListenerRegistry
instanceKlass org/hibernate/jpa/event/spi/CallbackRegistry
instanceKlass org/hibernate/jpa/event/internal/CallbacksFactory
instanceKlass org/hibernate/event/spi/EventEngineContributions
instanceKlass org/hibernate/event/spi/EventEngine
instanceKlass org/hibernate/service/spi/SessionFactoryServiceInitiatorContext
instanceKlass org/hibernate/service/spi/SessionFactoryServiceContributor
instanceKlass org/hibernate/engine/query/spi/NativeQueryInterpreter
instanceKlass org/hibernate/engine/query/spi/NativeQueryInterpreterInitiator
instanceKlass org/hibernate/cache/spi/CacheImplementor
instanceKlass org/hibernate/engine/spi/CacheInitiator
instanceKlass org/hibernate/stat/spi/StatisticsImplementor
instanceKlass org/hibernate/stat/internal/StatisticsInitiator
instanceKlass org/hibernate/service/spi/SessionFactoryServiceInitiator
instanceKlass org/hibernate/service/internal/StandardSessionFactoryServiceInitiators
instanceKlass org/hibernate/service/internal/SessionFactoryServiceRegistryBuilderImpl
instanceKlass org/hibernate/service/spi/SessionFactoryServiceRegistry
instanceKlass org/hibernate/service/spi/SessionFactoryServiceRegistryBuilder
instanceKlass org/hibernate/service/internal/SessionFactoryServiceRegistryFactoryImpl
instanceKlass org/hibernate/internal/SessionFactoryObserverChain
instanceKlass org/hibernate/jpa/internal/JpaComplianceImpl
instanceKlass org/hibernate/jpa/internal/JpaComplianceImpl$JpaComplianceBuilder
instanceKlass org/hibernate/StatelessSessionBuilder
instanceKlass org/hibernate/metamodel/spi/RuntimeModelCreationContext
instanceKlass org/hibernate/persister/spi/PersisterCreationContext
instanceKlass org/hibernate/context/spi/CurrentSessionContext
instanceKlass org/hibernate/engine/spi/SessionBuilderImplementor
instanceKlass org/hibernate/query/criteria/HibernateCriteriaBuilder
instanceKlass javax/naming/RefAddr
instanceKlass org/hibernate/metamodel/spi/MappingMetamodelImplementor
instanceKlass org/hibernate/metamodel/spi/RuntimeMetamodelsImplementor
instanceKlass org/hibernate/metamodel/RuntimeMetamodels
instanceKlass org/hibernate/relational/SchemaManager
instanceKlass org/hibernate/EntityNameResolver
instanceKlass jakarta/persistence/PersistenceUnitUtil
instanceKlass jakarta/persistence/PersistenceUtil
instanceKlass org/hibernate/graph/RootGraph
instanceKlass jakarta/persistence/EntityGraph
instanceKlass org/hibernate/graph/Graph
instanceKlass org/hibernate/graph/GraphNode
instanceKlass org/hibernate/metamodel/MappingMetamodel
instanceKlass org/hibernate/SessionBuilder
instanceKlass org/hibernate/stat/Statistics
instanceKlass jakarta/persistence/metamodel/Metamodel
instanceKlass org/hibernate/Cache
instanceKlass jakarta/persistence/criteria/CriteriaBuilder
instanceKlass jakarta/persistence/Cache
instanceKlass org/hibernate/internal/QueryParameterBindingTypeResolverImpl
instanceKlass org/hibernate/jpa/boot/internal/EntityManagerFactoryBuilderImpl$JpaEntityNotFoundDelegate
instanceKlass org/hibernate/jpa/boot/internal/EntityManagerFactoryBuilderImpl$ServiceRegistryCloser
instanceKlass org/hibernate/boot/spi/SessionFactoryBuilderFactory
instanceKlass org/hibernate/boot/internal/SessionFactoryObserverForRegistration
instanceKlass org/hibernate/boot/internal/SessionFactoryObserverForSchemaExport
instanceKlass org/hibernate/boot/internal/SessionFactoryObserverForNamedQueryValidation
instanceKlass org/hibernate/bytecode/internal/SessionFactoryObserverForBytecodeEnhancer
instanceKlass org/hibernate/bytecode/enhance/internal/bytebuddy/EnhancerClassLocator
instanceKlass net/bytebuddy/pool/TypePool
instanceKlass org/hibernate/context/spi/CurrentTenantIdentifierResolver
instanceKlass org/hibernate/boot/internal/StandardEntityNotFoundDelegate
instanceKlass org/hibernate/boot/internal/DefaultCustomEntityDirtinessStrategy
instanceKlass org/hibernate/CustomEntityDirtinessStrategy
instanceKlass org/hibernate/SessionEventListener
instanceKlass org/hibernate/internal/BaselineSessionEventsListenerBuilder
instanceKlass org/hibernate/resource/jdbc/spi/StatementInspector
instanceKlass org/hibernate/Interceptor
instanceKlass org/hibernate/type/format/jaxb/JaxbXmlFormatMapper$JAXBElementTransformer
instanceKlass org/hibernate/type/format/jakartajson/JakartaJsonIntegration
instanceKlass org/hibernate/type/format/jackson/JacksonIntegration
instanceKlass org/hibernate/boot/internal/SessionFactoryOptionsBuilder
instanceKlass org/hibernate/boot/internal/SessionFactoryBuilderImpl
instanceKlass org/hibernate/boot/spi/SessionFactoryBuilderImplementor
instanceKlass org/hibernate/boot/internal/DefaultSessionFactoryBuilderService
instanceKlass org/hibernate/query/named/NamedObjectRepository
instanceKlass org/hibernate/boot/SessionFactoryBuilder
instanceKlass org/hibernate/boot/internal/MetadataImpl
instanceKlass org/hibernate/id/insert/InsertGeneratedIdentifierDelegate
instanceKlass org/hibernate/generator/values/GeneratedValuesMutationDelegate
instanceKlass org/hibernate/persister/entity/EntityPersister
instanceKlass org/hibernate/persister/walking/spi/AttributeSource
instanceKlass org/hibernate/persister/entity/mutation/EntityMutationTarget
instanceKlass org/hibernate/metamodel/mapping/EntityMappingType
instanceKlass org/hibernate/metamodel/mapping/SoftDeletableModelPart
instanceKlass org/hibernate/metamodel/mapping/Discriminable
instanceKlass org/hibernate/metamodel/mapping/Restrictable
instanceKlass org/hibernate/metamodel/mapping/WhereRestrictable
instanceKlass org/hibernate/metamodel/mapping/FilterRestrictable
instanceKlass org/hibernate/loader/ast/spi/Loadable
instanceKlass org/hibernate/sql/ast/tree/from/RootTableGroupProducer
instanceKlass org/hibernate/sql/ast/tree/from/TableGroupProducer
instanceKlass org/hibernate/metamodel/mapping/EntityValuedModelPart
instanceKlass org/hibernate/metamodel/mapping/ManagedMappingType
instanceKlass org/hibernate/sql/results/graph/FetchableContainer
instanceKlass org/hibernate/metamodel/mapping/ModelPartContainer
instanceKlass org/hibernate/metamodel/mapping/ModelPart
instanceKlass org/hibernate/id/factory/internal/IdentifierGeneratorUtil
instanceKlass org/hibernate/boot/model/process/spi/MetadataBuildingProcess$3
instanceKlass org/hibernate/boot/spi/AdditionalJaxbMappingProducer
instanceKlass org/hibernate/boot/spi/AdditionalMappingContributor
instanceKlass org/hibernate/boot/model/process/spi/MetadataBuildingProcess$AdditionalMappingContributionsImpl
instanceKlass org/hibernate/boot/model/process/spi/MetadataBuildingProcess$2
instanceKlass org/hibernate/type/descriptor/java/EnumJavaType$1
instanceKlass org/hibernate/type/descriptor/java/AbstractTemporalJavaType$1
instanceKlass org/hibernate/engine/jdbc/Size
instanceKlass org/hibernate/type/spi/CompositeTypeImplementor
instanceKlass org/hibernate/boot/model/process/internal/InferredBasicValueResolution
instanceKlass org/hibernate/type/descriptor/java/JavaTypeHelper
instanceKlass org/hibernate/boot/model/process/internal/InferredBasicValueResolver
instanceKlass org/hibernate/type/descriptor/java/spi/RegistryHelper
instanceKlass org/hibernate/annotations/JavaType
instanceKlass org/hibernate/mapping/SimpleValue$ParameterTypeImpl
instanceKlass org/hibernate/boot/model/naming/NamingHelper$1
instanceKlass org/hibernate/boot/internal/ForeignKeyNameSource
instanceKlass org/hibernate/annotations/WhereJoinTable
instanceKlass org/hibernate/annotations/SQLJoinTableRestriction
instanceKlass org/hibernate/annotations/FilterJoinTables
instanceKlass org/hibernate/annotations/FilterJoinTable
instanceKlass org/hibernate/mapping/OneToMany
instanceKlass org/hibernate/annotations/AttributeBinderType
instanceKlass org/hibernate/boot/model/internal/AnnotatedJoinColumns$OwnedImplicitJoinColumnNameSource$1
instanceKlass org/hibernate/boot/model/naming/EntityNaming
instanceKlass org/hibernate/boot/model/internal/AnnotatedJoinColumns$OwnedImplicitJoinColumnNameSource
instanceKlass org/hibernate/mapping/Table$ForeignKeyKey
instanceKlass org/hibernate/mapping/Join
instanceKlass org/hibernate/boot/model/internal/TableBinder$4
instanceKlass org/hibernate/id/CompositeNestedGeneratedValueGenerator$GenerationPlan
instanceKlass org/hibernate/id/CompositeNestedGeneratedValueGenerator$GenerationContextLocator
instanceKlass org/hibernate/type/CompositeType
instanceKlass org/hibernate/type/EnumType
instanceKlass org/hibernate/usertype/LoggableUserType
instanceKlass org/hibernate/usertype/EnhancedUserType
instanceKlass org/hibernate/usertype/UserType
instanceKlass org/hibernate/type/SerializableToBlobType
instanceKlass org/hibernate/usertype/DynamicParameterizedType
instanceKlass org/hibernate/usertype/ParameterizedType
instanceKlass org/hibernate/boot/spi/MetadataContributor
instanceKlass com/jobwork/domain/ProductEntry$ProductEntryBuilder
instanceKlass com/jobwork/domain/BheemName$BheemNameBuilder
instanceKlass com/jobwork/domain/YarnEntry$YarnEntryBuilder
instanceKlass com/jobwork/domain/DeliveryLocation$DeliveryLocationBuilder
instanceKlass com/jobwork/domain/YarnType$YarnTypeBuilder
instanceKlass com/jobwork/domain/JobWorker$JobWorkerBuilder
instanceKlass com/jobwork/domain/Wrapper$WrapperBuilder
instanceKlass com/jobwork/domain/Taar$TaarBuilder
instanceKlass org/hibernate/mapping/Constraint
instanceKlass org/hibernate/boot/model/internal/IndexBinder$IndexOrUniqueKeyNameSource
instanceKlass org/hibernate/boot/model/internal/CollectionSecondPass
instanceKlass org/hibernate/annotations/LazyCollection
instanceKlass org/hibernate/type/AbstractType
instanceKlass org/hibernate/type/AssociationType
instanceKlass jakarta/persistence/CollectionTable
instanceKlass jakarta/persistence/MapKeyJoinColumn
instanceKlass jakarta/persistence/MapKeyJoinColumns
instanceKlass jakarta/persistence/MapKeyColumn
instanceKlass org/hibernate/boot/model/internal/WrappedInferredData
instanceKlass org/hibernate/annotations/SortComparator
instanceKlass org/hibernate/annotations/SortNatural
instanceKlass org/hibernate/annotations/SQLOrder
instanceKlass org/hibernate/boot/model/internal/CollectionBinder$2
instanceKlass org/hibernate/annotations/OrderBy
instanceKlass jakarta/persistence/OrderBy
instanceKlass org/hibernate/annotations/ListIndexJavaType
instanceKlass org/hibernate/annotations/ListIndexJdbcTypeCode
instanceKlass org/hibernate/annotations/ListIndexJdbcType
instanceKlass org/hibernate/annotations/ListIndexBase
instanceKlass org/hibernate/annotations/IndexColumn
instanceKlass org/hibernate/annotations/CollectionIdJavaType
instanceKlass org/hibernate/annotations/CollectionIdJdbcTypeCode
instanceKlass org/hibernate/annotations/CollectionIdJdbcType
instanceKlass org/hibernate/annotations/CollectionId
instanceKlass org/hibernate/annotations/Bag
instanceKlass org/hibernate/annotations/CollectionType
instanceKlass org/hibernate/annotations/MapKeyType
instanceKlass jakarta/persistence/MapKey
instanceKlass org/hibernate/annotations/MapKeyMutability
instanceKlass org/hibernate/annotations/MapKeyJdbcTypeCode
instanceKlass org/hibernate/annotations/MapKeyJdbcType
instanceKlass org/hibernate/annotations/MapKeyJavaType
instanceKlass jakarta/persistence/OrderColumn
instanceKlass org/hibernate/metamodel/mapping/NonTransientException
instanceKlass org/hibernate/boot/model/internal/CollectionBinder
instanceKlass org/hibernate/annotations/common/reflection/java/generics/SimpleTypeEnvironment
instanceKlass com/jobwork/domain/ProductType$ProductTypeBuilder
instanceKlass com/jobwork/domain/MoneyReceipt$MoneyReceiptBuilder
instanceKlass org/hibernate/boot/model/naming/NamingHelper
instanceKlass org/hibernate/mapping/Table$1
instanceKlass com/jobwork/domain/Unit$UnitBuilder
instanceKlass com/jobwork/domain/BheemEntry$BheemEntryBuilder
instanceKlass org/hibernate/annotations/FetchProfiles
instanceKlass org/hibernate/annotations/FetchProfile
instanceKlass org/hibernate/annotations/TypeBinderType
instanceKlass jakarta/persistence/ExcludeDefaultListeners
instanceKlass jakarta/persistence/ExcludeSuperclassListeners
instanceKlass org/hibernate/jpa/event/spi/CallbackDefinition
instanceKlass org/hibernate/jpa/event/internal/CallbackDefinitionResolverLegacyImpl
instanceKlass jakarta/persistence/PostLoad
instanceKlass jakarta/persistence/PostRemove
instanceKlass jakarta/persistence/PreRemove
instanceKlass jakarta/persistence/PostPersist
instanceKlass jakarta/persistence/PrePersist
instanceKlass jakarta/persistence/PostUpdate
instanceKlass jakarta/persistence/PreUpdate
instanceKlass org/hibernate/annotations/Tables
instanceKlass org/hibernate/annotations/Table
instanceKlass org/hibernate/annotations/SoftDelete
instanceKlass org/hibernate/annotations/ForeignKey
instanceKlass org/hibernate/annotations/FetchProfileOverrides
instanceKlass org/hibernate/annotations/FetchProfileOverride
instanceKlass org/hibernate/boot/model/internal/BinderHelper$2
instanceKlass org/hibernate/annotations/Fetch
instanceKlass org/hibernate/annotations/LazyToOne
instanceKlass jakarta/persistence/JoinTable
instanceKlass org/hibernate/annotations/NotFound
instanceKlass org/hibernate/annotations/Cascade
instanceKlass org/hibernate/boot/model/internal/ToOneBinder
instanceKlass org/hibernate/boot/model/naming/ImplicitPrimaryKeyJoinColumnNameSource
instanceKlass org/hibernate/boot/model/naming/ImplicitJoinColumnNameSource
instanceKlass org/hibernate/annotations/Index
instanceKlass org/hibernate/mapping/Formula
instanceKlass org/hibernate/boot/internal/GenerationStrategyInterpreter$1
instanceKlass org/hibernate/boot/model/internal/GeneratorBinder$1
instanceKlass org/hibernate/boot/internal/GenerationStrategyInterpreter
instanceKlass org/hibernate/annotations/IdGeneratorType
instanceKlass org/hibernate/boot/model/internal/OptionalDeterminationSecondPass
instanceKlass org/hibernate/boot/model/source/internal/ImplicitColumnNamingSecondPass
instanceKlass org/hibernate/annotations/OptimisticLock
instanceKlass org/hibernate/annotations/NaturalId
instanceKlass org/hibernate/annotations/ValueGenerationType
instanceKlass org/hibernate/engine/spi/CascadeStyle
instanceKlass org/hibernate/boot/internal/InFlightMetadataCollectorImpl$TableColumnNameBinding
instanceKlass org/hibernate/boot/model/internal/AnnotatedColumn$2
instanceKlass org/hibernate/annotations/JdbcType
instanceKlass org/hibernate/mapping/BasicValue$Resolution
instanceKlass org/hibernate/usertype/DynamicParameterizedType$ParameterType
instanceKlass org/hibernate/id/factory/spi/CustomIdGeneratorCreationContext
instanceKlass org/hibernate/annotations/PartitionKey
instanceKlass org/hibernate/annotations/JdbcTypeCode
instanceKlass jakarta/persistence/Enumerated
instanceKlass jakarta/persistence/Temporal
instanceKlass org/hibernate/internal/util/ReflectHelper
instanceKlass org/hibernate/boot/model/internal/BasicValueBinder$1
instanceKlass org/hibernate/annotations/Type
instanceKlass org/hibernate/annotations/Nationalized
instanceKlass jakarta/persistence/Lob
instanceKlass org/hibernate/boot/model/convert/spi/AutoApplicableConverterDescriptor
instanceKlass org/hibernate/boot/model/internal/BasicValueBinder$ListIndexMappingAccess
instanceKlass org/hibernate/boot/model/internal/BasicValueBinder$CollectionIdMappingAccess
instanceKlass org/hibernate/boot/model/internal/BasicValueBinder$MapKeyMappingAccess
instanceKlass org/hibernate/boot/model/internal/BasicValueBinder$AnyKeyMappingAccess
instanceKlass org/hibernate/annotations/Parameter
instanceKlass org/hibernate/boot/model/internal/BasicValueBinder$AnyDiscriminatorMappingAccess
instanceKlass org/hibernate/boot/model/internal/BasicValueBinder$ValueMappingAccess
instanceKlass org/hibernate/boot/model/internal/BasicValueBinder$BasicMappingAccess
instanceKlass org/hibernate/boot/model/internal/BasicValueBinder
instanceKlass org/hibernate/boot/model/internal/HCANNHelper
instanceKlass org/hibernate/annotations/CompositeType
instanceKlass jdk/internal/ValueBased
instanceKlass jakarta/persistence/Embedded
instanceKlass org/hibernate/property/access/spi/PropertyAccessStrategy
instanceKlass org/hibernate/boot/model/internal/EmbeddableBinder
instanceKlass org/hibernate/annotations/ManyToAny
instanceKlass jakarta/persistence/Version
instanceKlass org/hibernate/annotations/LazyGroup
instanceKlass org/hibernate/boot/model/source/spi/AbstractAttributeKey
instanceKlass org/hibernate/boot/model/internal/AnnotatedColumn$1
instanceKlass org/hibernate/annotations/Array
instanceKlass org/hibernate/annotations/GeneratedColumn
instanceKlass org/hibernate/annotations/ColumnDefault
instanceKlass jakarta/persistence/Basic
instanceKlass org/hibernate/annotations/FractionalSeconds
instanceKlass jakarta/persistence/ManyToMany
instanceKlass org/hibernate/annotations/Any
instanceKlass jakarta/persistence/ElementCollection
instanceKlass jakarta/persistence/OneToMany
instanceKlass org/hibernate/annotations/Columns
instanceKlass org/hibernate/annotations/Formula
instanceKlass org/hibernate/annotations/JoinFormula
instanceKlass org/hibernate/annotations/JoinColumnsOrFormulas
instanceKlass org/hibernate/annotations/JoinColumnOrFormula
instanceKlass jakarta/persistence/JoinColumns
instanceKlass org/hibernate/boot/model/internal/ColumnsBuilder
instanceKlass org/hibernate/annotations/Target
instanceKlass org/hibernate/annotations/Parent
instanceKlass jakarta/persistence/IdClass
instanceKlass org/hibernate/boot/model/internal/InheritanceState$ElementsToProcess
instanceKlass jakarta/persistence/OneToOne
instanceKlass jakarta/persistence/MapsId
instanceKlass org/hibernate/boot/model/internal/PropertyInferredData
instanceKlass org/hibernate/boot/model/internal/PropertyBinder
instanceKlass jakarta/persistence/ForeignKey
instanceKlass jakarta/persistence/JoinColumn
instanceKlass jakarta/persistence/ManyToOne
instanceKlass org/hibernate/boot/model/internal/PropertyContainer
instanceKlass jakarta/persistence/GeneratedValue
instanceKlass jakarta/persistence/Id
instanceKlass jakarta/persistence/EmbeddedId
instanceKlass org/hibernate/annotations/common/reflection/java/generics/ApproximatingTypeEnvironment
instanceKlass org/hibernate/annotations/common/reflection/java/generics/TypeUtils
instanceKlass org/hibernate/annotations/common/reflection/ReflectionUtil
instanceKlass com/jobwork/domain/ProductName$ProductNameBuilder
instanceKlass org/hibernate/annotations/common/reflection/XClass$1
instanceKlass org/hibernate/boot/spi/AccessType$1
instanceKlass jakarta/persistence/Access
instanceKlass org/hibernate/annotations/OnDelete
instanceKlass jakarta/persistence/PrimaryKeyJoinColumn
instanceKlass jakarta/persistence/PrimaryKeyJoinColumns
instanceKlass jakarta/persistence/DiscriminatorValue
instanceKlass org/hibernate/boot/model/internal/AnnotatedDiscriminatorColumn$1
instanceKlass org/hibernate/boot/model/internal/AnnotatedColumn
instanceKlass org/hibernate/annotations/DiscriminatorFormula
instanceKlass jakarta/persistence/DiscriminatorColumn
instanceKlass jakarta/persistence/Converts
instanceKlass jakarta/persistence/Convert
instanceKlass jakarta/persistence/AssociationOverrides
instanceKlass jakarta/persistence/AssociationOverride
instanceKlass org/hibernate/annotations/ColumnTransformers
instanceKlass org/hibernate/annotations/ColumnTransformer
instanceKlass org/hibernate/annotations/TimeZoneStorage
instanceKlass org/hibernate/boot/model/internal/TimeZoneStorageHelper
instanceKlass jakarta/persistence/AttributeOverrides
instanceKlass jakarta/persistence/AttributeOverride
instanceKlass jakarta/persistence/Column
instanceKlass org/hibernate/boot/model/internal/AbstractPropertyHolder
instanceKlass org/hibernate/boot/model/internal/PropertyHolder
instanceKlass org/hibernate/boot/model/internal/PropertyHolderBuilder
instanceKlass org/hibernate/annotations/Check
instanceKlass org/hibernate/annotations/Checks
instanceKlass org/hibernate/annotations/Synchronize
instanceKlass org/hibernate/annotations/HQLSelect
instanceKlass org/hibernate/annotations/SQLSelect
instanceKlass org/hibernate/annotations/SQLDeleteAll
instanceKlass org/hibernate/annotations/SQLDeletes
instanceKlass org/hibernate/annotations/SQLDelete
instanceKlass org/hibernate/annotations/SQLUpdates
instanceKlass org/hibernate/annotations/SQLUpdate
instanceKlass org/hibernate/annotations/SQLInserts
instanceKlass org/hibernate/annotations/SQLInsert
instanceKlass jakarta/persistence/SecondaryTables
instanceKlass jakarta/persistence/SecondaryTable
instanceKlass org/hibernate/boot/internal/InFlightMetadataCollectorImpl$EntityTableXrefImpl
instanceKlass org/hibernate/boot/model/naming/ImplicitIndexNameSource
instanceKlass org/hibernate/boot/model/internal/IndexBinder
instanceKlass org/hibernate/mapping/Column
instanceKlass org/hibernate/boot/model/naming/ImplicitUniqueKeyNameSource
instanceKlass org/hibernate/boot/model/naming/ImplicitJoinTableNameSource
instanceKlass org/hibernate/boot/model/naming/ImplicitCollectionTableNameSource
instanceKlass org/hibernate/boot/model/internal/ObjectNameSource
instanceKlass org/hibernate/boot/model/internal/TableBinder
instanceKlass org/hibernate/boot/model/internal/EntityBinder$EntityTableNamingStrategyHelper
instanceKlass org/hibernate/boot/model/naming/NamingStrategyHelper
instanceKlass org/hibernate/annotations/View
instanceKlass org/hibernate/annotations/RowId
instanceKlass org/hibernate/annotations/Subselect
instanceKlass jakarta/persistence/NamedEntityGraphs
instanceKlass jakarta/persistence/NamedEntityGraph
instanceKlass org/hibernate/annotations/Loader
instanceKlass org/hibernate/annotations/Persister
instanceKlass org/hibernate/annotations/Mutability
instanceKlass org/hibernate/annotations/Immutable
instanceKlass org/hibernate/annotations/Filter
instanceKlass org/hibernate/annotations/Filters
instanceKlass org/hibernate/annotations/NaturalIdCache
instanceKlass org/hibernate/annotations/QueryCacheLayout
instanceKlass org/hibernate/annotations/CacheConcurrencyStrategy$1
instanceKlass org/hibernate/boot/model/internal/EntityBinder$1
instanceKlass org/hibernate/boot/model/internal/EntityBinder$LocalCacheAnnotationStub
instanceKlass jakarta/persistence/Cacheable
instanceKlass org/hibernate/annotations/SQLRestriction
instanceKlass org/hibernate/annotations/Where
instanceKlass org/hibernate/annotations/Proxy
instanceKlass org/hibernate/annotations/Polymorphism
instanceKlass org/hibernate/engine/OptimisticLockStyle$1
instanceKlass org/hibernate/annotations/OptimisticLocking
instanceKlass org/hibernate/annotations/SelectBeforeUpdate
instanceKlass org/hibernate/annotations/DynamicUpdate
instanceKlass org/hibernate/annotations/DynamicInsert
instanceKlass org/hibernate/sql/Alias
instanceKlass org/hibernate/annotations/Cache
instanceKlass org/hibernate/boot/spi/PropertyData
instanceKlass org/hibernate/boot/model/internal/EntityBinder
instanceKlass org/hibernate/annotations/GenericGenerator
instanceKlass org/hibernate/generator/GeneratorCreationContext
instanceKlass org/hibernate/boot/internal/GenerationStrategyInterpreter$GeneratorNameDeterminationContext
instanceKlass org/hibernate/boot/model/internal/GeneratorBinder
instanceKlass org/hibernate/annotations/ConverterRegistrations
instanceKlass org/hibernate/annotations/ConverterRegistration
instanceKlass org/hibernate/annotations/CompositeTypeRegistrations
instanceKlass org/hibernate/annotations/CompositeTypeRegistration
instanceKlass org/hibernate/annotations/TypeRegistrations
instanceKlass org/hibernate/annotations/TypeRegistration
instanceKlass org/hibernate/annotations/EmbeddableInstantiatorRegistrations
instanceKlass org/hibernate/annotations/EmbeddableInstantiatorRegistration
instanceKlass org/hibernate/annotations/CollectionTypeRegistrations
instanceKlass org/hibernate/annotations/CollectionTypeRegistration
instanceKlass org/hibernate/annotations/JdbcTypeRegistrations
instanceKlass org/hibernate/annotations/JdbcTypeRegistration
instanceKlass org/hibernate/annotations/JavaTypeRegistrations
instanceKlass org/hibernate/annotations/JavaTypeRegistration
instanceKlass org/hibernate/annotations/DialectOverride$OverridesAnnotation
instanceKlass org/hibernate/boot/model/internal/BinderHelper$AnnotationCacheValue
instanceKlass org/hibernate/boot/model/internal/AnnotatedColumns
instanceKlass org/hibernate/boot/model/internal/BinderHelper
instanceKlass org/hibernate/annotations/FilterDefs
instanceKlass org/hibernate/annotations/FilterDef
instanceKlass org/hibernate/boot/model/internal/FilterDefBinder
instanceKlass org/hibernate/annotations/Imported
instanceKlass org/hibernate/annotations/NamedNativeQueries
instanceKlass org/hibernate/annotations/NamedNativeQuery
instanceKlass org/hibernate/annotations/NamedQueries
instanceKlass org/hibernate/annotations/NamedQuery
instanceKlass jakarta/persistence/NamedNativeQueries
instanceKlass jakarta/persistence/NamedQueries
instanceKlass jakarta/persistence/SqlResultSetMappings
instanceKlass org/hibernate/boot/model/internal/SecondaryTableFromAnnotationSecondPass
instanceKlass org/hibernate/boot/model/internal/SecondaryTableSecondPass
instanceKlass org/hibernate/boot/model/internal/ImplicitToOneJoinTableSecondPass
instanceKlass org/hibernate/boot/model/internal/CreateKeySecondPass
instanceKlass org/hibernate/boot/model/internal/FkSecondPass
instanceKlass org/hibernate/boot/model/internal/AggregateComponentSecondPass
instanceKlass org/hibernate/boot/model/internal/SetBasicValueTypeSecondPass
instanceKlass org/hibernate/boot/model/internal/IdGeneratorResolverSecondPass
instanceKlass org/hibernate/boot/model/internal/ResultSetMappingSecondPass
instanceKlass org/hibernate/boot/model/internal/QuerySecondPass
instanceKlass org/hibernate/query/sql/spi/ParameterRecognizer
instanceKlass org/hibernate/boot/query/NamedHqlQueryDefinition
instanceKlass org/hibernate/boot/query/NamedResultSetMappingDescriptor
instanceKlass org/hibernate/boot/model/internal/QueryBinder
instanceKlass org/hibernate/boot/model/internal/AnnotationBinder$1
instanceKlass jakarta/persistence/Inheritance
instanceKlass org/hibernate/boot/model/internal/InheritanceState
instanceKlass org/hibernate/annotations/common/reflection/java/generics/CompoundTypeEnvironment
instanceKlass org/hibernate/annotations/common/reflection/java/generics/TypeEnvironmentFactory
instanceKlass jakarta/persistence/NamedStoredProcedureQueries
instanceKlass jakarta/persistence/NamedStoredProcedureQuery
instanceKlass jakarta/persistence/SqlResultSetMapping
instanceKlass jakarta/persistence/NamedNativeQuery
instanceKlass jakarta/persistence/NamedQuery
instanceKlass jakarta/persistence/SequenceGenerators
instanceKlass jakarta/persistence/TableGenerators
instanceKlass jakarta/persistence/TableGenerator
instanceKlass jakarta/persistence/SequenceGenerator
instanceKlass org/hibernate/boot/model/internal/AnnotationBinder
instanceKlass org/hibernate/boot/model/relational/Namespace$ComparableHelper
instanceKlass org/hibernate/boot/model/relational/Namespace
instanceKlass jakarta/persistence/EntityListeners
instanceKlass org/hibernate/boot/model/internal/XMLContext$Default
instanceKlass org/hibernate/boot/model/source/internal/annotations/AnnotationMetadataSourceProcessorImpl$1
instanceKlass org/hibernate/annotations/common/reflection/java/JavaAnnotationReader
instanceKlass org/hibernate/annotations/common/reflection/Filter
instanceKlass org/hibernate/annotations/common/reflection/java/generics/TypeSwitch
instanceKlass org/hibernate/annotations/common/reflection/java/generics/IdentityTypeEnvironment
instanceKlass org/hibernate/boot/spi/JpaOrmXmlPersistenceUnitDefaultAware$JpaOrmXmlPersistenceUnitDefaults
instanceKlass org/hibernate/boot/model/source/internal/annotations/AnnotationMetadataSourceProcessorImpl
instanceKlass org/hibernate/mapping/Selectable
instanceKlass org/hibernate/boot/model/source/internal/hbm/RelationalObjectBinder
instanceKlass org/hibernate/boot/model/naming/ImplicitIdentifierColumnNameSource
instanceKlass org/hibernate/boot/model/source/spi/CompositeIdentifierSource
instanceKlass org/hibernate/boot/model/source/spi/EmbeddableSourceContributor
instanceKlass org/hibernate/boot/model/source/spi/IdentifierSource
instanceKlass org/hibernate/boot/model/source/spi/HibernateTypeSource
instanceKlass org/hibernate/boot/model/source/spi/RelationalValueSourceContainer
instanceKlass org/hibernate/boot/model/source/spi/ColumnBindingDefaults
instanceKlass org/hibernate/boot/model/naming/ImplicitEntityNameSource
instanceKlass org/hibernate/boot/model/naming/ImplicitDiscriminatorColumnNameSource
instanceKlass org/hibernate/boot/model/naming/ImplicitBasicColumnNameSource
instanceKlass org/hibernate/boot/model/naming/ImplicitIndexColumnNameSource
instanceKlass org/hibernate/boot/spi/NaturalIdUniqueKeyBinder
instanceKlass org/hibernate/boot/model/source/internal/hbm/IndexedPluralAttributeSource
instanceKlass org/hibernate/boot/model/source/spi/PluralAttributeSource
instanceKlass org/hibernate/boot/model/source/spi/CascadeStyleSource
instanceKlass org/hibernate/boot/model/source/spi/FetchableAttributeSource
instanceKlass org/hibernate/boot/model/naming/ImplicitMapKeyColumnNameSource
instanceKlass org/hibernate/boot/model/source/internal/hbm/HbmLocalMetadataBuildingContext
instanceKlass org/hibernate/boot/model/naming/ImplicitAnyKeyColumnNameSource
instanceKlass org/hibernate/boot/model/naming/ImplicitAnyDiscriminatorColumnNameSource
instanceKlass org/hibernate/boot/model/source/spi/AnyMappingSource
instanceKlass org/hibernate/mapping/Collection
instanceKlass org/hibernate/mapping/Fetchable
instanceKlass org/hibernate/mapping/Property
instanceKlass org/hibernate/mapping/SortableValue
instanceKlass org/hibernate/boot/model/source/internal/hbm/RelationalObjectBinder$ColumnNamingDelegate
instanceKlass org/hibernate/boot/model/source/spi/LocalMetadataBuildingContext
instanceKlass org/hibernate/boot/model/source/spi/AttributeSource
instanceKlass org/hibernate/boot/model/convert/spi/JpaAttributeConverterCreationContext
instanceKlass org/hibernate/mapping/Resolvable
instanceKlass org/hibernate/mapping/SimpleValue
instanceKlass org/hibernate/mapping/KeyValue
instanceKlass org/hibernate/mapping/SoftDeletable
instanceKlass org/hibernate/mapping/TableOwner
instanceKlass org/hibernate/mapping/PersistentClass
instanceKlass org/hibernate/mapping/MetaAttributable
instanceKlass org/hibernate/mapping/Filterable
instanceKlass org/hibernate/mapping/AttributeContainer
instanceKlass org/hibernate/mapping/IdentifiableTypeClass
instanceKlass org/hibernate/mapping/TableContainer
instanceKlass org/hibernate/boot/model/source/internal/hbm/ModelBinder
instanceKlass org/hibernate/boot/jaxb/hbm/spi/TableInformationContainer
instanceKlass org/hibernate/boot/jaxb/hbm/spi/SubEntityInfo
instanceKlass org/hibernate/boot/jaxb/hbm/spi/SecondaryTableContainer
instanceKlass org/hibernate/boot/jaxb/hbm/spi/Discriminatable
instanceKlass org/hibernate/boot/model/source/spi/JoinedSubclassEntitySource
instanceKlass org/hibernate/boot/model/source/spi/ForeignKeyContributingSource
instanceKlass org/hibernate/boot/jaxb/hbm/spi/JaxbHbmToolingHintContainer
instanceKlass org/hibernate/boot/jaxb/hbm/spi/EntityInfo
instanceKlass org/hibernate/boot/jaxb/hbm/spi/ResultSetMappingContainer
instanceKlass org/hibernate/boot/jaxb/hbm/spi/ToolingHintContainer
instanceKlass org/hibernate/boot/model/source/spi/SubclassEntitySource
instanceKlass org/hibernate/boot/model/source/internal/hbm/AbstractHbmSourceNode
instanceKlass org/hibernate/boot/model/source/internal/hbm/Helper$InLineViewNameInferrer
instanceKlass org/hibernate/boot/model/source/spi/EntitySource
instanceKlass org/hibernate/boot/model/source/spi/EntityNamingSourceContributor
instanceKlass org/hibernate/boot/model/source/spi/IdentifiableTypeSource
instanceKlass org/hibernate/boot/model/source/spi/AttributeSourceContainer
instanceKlass org/hibernate/boot/model/source/spi/ToolingHintContextContainer
instanceKlass org/hibernate/boot/model/source/internal/hbm/EntityHierarchyBuilder
instanceKlass org/hibernate/boot/model/source/internal/hbm/HbmMetadataSourceProcessorImpl
instanceKlass org/hibernate/boot/model/process/spi/MetadataBuildingProcess$1
instanceKlass org/hibernate/boot/model/naming/ObjectNameNormalizer
instanceKlass org/hibernate/boot/internal/MetadataBuildingContextRootImpl
instanceKlass org/hibernate/boot/internal/MetadataBuilderImpl$2
instanceKlass org/hibernate/boot/model/process/spi/MetadataBuildingProcess$5
instanceKlass org/hibernate/type/descriptor/jdbc/XmlJdbcType
instanceKlass org/hibernate/type/descriptor/jdbc/spi/AbstractJdbcLiteralFormatter
instanceKlass org/hibernate/type/AdjustableBasicType
instanceKlass org/hibernate/type/descriptor/jdbc/JdbcTypeFamilyInformation
instanceKlass org/hibernate/internal/util/config/ConfigurationHelper$TypeCodeConverter
instanceKlass org/hibernate/type/descriptor/jdbc/EnumJdbcType
instanceKlass org/hibernate/type/descriptor/jdbc/NullJdbcType
instanceKlass org/hibernate/type/descriptor/jdbc/JsonJdbcType
instanceKlass org/hibernate/type/descriptor/jdbc/AggregateJdbcType
instanceKlass org/hibernate/type/descriptor/jdbc/TimeUtcAsJdbcTimeJdbcType
instanceKlass org/hibernate/type/descriptor/jdbc/TimestampUtcAsJdbcTimestampJdbcType
instanceKlass org/hibernate/type/descriptor/jdbc/NClobJdbcType
instanceKlass org/hibernate/type/descriptor/jdbc/NVarcharJdbcType
instanceKlass org/hibernate/type/descriptor/sql/internal/NativeOrdinalEnumDdlTypeImpl
instanceKlass org/hibernate/type/descriptor/sql/internal/NativeEnumDdlTypeImpl
instanceKlass org/hibernate/type/descriptor/sql/internal/CapacityDependentDdlType$TypeEntry
instanceKlass org/hibernate/type/descriptor/sql/internal/CapacityDependentDdlType$Builder
instanceKlass org/hibernate/type/SqlTypes
instanceKlass java/sql/Types
instanceKlass org/hibernate/type/descriptor/JdbcTypeNameMapper
instanceKlass org/hibernate/type/descriptor/sql/internal/DdlTypeImpl
instanceKlass org/hibernate/boot/model/process/spi/MetadataBuildingProcess$4
instanceKlass org/hibernate/boot/model/relational/AuxiliaryDatabaseObject
instanceKlass org/hibernate/boot/model/relational/Namespace$Name
instanceKlass org/hibernate/sql/ast/internal/ParameterMarkerStrategyStandard
instanceKlass org/hibernate/engine/jdbc/internal/Formatter
instanceKlass com/zaxxer/hikari/pool/ProxyConnection$ClosedConnection
instanceKlass com/mysql/cj/protocol/WatchableStream
instanceKlass com/mysql/cj/jdbc/Clob
instanceKlass com/mysql/cj/protocol/WriterWatcher
instanceKlass com/mysql/cj/protocol/OutputStreamWatcher
instanceKlass org/hibernate/engine/jdbc/env/internal/LobCreationHelper
instanceKlass org/hibernate/engine/jdbc/LobCreator
instanceKlass org/hibernate/engine/jdbc/env/internal/LobCreatorBuilderImpl
instanceKlass org/hibernate/engine/jdbc/env/internal/QualifiedObjectNameFormatterStandardImpl$CatalogNameFormat
instanceKlass org/hibernate/engine/jdbc/env/internal/QualifiedObjectNameFormatterStandardImpl$1
instanceKlass org/hibernate/engine/jdbc/env/internal/QualifiedObjectNameFormatterStandardImpl$Format
instanceKlass org/hibernate/engine/jdbc/env/internal/QualifiedObjectNameFormatterStandardImpl
instanceKlass org/hibernate/boot/model/naming/Identifier
instanceKlass org/hibernate/tool/schema/extract/spi/ExtractionContext
instanceKlass org/hibernate/engine/jdbc/env/internal/ExtractedDatabaseMetaDataImpl
instanceKlass org/hibernate/engine/jdbc/env/internal/DefaultSchemaNameResolver$SchemaNameResolverJava17Delegate
instanceKlass java/sql/ShardingKey
instanceKlass java/sql/Array
instanceKlass java/sql/Struct
instanceKlass org/hibernate/engine/jdbc/env/internal/DefaultSchemaNameResolver
instanceKlass org/hibernate/engine/jdbc/cursor/internal/StandardRefCursorSupport
instanceKlass org/hibernate/engine/jdbc/env/internal/ExtractedDatabaseMetaDataImpl$Builder
instanceKlass org/hibernate/engine/jdbc/env/internal/NormalizingIdentifierHelperImpl
instanceKlass org/hibernate/engine/jdbc/env/spi/IdentifierHelper
instanceKlass org/hibernate/engine/jdbc/env/spi/IdentifierHelperBuilder
instanceKlass org/hibernate/engine/jdbc/spi/SqlExceptionHelper$WarningHandlerLoggingSupport
instanceKlass org/hibernate/exception/internal/StandardSQLExceptionConverter
instanceKlass org/hibernate/engine/jdbc/spi/SqlExceptionHelper$WarningHandler
instanceKlass org/hibernate/engine/jdbc/spi/SqlExceptionHelper
instanceKlass org/hibernate/exception/spi/AbstractSQLExceptionConversionDelegate
instanceKlass org/hibernate/exception/spi/SQLExceptionConversionDelegate
instanceKlass org/hibernate/sql/ast/SqlAstTranslator
instanceKlass org/hibernate/sql/ast/SqlAstWalker
instanceKlass org/hibernate/sql/ast/tree/MutationStatement
instanceKlass org/hibernate/sql/ast/tree/Statement
instanceKlass org/hibernate/sql/ast/spi/StandardSqlAstTranslatorFactory
instanceKlass org/hibernate/dialect/DialectLogging_$logger
instanceKlass org/hibernate/dialect/DialectLogging
instanceKlass org/hibernate/internal/log/DeprecationLogger
instanceKlass org/hibernate/dialect/InnoDBStorageEngine
instanceKlass org/hibernate/dialect/MySQLStorageEngine
instanceKlass org/hibernate/engine/jdbc/env/spi/AnsiSqlKeywords
instanceKlass org/hibernate/loader/ast/spi/MultiKeyLoadSizingStrategy
instanceKlass org/hibernate/tool/schema/internal/StandardTableCleaner
instanceKlass org/hibernate/tool/schema/internal/StandardTableMigrator
instanceKlass org/hibernate/dialect/temptable/StandardTemporaryTableExporter
instanceKlass org/hibernate/tool/schema/internal/StandardAuxiliaryDatabaseObjectExporter
instanceKlass org/hibernate/tool/schema/internal/StandardUniqueKeyExporter
instanceKlass org/hibernate/tool/schema/internal/StandardForeignKeyExporter
instanceKlass org/hibernate/tool/schema/internal/StandardIndexExporter
instanceKlass org/hibernate/tool/schema/internal/StandardSequenceExporter
instanceKlass org/hibernate/tool/schema/internal/StandardUserDefinedTypeExporter
instanceKlass org/hibernate/mapping/Value
instanceKlass org/hibernate/tool/schema/extract/spi/ColumnTypeInformation
instanceKlass org/hibernate/boot/model/relational/QualifiedName
instanceKlass org/hibernate/tool/schema/internal/StandardTableExporter
instanceKlass org/hibernate/dialect/Dialect$SizeStrategyImpl
instanceKlass org/hibernate/exception/spi/TemplatedViolatedConstraintNameExtractor
instanceKlass org/hibernate/dialect/SimpleDatabaseVersion
instanceKlass org/hibernate/dialect/Dialect$3
instanceKlass org/hibernate/dialect/Dialect$2
instanceKlass org/hibernate/dialect/Dialect$1
instanceKlass org/hibernate/dialect/pagination/LimitHandler
instanceKlass org/hibernate/exception/spi/ViolatedConstraintNameExtractor
instanceKlass org/hibernate/tool/schema/extract/spi/SequenceInformationExtractor
instanceKlass org/hibernate/dialect/identity/IdentityColumnSupport
instanceKlass org/hibernate/dialect/unique/UniqueDelegate
instanceKlass org/hibernate/tool/schema/internal/TableMigrator
instanceKlass org/hibernate/tool/schema/spi/Cleaner
instanceKlass org/hibernate/dialect/lock/LockingStrategy
instanceKlass org/hibernate/type/descriptor/jdbc/JdbcTypeConstructor
instanceKlass org/hibernate/dialect/FunctionalDependencyAnalysisSupport
instanceKlass org/hibernate/sql/model/MutationOperation
instanceKlass org/hibernate/sql/model/MutationTarget
instanceKlass org/hibernate/procedure/spi/CallableStatementSupport
instanceKlass org/hibernate/engine/jdbc/env/spi/SchemaNameResolver
instanceKlass org/hibernate/dialect/temptable/TemporaryTableExporter
instanceKlass org/hibernate/tool/schema/spi/Exporter
instanceKlass org/hibernate/dialect/LobMergeStrategy
instanceKlass org/hibernate/dialect/Dialect$SizeStrategy
instanceKlass sun/util/locale/provider/CalendarDataUtility$CalendarWeekParameterGetter
instanceKlass sun/util/locale/provider/LocaleServiceProviderPool$LocalizedObjectGetter
instanceKlass sun/util/locale/provider/LocaleServiceProviderPool
instanceKlass java/util/Calendar$Builder
instanceKlass com/mysql/cj/result/DefaultValueFactory
instanceKlass com/mysql/cj/QueryInfo
instanceKlass com/mysql/cj/NativeQueryAttributesBindings
instanceKlass com/mysql/cj/CancelQueryTask
instanceKlass java/util/TimerTask
instanceKlass com/mysql/cj/QueryAttributesBindings
instanceKlass com/mysql/cj/AbstractQuery
instanceKlass org/hibernate/engine/jdbc/env/internal/JdbcEnvironmentInitiator$DialectResolutionInfoImpl
instanceKlass com/zaxxer/hikari/pool/ProxyDatabaseMetaData
instanceKlass org/hibernate/jdbc/WorkExecutor
instanceKlass com/zaxxer/hikari/pool/ProxyConnection
instanceKlass com/zaxxer/hikari/pool/ProxyFactory
instanceKlass com/zaxxer/hikari/pool/ProxyLeakTask
instanceKlass java/util/concurrent/atomic/AtomicReferenceFieldUpdater$AtomicReferenceFieldUpdaterImpl$1
instanceKlass java/util/concurrent/atomic/AtomicReferenceFieldUpdater
instanceKlass com/zaxxer/hikari/pool/HikariPool$HouseKeeper
instanceKlass com/zaxxer/hikari/pool/ProxyLeakTaskFactory
instanceKlass java/util/concurrent/ThreadPoolExecutor$CallerRunsPolicy
instanceKlass com/zaxxer/hikari/util/UtilityElf$CustomDiscardPolicy
instanceKlass com/zaxxer/hikari/pool/PoolBase$NopMetricsTrackerDelegate
instanceKlass java/util/concurrent/TimeUnit$1
instanceKlass com/zaxxer/hikari/pool/HikariPool$MaxLifetimeTask
instanceKlass com/mysql/cj/jdbc/ConnectionImpl$NetworkTimeoutSetter
instanceKlass com/mysql/cj/protocol/NetworkResources
instanceKlass java/sql/ResultSetMetaData
instanceKlass com/mysql/cj/LicenseConfiguration
instanceKlass com/mysql/cj/protocol/InternalDate
instanceKlass com/mysql/cj/result/StringValueFactory
instanceKlass com/mysql/cj/protocol/a/result/AbstractResultsetRows
instanceKlass com/mysql/cj/protocol/result/AbstractResultsetRow
instanceKlass com/mysql/cj/result/DefaultColumnDefinition$1
instanceKlass com/mysql/cj/protocol/a/MysqlTextValueDecoder
instanceKlass com/mysql/cj/protocol/ValueDecoder
instanceKlass com/mysql/cj/protocol/a/AbstractRowFactory
instanceKlass com/mysql/cj/result/DefaultColumnDefinition
instanceKlass com/mysql/cj/result/Field$1
instanceKlass com/mysql/cj/protocol/a/ColumnDefinitionReader$1
instanceKlass java/sql/SQLType
instanceKlass com/mysql/cj/util/LazyString
instanceKlass com/mysql/cj/result/Field
instanceKlass com/mysql/cj/protocol/a/ColumnDefinitionFactory
instanceKlass com/mysql/cj/protocol/a/ResultsetFactory
instanceKlass com/mysql/cj/protocol/a/NativeMessageBuilder
instanceKlass com/mysql/cj/protocol/a/MultiPacketReader
instanceKlass com/mysql/cj/protocol/a/TimeTrackingPacketReader
instanceKlass com/mysql/cj/protocol/a/TimeTrackingPacketSender
instanceKlass com/mysql/cj/protocol/a/NativeServerSessionStateController$NativeServerSessionStateChanges
instanceKlass com/mysql/cj/protocol/a/result/OkPacket
instanceKlass com/mysql/cj/protocol/a/NativeUtils
instanceKlass com/mysql/cj/protocol/a/PacketSplitter
instanceKlass com/mysql/cj/protocol/Security
instanceKlass com/mysql/cj/protocol/a/authentication/AuthenticationWebAuthnClient
instanceKlass com/mysql/cj/protocol/a/authentication/AuthenticationFidoClient
instanceKlass com/mysql/cj/protocol/a/authentication/AuthenticationOciClient
instanceKlass com/mysql/cj/protocol/a/authentication/AuthenticationKerberosClient
instanceKlass sun/invoke/util/VerifyAccess$1
instanceKlass javax/security/auth/callback/Callback
instanceKlass javax/security/auth/callback/CallbackHandler
instanceKlass javax/security/auth/login/Configuration
instanceKlass com/mysql/cj/protocol/a/authentication/AuthenticationLdapSaslClientPlugin
instanceKlass com/mysql/cj/protocol/a/authentication/MysqlOldPasswordPlugin
instanceKlass com/mysql/cj/protocol/a/authentication/Sha256PasswordPlugin
instanceKlass com/mysql/cj/protocol/a/authentication/MysqlClearPasswordPlugin
instanceKlass com/mysql/cj/protocol/a/authentication/MysqlNativePasswordPlugin
instanceKlass com/mysql/cj/protocol/AuthenticationPlugin
instanceKlass com/mysql/cj/protocol/a/NativePacketPayload$1
instanceKlass com/mysql/cj/protocol/a/NativeCapabilities
instanceKlass com/mysql/cj/protocol/a/NativePacketHeader
instanceKlass com/mysql/cj/Collation
instanceKlass sun/nio/cs/ArrayEncoder
instanceKlass sun/nio/cs/DelegatableDecoder
instanceKlass java/nio/charset/Charset$ExtendedProviderHolder$1
instanceKlass java/nio/charset/Charset$ExtendedProviderHolder
instanceKlass com/mysql/cj/ServerVersion
instanceKlass com/mysql/cj/MysqlCharset
instanceKlass com/mysql/cj/CharsetMapping
instanceKlass com/mysql/cj/protocol/a/NativeServerSessionStateController
instanceKlass com/mysql/cj/protocol/ServerSessionStateController
instanceKlass com/mysql/cj/protocol/a/NativeServerSession
instanceKlass com/mysql/cj/protocol/a/BinaryResultsetReader
instanceKlass com/mysql/cj/protocol/a/TextResultsetReader
instanceKlass com/mysql/cj/protocol/a/ResultsetRowReader
instanceKlass com/mysql/cj/protocol/ResultsetRow
instanceKlass com/mysql/cj/protocol/a/ColumnDefinitionReader
instanceKlass com/mysql/cj/protocol/ProtocolEntityReader
instanceKlass com/mysql/cj/callback/MysqlCallback
instanceKlass com/mysql/cj/callback/MysqlCallbackHandler
instanceKlass com/mysql/cj/protocol/a/NativeAuthenticationProvider
instanceKlass com/mysql/cj/protocol/a/SimplePacketReader
instanceKlass com/mysql/cj/protocol/a/SimplePacketSender
instanceKlass com/mysql/cj/protocol/a/NativePacketPayload
instanceKlass com/mysql/cj/log/BaseMetricsHolder
instanceKlass com/mysql/cj/protocol/AbstractProtocol$2
instanceKlass com/mysql/cj/protocol/AbstractProtocol$1
instanceKlass com/mysql/cj/protocol/a/AbstractValueEncoder
instanceKlass com/mysql/cj/protocol/ValueEncoder
instanceKlass com/mysql/cj/CharsetSettings
instanceKlass com/mysql/cj/protocol/ServerSessionStateController$ServerSessionStateChanges
instanceKlass com/mysql/cj/protocol/ServerCapabilities
instanceKlass com/mysql/cj/protocol/MessageHeader
instanceKlass com/mysql/cj/MessageBuilder
instanceKlass com/mysql/cj/protocol/AuthenticationProvider
instanceKlass com/mysql/cj/protocol/ServerSession
instanceKlass com/mysql/cj/protocol/MessageReader
instanceKlass com/mysql/cj/protocol/MessageSender
instanceKlass com/mysql/cj/protocol/PacketReceivedTimeHolder
instanceKlass com/mysql/cj/protocol/AbstractProtocol
instanceKlass com/mysql/cj/protocol/Protocol$ProtocolEventHandler
instanceKlass com/mysql/cj/conf/RuntimeProperty$RuntimePropertyListener
instanceKlass sun/nio/ch/ExtendedSocketOption$1
instanceKlass sun/nio/ch/ExtendedSocketOption
instanceKlass sun/nio/ch/OptionKey
instanceKlass sun/nio/ch/SocketOptionRegistry$LazyInitialization
instanceKlass sun/nio/ch/SocketOptionRegistry$RegistryKey
instanceKlass sun/nio/ch/SocketOptionRegistry
instanceKlass java/net/StandardSocketOptions$StdSocketOption
instanceKlass java/net/StandardSocketOptions
instanceKlass java/util/concurrent/atomic/Striped64$1
instanceKlass java/net/InetAddress$CachedAddresses
instanceKlass sun/net/InetAddressCachePolicy$2
instanceKlass sun/net/InetAddressCachePolicy$1
instanceKlass sun/net/InetAddressCachePolicy
instanceKlass java/net/InetAddress$NameServiceAddresses
instanceKlass java/net/InetAddress$Addresses
instanceKlass java/util/concurrent/ConcurrentSkipListMap$Iter
instanceKlass com/mysql/cj/protocol/StandardSocketFactory
instanceKlass com/mysql/cj/protocol/PacketSentTimeHolder
instanceKlass com/mysql/cj/protocol/SocketFactory
instanceKlass com/mysql/cj/protocol/SocketMetadata
instanceKlass com/mysql/cj/protocol/AbstractSocketConnection
instanceKlass com/mysql/cj/NoSubInterceptorWrapper
instanceKlass java/util/LinkedList$LLSpliterator
instanceKlass com/mysql/cj/interceptors/QueryInterceptor
instanceKlass com/mysql/cj/result/Row
instanceKlass com/mysql/cj/jdbc/DatabaseMetaData$IteratorWithCleanup
instanceKlass com/mysql/cj/protocol/ResultsetRows
instanceKlass com/mysql/cj/result/RowList
instanceKlass com/mysql/cj/jdbc/DatabaseMetaData
instanceKlass com/mysql/cj/log/LogFactory
instanceKlass com/mysql/cj/log/NullLogger
instanceKlass com/mysql/cj/result/ValueFactory
instanceKlass com/mysql/cj/protocol/Message
instanceKlass com/mysql/cj/protocol/Protocol
instanceKlass com/mysql/cj/protocol/SocketConnection
instanceKlass com/mysql/cj/DataStoreMetadata
instanceKlass com/mysql/cj/CoreSession
instanceKlass com/mysql/cj/protocol/a/result/NativeResultset
instanceKlass com/mysql/cj/WarningListener
instanceKlass com/mysql/cj/jdbc/result/ResultSetInternalMethods
instanceKlass com/mysql/cj/protocol/Resultset
instanceKlass com/mysql/cj/protocol/ResultsetRowsOwner
instanceKlass java/sql/ResultSet
instanceKlass com/mysql/cj/jdbc/result/ResultSetFactory
instanceKlass com/mysql/cj/conf/AbstractRuntimeProperty
instanceKlass com/mysql/cj/PerConnectionLRUFactory
instanceKlass com/mysql/cj/util/PerVmServerConfigCacheFactory
instanceKlass com/mysql/cj/CacheAdapterFactory
instanceKlass java/text/AttributedCharacterIterator$Attribute
instanceKlass com/mysql/cj/conf/AbstractPropertyDefinition
instanceKlass com/mysql/cj/conf/PropertyDefinitions
instanceKlass com/mysql/cj/conf/RuntimeProperty
instanceKlass com/mysql/cj/conf/PropertyDefinition
instanceKlass com/mysql/cj/conf/DefaultPropertySet
instanceKlass com/mysql/cj/log/StandardLogger
instanceKlass com/mysql/cj/log/Log
instanceKlass java/sql/SQLXML
instanceKlass java/sql/Savepoint
instanceKlass java/sql/DatabaseMetaData
instanceKlass java/sql/CallableStatement
instanceKlass com/mysql/cj/jdbc/result/CachedResultSetMetaData
instanceKlass com/mysql/cj/protocol/ColumnDefinition
instanceKlass com/mysql/cj/protocol/ProtocolEntity
instanceKlass com/mysql/cj/jdbc/StatementImpl
instanceKlass com/mysql/cj/jdbc/JdbcPreparedStatement
instanceKlass com/mysql/cj/jdbc/JdbcStatement
instanceKlass com/mysql/cj/Query
instanceKlass java/sql/PreparedStatement
instanceKlass java/sql/Statement
instanceKlass com/mysql/cj/Session
instanceKlass com/mysql/cj/protocol/ProtocolEntityFactory
instanceKlass com/mysql/cj/jdbc/IterateBlock
instanceKlass com/mysql/cj/exceptions/ExceptionInterceptor
instanceKlass com/mysql/cj/jdbc/ConnectionImpl
instanceKlass com/mysql/cj/Session$SessionEventListener
instanceKlass com/mysql/cj/jdbc/JdbcConnection
instanceKlass com/mysql/cj/TransactionEventHandler
instanceKlass com/mysql/cj/MysqlConnection
instanceKlass com/mysql/cj/jdbc/NonRegisteringDriver$1
instanceKlass java/util/Collections$UnmodifiableMap$UnmodifiableEntrySet$UnmodifiableEntrySetSpliterator
instanceKlass java/math/MathContext
instanceKlass jdk/internal/math/FDBigInteger
instanceKlass java/text/FieldPosition
instanceKlass java/util/ResourceBundle$Control$2
instanceKlass java/util/spi/ResourceBundleControlProvider
instanceKlass java/util/ResourceBundle$ResourceBundleControlProviderHolder
instanceKlass com/mysql/cj/Messages
instanceKlass com/mysql/cj/Constants
instanceKlass com/mysql/cj/util/Util
instanceKlass com/mysql/cj/conf/HostInfo
instanceKlass com/mysql/cj/conf/ConnectionUrlParser$Pair
instanceKlass com/mysql/cj/util/StringInspector
instanceKlass sun/reflect/misc/ReflectUtil
instanceKlass com/zaxxer/hikari/util/FastList
instanceKlass java/util/concurrent/atomic/AtomicIntegerFieldUpdater$AtomicIntegerFieldUpdaterImpl$1
instanceKlass java/util/concurrent/atomic/AtomicIntegerFieldUpdater
instanceKlass com/zaxxer/hikari/pool/PoolEntry
instanceKlass com/zaxxer/hikari/util/ClockSource$NanosecondClockSource
instanceKlass com/zaxxer/hikari/util/ClockSource$Factory
instanceKlass com/zaxxer/hikari/util/ClockSource
instanceKlass java/util/concurrent/RunnableScheduledFuture
instanceKlass java/util/concurrent/ScheduledFuture
instanceKlass java/util/concurrent/Delayed
instanceKlass java/util/concurrent/ThreadPoolExecutor$DiscardPolicy
instanceKlass com/zaxxer/hikari/util/UtilityElf$DefaultThreadFactory
instanceKlass com/zaxxer/hikari/util/SuspendResumeLock
instanceKlass java/util/concurrent/SynchronousQueue$TransferQueue$QNode
instanceKlass com/zaxxer/hikari/util/ConcurrentBag
instanceKlass com/zaxxer/hikari/pool/HikariPool$PoolEntryCreator
instanceKlass com/zaxxer/hikari/pool/PoolBase$SynchronousExecutor
instanceKlass com/mysql/cj/util/StringUtils
instanceKlass com/mysql/cj/conf/ConnectionUrlParser
instanceKlass java/util/concurrent/locks/ReentrantReadWriteLock$WriteLock
instanceKlass java/util/concurrent/locks/ReentrantReadWriteLock$ReadLock
instanceKlass java/util/concurrent/locks/ReentrantReadWriteLock
instanceKlass java/util/concurrent/locks/ReadWriteLock
instanceKlass com/mysql/cj/conf/ConnectionUrl
instanceKlass com/mysql/cj/conf/DatabaseUrlContainer
instanceKlass java/sql/DriverManager$2
instanceKlass java/sql/DriverManager$1
instanceKlass com/zaxxer/hikari/util/DriverDataSource
instanceKlass com/zaxxer/hikari/SQLExceptionOverride
instanceKlass com/zaxxer/hikari/pool/PoolBase$IMetricsTrackerDelegate
instanceKlass com/zaxxer/hikari/util/ConcurrentBag$IConcurrentBagEntry
instanceKlass com/zaxxer/hikari/metrics/PoolStats
instanceKlass com/zaxxer/hikari/util/UtilityElf
instanceKlass org/hibernate/jdbc/AbstractReturningWork
instanceKlass org/hibernate/jdbc/ReturningWork
instanceKlass org/hibernate/resource/transaction/backend/jdbc/internal/JdbcIsolationDelegate
instanceKlass org/hibernate/resource/transaction/internal/SynchronizationRegistryStandardImpl
instanceKlass org/hibernate/resource/transaction/spi/SynchronizationRegistryImplementor
instanceKlass org/hibernate/resource/transaction/spi/IsolationDelegate
instanceKlass org/hibernate/resource/transaction/spi/SynchronizationRegistry
instanceKlass org/hibernate/resource/transaction/spi/TransactionCoordinator$TransactionDriver
instanceKlass org/hibernate/resource/transaction/backend/jdbc/internal/JdbcResourceLocalTransactionCoordinatorImpl
instanceKlass org/hibernate/resource/jdbc/internal/AbstractLogicalConnectionImplementor
instanceKlass org/hibernate/resource/jdbc/spi/PhysicalJdbcTransaction
instanceKlass org/hibernate/resource/jdbc/internal/ResourceRegistryStandardImpl
instanceKlass org/hibernate/engine/jdbc/spi/ResultSetReturn
instanceKlass org/hibernate/resource/transaction/backend/jdbc/spi/JdbcResourceTransaction
instanceKlass org/hibernate/engine/jdbc/spi/MutationStatementPreparer
instanceKlass org/hibernate/engine/jdbc/spi/StatementPreparer
instanceKlass org/hibernate/resource/jdbc/spi/LogicalConnectionImplementor
instanceKlass org/hibernate/resource/jdbc/LogicalConnection
instanceKlass org/hibernate/resource/jdbc/ResourceRegistry
instanceKlass org/hibernate/engine/jdbc/internal/JdbcCoordinatorImpl
instanceKlass org/hibernate/engine/jdbc/spi/JdbcCoordinator
instanceKlass org/hibernate/resource/transaction/backend/jdbc/spi/JdbcResourceTransactionAccess
instanceKlass org/hibernate/tool/schema/internal/exec/JdbcContext
instanceKlass org/hibernate/resource/transaction/spi/TransactionCoordinator
instanceKlass org/hibernate/resource/transaction/spi/DdlTransactionIsolator
instanceKlass org/hibernate/event/internal/EmptyEventManager
instanceKlass org/hibernate/engine/jdbc/env/internal/JdbcEnvironmentInitiator$TemporaryJdbcSessionOwner$EmptyJdbcObserver
instanceKlass org/hibernate/resource/jdbc/spi/JdbcObserver
instanceKlass org/hibernate/event/spi/EventManager
instanceKlass org/hibernate/engine/jdbc/env/internal/JdbcEnvironmentInitiator$TemporaryJdbcSessionOwner
instanceKlass org/hibernate/resource/jdbc/spi/JdbcSessionContext
instanceKlass org/hibernate/sql/exec/spi/JdbcSelectExecutor
instanceKlass org/hibernate/sql/exec/spi/JdbcMutationExecutor
instanceKlass org/hibernate/engine/jdbc/internal/JdbcServicesImpl
instanceKlass javax/naming/event/NamespaceChangeListener
instanceKlass javax/naming/event/NamingListener
instanceKlass org/hibernate/engine/jndi/internal/JndiServiceImpl
instanceKlass org/hibernate/engine/jdbc/env/internal/JdbcEnvironmentInitiator$ConnectionProviderJdbcConnectionAccess
instanceKlass org/hibernate/engine/jdbc/dialect/internal/StandardDialectResolver
instanceKlass org/hibernate/engine/jdbc/dialect/internal/DialectResolverSet
instanceKlass org/hibernate/engine/jdbc/dialect/spi/DialectResolutionInfoSource
instanceKlass org/hibernate/engine/jdbc/dialect/internal/DialectFactoryImpl
instanceKlass org/hibernate/boot/model/relational/Database
instanceKlass org/hibernate/boot/model/TypeDefinitionRegistryStandardImpl
instanceKlass org/hibernate/internal/util/StringHelper$Renderer
instanceKlass org/hibernate/boot/model/convert/internal/AttributeConverterManager
instanceKlass org/hibernate/mapping/Table
instanceKlass org/hibernate/boot/model/relational/ContributableDatabaseObject
instanceKlass org/hibernate/boot/model/relational/Exportable
instanceKlass org/hibernate/mapping/Contributable
instanceKlass org/hibernate/boot/query/NamedProcedureCallDefinition
instanceKlass org/hibernate/boot/query/NamedQueryDefinition
instanceKlass org/hibernate/boot/spi/InFlightMetadataCollector$EntityTableXref
instanceKlass org/hibernate/boot/model/naming/ImplicitForeignKeyNameSource
instanceKlass org/hibernate/boot/model/naming/ImplicitConstraintNameSource
instanceKlass org/hibernate/boot/model/naming/ImplicitNameSource
instanceKlass org/hibernate/boot/spi/SecondPass
instanceKlass org/hibernate/boot/model/convert/spi/ConverterAutoApplyHandler
instanceKlass org/hibernate/boot/spi/InFlightMetadataCollector$DelayedPropertyReferenceHandler
instanceKlass org/hibernate/boot/model/TypeDefinitionRegistry
instanceKlass org/hibernate/boot/internal/InFlightMetadataCollectorImpl
instanceKlass org/hibernate/boot/model/convert/spi/ConverterRegistry
instanceKlass org/hibernate/proxy/pojo/bytebuddy/ByteBuddyProxyHelper
instanceKlass org/hibernate/bytecode/internal/bytebuddy/ByteBuddyState$StandardClassRewriter
instanceKlass net/bytebuddy/matcher/LatentMatcher$Resolved
instanceKlass net/bytebuddy/dynamic/scaffold/InstrumentedType$WithFlexibleName
instanceKlass net/bytebuddy/dynamic/scaffold/InstrumentedType
instanceKlass net/bytebuddy/implementation/LoadedTypeInitializer
instanceKlass net/bytebuddy/dynamic/scaffold/TypeInitializer
instanceKlass net/bytebuddy/dynamic/scaffold/MethodGraph$Linked
instanceKlass net/bytebuddy/dynamic/scaffold/MethodGraph
instanceKlass net/bytebuddy/dynamic/scaffold/MethodGraph$Compiler$Default$Merger
instanceKlass net/bytebuddy/dynamic/scaffold/MethodGraph$Compiler$Default$Harmonizer
instanceKlass net/bytebuddy/dynamic/scaffold/MethodGraph$Compiler$AbstractBase
instanceKlass net/bytebuddy/dynamic/scaffold/MethodGraph$Compiler
instanceKlass net/bytebuddy/implementation/Implementation$Context$ExtractableView
instanceKlass net/bytebuddy/implementation/Implementation$Context
instanceKlass net/bytebuddy/implementation/MethodAccessorFactory
instanceKlass net/bytebuddy/implementation/attribute/AnnotationValueFilter
instanceKlass net/bytebuddy/utility/RandomString
instanceKlass net/bytebuddy/dynamic/scaffold/ClassWriterStrategy
instanceKlass net/bytebuddy/dynamic/VisibilityBridgeStrategy
instanceKlass net/bytebuddy/dynamic/scaffold/InstrumentedType$Factory
instanceKlass net/bytebuddy/implementation/attribute/AnnotationValueFilter$Factory
instanceKlass net/bytebuddy/implementation/auxiliary/AuxiliaryType$NamingStrategy$SuffixingRandom
instanceKlass net/bytebuddy/implementation/Implementation$Context$Factory
instanceKlass net/bytebuddy/implementation/auxiliary/AuxiliaryType$NamingStrategy
instanceKlass net/bytebuddy/NamingStrategy$AbstractBase
instanceKlass net/bytebuddy/matcher/LatentMatcher
instanceKlass net/bytebuddy/dynamic/scaffold/subclass/ConstructorStrategy
instanceKlass net/bytebuddy/ByteBuddy
instanceKlass org/hibernate/bytecode/enhance/internal/bytebuddy/CodeTemplates$ClearOwner
instanceKlass org/hibernate/bytecode/enhance/internal/tracker/CompositeOwnerTracker
instanceKlass org/hibernate/bytecode/enhance/internal/bytebuddy/CodeTemplates$SetOwner
instanceKlass org/hibernate/bytecode/enhance/spi/interceptor/AbstractInterceptor
instanceKlass org/hibernate/bytecode/enhance/spi/interceptor/BytecodeLazyAttributeInterceptor
instanceKlass org/hibernate/bytecode/enhance/spi/interceptor/SessionAssociableInterceptor
instanceKlass org/hibernate/bytecode/enhance/internal/bytebuddy/CodeTemplates$InitializeLazyAttributeLoadingInterceptor
instanceKlass org/hibernate/bytecode/enhance/internal/bytebuddy/CodeTemplates$ClearDirtyAttributes
instanceKlass org/hibernate/bytecode/enhance/internal/bytebuddy/CodeTemplates$GetCollectionTrackerWithoutCollections
instanceKlass org/hibernate/bytecode/enhance/internal/bytebuddy/CodeTemplates$AreFieldsDirty
instanceKlass net/bytebuddy/asm/Advice$OffsetMapping$ForThisReference
instanceKlass org/hibernate/engine/spi/ExtendedSelfDirtinessTracker
instanceKlass org/hibernate/bytecode/enhance/internal/bytebuddy/CodeTemplates$GetDirtyAttributes
instanceKlass org/hibernate/bytecode/enhance/internal/bytebuddy/CodeTemplates$SuspendDirtyTracking
instanceKlass org/hibernate/bytecode/enhance/internal/bytebuddy/CodeTemplates$ClearDirtyAttributesWithoutCollections
instanceKlass org/hibernate/bytecode/enhance/internal/bytebuddy/CodeTemplates$AreFieldsDirtyWithoutCollections
instanceKlass net/bytebuddy/asm/Advice$OffsetMapping$Target$ForVariable
instanceKlass net/bytebuddy/asm/Advice$OffsetMapping$ForReturnValue
instanceKlass net/bytebuddy/description/type/TypeDescription$Generic$AnnotationReader$Delegator$ForLoadedMethodReturnType$Dispatcher
instanceKlass net/bytebuddy/description/type/TypeDescription$Generic$AnnotationReader$Delegator
instanceKlass net/bytebuddy/asm/Advice$OffsetMapping$ForEnterValue$Factory
instanceKlass org/hibernate/bytecode/enhance/internal/bytebuddy/CodeTemplates$GetDirtyAttributesWithoutCollections
instanceKlass net/bytebuddy/asm/Advice$Dispatcher$RelocationHandler$Bound
instanceKlass net/bytebuddy/asm/Advice$Dispatcher$RelocationHandler$ForType
instanceKlass net/bytebuddy/asm/Advice$Dispatcher$RelocationHandler
instanceKlass net/bytebuddy/asm/Advice$Dispatcher$SuppressionHandler$Bound
instanceKlass net/bytebuddy/asm/Advice$Dispatcher$SuppressionHandler$Suppressing
instanceKlass net/bytebuddy/asm/Advice$Dispatcher$SuppressionHandler
instanceKlass net/bytebuddy/description/enumeration/EnumerationDescription$AbstractBase
instanceKlass net/bytebuddy/asm/Advice$OffsetMapping$Target$ForDefaultValue
instanceKlass net/bytebuddy/asm/Advice$StubValue
instanceKlass net/bytebuddy/asm/Advice$Unused
instanceKlass net/bytebuddy/utility/CompoundList
instanceKlass net/bytebuddy/asm/Advice$Return
instanceKlass net/bytebuddy/asm/Advice$Enter
instanceKlass net/bytebuddy/asm/Advice$OffsetMapping$ForLocalValue$Factory
instanceKlass net/bytebuddy/asm/Advice$Exit
instanceKlass net/bytebuddy/asm/Advice$OffsetMapping$ForExitValue$Factory
instanceKlass net/bytebuddy/asm/Advice$Thrown
instanceKlass net/bytebuddy/asm/Advice$OffsetMapping$Factory$Illegal
instanceKlass net/bytebuddy/asm/Advice$OffsetMapping$Target
instanceKlass net/bytebuddy/asm/Advice$SelfCallHandle
instanceKlass net/bytebuddy/asm/Advice$Origin
instanceKlass net/bytebuddy/asm/Advice$FieldSetterHandle
instanceKlass net/bytebuddy/asm/Advice$FieldGetterHandle
instanceKlass net/bytebuddy/asm/Advice$OffsetMapping$ForFieldHandle
instanceKlass net/bytebuddy/asm/Advice$OffsetMapping$ForField
instanceKlass net/bytebuddy/asm/Advice$This
instanceKlass net/bytebuddy/asm/Advice$AllArguments
instanceKlass net/bytebuddy/asm/Advice$OffsetMapping$Factory
instanceKlass net/bytebuddy/asm/Advice$ArgumentHandler
instanceKlass net/bytebuddy/asm/Advice$OffsetMapping$ForArgument
instanceKlass net/bytebuddy/asm/Advice$OffsetMapping
instanceKlass net/bytebuddy/asm/Advice$Dispatcher$Resolved$AbstractBase
instanceKlass net/bytebuddy/jar/asm/ClassReader
instanceKlass net/bytebuddy/utility/OpenedClassReader
instanceKlass net/bytebuddy/utility/StreamDrainer
instanceKlass net/bytebuddy/dynamic/ClassFileLocator$Resolution$Explicit
instanceKlass net/bytebuddy/asm/Advice$Local
instanceKlass net/bytebuddy/asm/Advice$FieldValue
instanceKlass net/bytebuddy/asm/Advice$Argument
instanceKlass net/bytebuddy/description/annotation/AnnotationValue$Loaded
instanceKlass net/bytebuddy/description/annotation/AnnotationValue$ForConstant$PropertyDelegate
instanceKlass org/hibernate/bytecode/enhance/internal/tracker/DirtyTracker
instanceKlass net/bytebuddy/asm/Advice$Delegator
instanceKlass net/bytebuddy/asm/Advice$PostProcessor
instanceKlass net/bytebuddy/asm/Advice$OnMethodExit
instanceKlass net/bytebuddy/asm/Advice$OnMethodEnter
instanceKlass net/bytebuddy/asm/Advice$Dispatcher$Bound
instanceKlass net/bytebuddy/asm/Advice$Dispatcher$Resolved$ForMethodExit
instanceKlass net/bytebuddy/asm/Advice$Dispatcher$Resolved$ForMethodEnter
instanceKlass net/bytebuddy/asm/Advice$Dispatcher$Resolved
instanceKlass net/bytebuddy/asm/Advice$Delegator$Factory
instanceKlass net/bytebuddy/asm/Advice$PostProcessor$Factory
instanceKlass net/bytebuddy/asm/Advice$Dispatcher$Delegating
instanceKlass net/bytebuddy/asm/Advice$Dispatcher$Inlining
instanceKlass net/bytebuddy/asm/Advice$Dispatcher$Unresolved
instanceKlass net/bytebuddy/asm/Advice$Dispatcher
instanceKlass net/bytebuddy/asm/Advice$ExceptionHandler
instanceKlass net/bytebuddy/asm/Advice$Dispatcher$RelocationHandler$Relocation
instanceKlass net/bytebuddy/asm/Advice
instanceKlass net/bytebuddy/asm/AsmVisitorWrapper$ForDeclaredMethods$MethodVisitorWrapper
instanceKlass org/hibernate/bytecode/enhance/internal/bytebuddy/CodeTemplates$TrackChange
instanceKlass net/bytebuddy/dynamic/loading/ClassLoadingStrategy
instanceKlass net/bytebuddy/dynamic/ClassFileLocator$Resolution
instanceKlass net/bytebuddy/dynamic/ClassFileLocator$ForClassLoader
instanceKlass net/bytebuddy/dynamic/ClassFileLocator
instanceKlass org/hibernate/bytecode/enhance/internal/bytebuddy/CodeTemplates
instanceKlass org/hibernate/bytecode/enhance/spi/CollectionTracker
instanceKlass org/hibernate/engine/spi/PersistentAttributeInterceptor
instanceKlass org/hibernate/bytecode/enhance/spi/LazyPropertyInitializer$InterceptorImplementor
instanceKlass org/hibernate/engine/spi/EntityEntry
instanceKlass org/hibernate/bytecode/enhance/internal/bytebuddy/EnhancerImplConstants$1
instanceKlass org/hibernate/bytecode/enhance/spi/EnhancementInfo
instanceKlass net/bytebuddy/description/annotation/AnnotationValue$AbstractBase
instanceKlass net/bytebuddy/description/annotation/AnnotationDescription$Builder
instanceKlass jakarta/persistence/Transient
instanceKlass net/bytebuddy/description/modifier/ModifierContributor$Resolver
instanceKlass net/bytebuddy/description/modifier/ModifierContributor$ForField
instanceKlass net/bytebuddy/description/modifier/ModifierContributor$ForMethod
instanceKlass net/bytebuddy/description/modifier/ModifierContributor$ForType
instanceKlass net/bytebuddy/description/modifier/ModifierContributor
instanceKlass org/hibernate/bytecode/enhance/internal/bytebuddy/EnhancerImplConstants
instanceKlass net/bytebuddy/implementation/FieldAccessor$FieldLocation$Prepared
instanceKlass net/bytebuddy/implementation/FieldAccessor$FieldLocation$Relative
instanceKlass net/bytebuddy/utility/ConstantValue
instanceKlass net/bytebuddy/implementation/FieldAccessor$FieldNameExtractor$ForFixedValue
instanceKlass net/bytebuddy/implementation/FieldAccessor$OwnerTypeLocatable
instanceKlass net/bytebuddy/implementation/FieldAccessor$AssignerConfigurable
instanceKlass net/bytebuddy/implementation/FieldAccessor$PropertyConfigurable
instanceKlass net/bytebuddy/implementation/FieldAccessor$FieldLocation
instanceKlass net/bytebuddy/implementation/FieldAccessor$FieldNameExtractor
instanceKlass net/bytebuddy/implementation/FieldAccessor
instanceKlass org/hibernate/bytecode/internal/bytebuddy/ByteBuddyState$ProxyDefinitionHelpers$2
instanceKlass net/bytebuddy/implementation/bytecode/assign/primitive/PrimitiveTypeAwareAssigner
instanceKlass net/bytebuddy/implementation/bytecode/assign/primitive/VoidAwareAssigner
instanceKlass net/bytebuddy/implementation/bytecode/assign/Assigner
instanceKlass net/bytebuddy/implementation/bind/MethodDelegationBinder$MethodBinding
instanceKlass net/bytebuddy/implementation/bind/annotation/TargetMethodAnnotationDrivenBinder$Record
instanceKlass net/bytebuddy/implementation/bind/annotation/TargetMethodAnnotationDrivenBinder$DelegationProcessor$Handler$Bound
instanceKlass net/bytebuddy/implementation/bind/annotation/RuntimeType$Verifier
instanceKlass net/bytebuddy/description/method/ParameterDescription$ForLoadedParameter$Parameter
instanceKlass net/bytebuddy/description/method/ParameterDescription$InDefinedShape
instanceKlass net/bytebuddy/description/method/ParameterDescription
instanceKlass net/bytebuddy/description/NamedElement$WithOptionalName
instanceKlass net/bytebuddy/description/method/ParameterList$ForLoadedExecutable$Executable
instanceKlass net/bytebuddy/description/method/ParameterList
instanceKlass net/bytebuddy/description/type/TypeDescription$Generic$Visitor$ForRawType
instanceKlass net/bytebuddy/utility/dispatcher/JavaDispatcher$Dispatcher$ForInstanceCheck
instanceKlass net/bytebuddy/description/type/TypeDefinition$Sort$AnnotatedType
instanceKlass net/bytebuddy/description/type/TypeDescription$Generic$AnnotationReader
instanceKlass net/bytebuddy/description/annotation/AnnotationValue
instanceKlass net/bytebuddy/description/enumeration/EnumerationDescription
instanceKlass net/bytebuddy/description/annotation/AnnotationDescription$AbstractBase
instanceKlass net/bytebuddy/description/annotation/AnnotationDescription$Loadable
instanceKlass net/bytebuddy/implementation/bind/annotation/IgnoreForBinding
instanceKlass net/bytebuddy/implementation/bind/annotation/RuntimeType
instanceKlass net/bytebuddy/description/annotation/AnnotationDescription
instanceKlass net/bytebuddy/implementation/bind/annotation/IgnoreForBinding$Verifier
instanceKlass net/bytebuddy/implementation/MethodDelegation$ImplementationDelegate$Compiled
instanceKlass net/bytebuddy/implementation/MethodDelegation$ImplementationDelegate$ForStaticMethod
instanceKlass net/bytebuddy/implementation/bind/annotation/Empty
instanceKlass net/bytebuddy/implementation/bind/annotation/StubValue
instanceKlass net/bytebuddy/implementation/bind/annotation/TargetMethodAnnotationDrivenBinder$DelegationProcessor$Handler$Unbound
instanceKlass net/bytebuddy/implementation/bind/annotation/TargetMethodAnnotationDrivenBinder$DelegationProcessor$Handler
instanceKlass net/bytebuddy/implementation/bind/annotation/TargetMethodAnnotationDrivenBinder$DelegationProcessor
instanceKlass net/bytebuddy/implementation/bind/annotation/TargetMethodAnnotationDrivenBinder
instanceKlass net/bytebuddy/implementation/bind/MethodDelegationBinder
instanceKlass org/hibernate/proxy/ProxyConfiguration$Interceptor
instanceKlass net/bytebuddy/implementation/bind/annotation/FieldSetterHandle
instanceKlass net/bytebuddy/implementation/bind/annotation/FieldGetterHandle
instanceKlass net/bytebuddy/implementation/bind/annotation/FieldValue
instanceKlass net/bytebuddy/dynamic/scaffold/FieldLocator$AbstractBase
instanceKlass net/bytebuddy/dynamic/scaffold/FieldLocator
instanceKlass net/bytebuddy/implementation/bind/annotation/TargetMethodAnnotationDrivenBinder$ParameterBinder$ForFieldBinding
instanceKlass net/bytebuddy/implementation/bind/annotation/DefaultMethodHandle
instanceKlass net/bytebuddy/implementation/bind/annotation/DefaultMethodHandle$Binder$MethodLocator$ForExplicitType
instanceKlass net/bytebuddy/implementation/bind/annotation/DefaultMethodHandle$Binder$MethodLocator
instanceKlass net/bytebuddy/implementation/bind/annotation/DefaultMethod
instanceKlass net/bytebuddy/implementation/bind/annotation/DefaultMethod$Binder$MethodLocator$ForExplicitType
instanceKlass net/bytebuddy/implementation/bind/annotation/DefaultMethod$Binder$MethodLocator
instanceKlass net/bytebuddy/implementation/bind/annotation/SuperMethodHandle
instanceKlass net/bytebuddy/implementation/bind/annotation/SuperMethod
instanceKlass net/bytebuddy/implementation/bind/annotation/DefaultCallHandle
instanceKlass net/bytebuddy/implementation/bind/annotation/DefaultCallHandle$Binder$DefaultMethodLocator$Explicit
instanceKlass net/bytebuddy/implementation/bind/annotation/DefaultCallHandle$Binder$DefaultMethodLocator
instanceKlass net/bytebuddy/implementation/bind/annotation/DefaultCall
instanceKlass net/bytebuddy/implementation/bind/annotation/DefaultCall$Binder$DefaultMethodLocator$Explicit
instanceKlass net/bytebuddy/implementation/bind/annotation/DefaultCall$Binder$DefaultMethodLocator
instanceKlass net/bytebuddy/implementation/bind/annotation/SuperCallHandle
instanceKlass net/bytebuddy/implementation/bind/annotation/SuperCall
instanceKlass net/bytebuddy/implementation/bytecode/StackManipulation$AbstractBase
instanceKlass net/bytebuddy/implementation/bind/annotation/Default
instanceKlass net/bytebuddy/implementation/bind/annotation/Super
instanceKlass net/bytebuddy/implementation/bind/annotation/This
instanceKlass net/bytebuddy/implementation/bytecode/StackManipulation$Compound
instanceKlass net/bytebuddy/implementation/bind/annotation/Origin
instanceKlass net/bytebuddy/implementation/bind/MethodDelegationBinder$ParameterBinding$Anonymous
instanceKlass net/bytebuddy/implementation/bind/annotation/AllArguments
instanceKlass net/bytebuddy/implementation/bind/annotation/Argument
instanceKlass net/bytebuddy/implementation/bind/MethodDelegationBinder$ParameterBinding
instanceKlass net/bytebuddy/implementation/bytecode/StackManipulation
instanceKlass net/bytebuddy/implementation/bind/annotation/TargetMethodAnnotationDrivenBinder$ParameterBinder
instanceKlass net/bytebuddy/description/method/MethodDescription$InDefinedShape$AbstractBase$Executable
instanceKlass net/bytebuddy/description/ByteCodeElement$Token
instanceKlass net/bytebuddy/description/method/ParameterDescription$ForLoadedParameter$ParameterAnnotationSource
instanceKlass net/bytebuddy/implementation/bind/annotation/BindingPriority
instanceKlass net/bytebuddy/implementation/bind/MethodDelegationBinder$AmbiguityResolver$Compound
instanceKlass net/bytebuddy/implementation/bind/MethodDelegationBinder$BindingResolver
instanceKlass net/bytebuddy/dynamic/scaffold/FieldLocator$Factory
instanceKlass net/bytebuddy/implementation/MethodDelegation$ImplementationDelegate
instanceKlass net/bytebuddy/implementation/MethodDelegation$WithCustomProperties
instanceKlass net/bytebuddy/implementation/bind/MethodDelegationBinder$TerminationHandler
instanceKlass net/bytebuddy/implementation/bytecode/ByteCodeAppender
instanceKlass net/bytebuddy/implementation/bind/MethodDelegationBinder$Record
instanceKlass net/bytebuddy/implementation/bind/MethodDelegationBinder$AmbiguityResolver
instanceKlass net/bytebuddy/implementation/MethodDelegation
instanceKlass net/bytebuddy/implementation/Implementation$Composable
instanceKlass org/hibernate/proxy/ProxyConfiguration$InterceptorDispatcher
instanceKlass org/hibernate/internal/util/securitymanager/SystemSecurityManager
instanceKlass org/hibernate/bytecode/internal/bytebuddy/ByteBuddyState$ProxyDefinitionHelpers$1
instanceKlass org/hibernate/engine/spi/PersistentAttributeInterceptable
instanceKlass org/hibernate/engine/spi/ManagedMappedSuperclass
instanceKlass org/hibernate/proxy/ProxyConfiguration
instanceKlass org/hibernate/engine/spi/SelfDirtinessTracker
instanceKlass org/hibernate/engine/spi/CompositeTracker
instanceKlass org/hibernate/engine/spi/ManagedComposite
instanceKlass org/hibernate/proxy/HibernateProxy
instanceKlass org/hibernate/engine/spi/CompositeOwner
instanceKlass org/hibernate/engine/spi/ManagedEntity
instanceKlass org/hibernate/engine/spi/Managed
instanceKlass org/hibernate/engine/spi/PrimeAmongSecondarySupertypes
instanceKlass net/bytebuddy/dynamic/TargetType
instanceKlass net/bytebuddy/utility/dispatcher/JavaDispatcher$ProxiedInvocationHandler
instanceKlass net/bytebuddy/utility/nullability/MaybeNull
instanceKlass net/bytebuddy/utility/dispatcher/JavaDispatcher$Dispatcher$ForNonStaticMethod
instanceKlass net/bytebuddy/utility/dispatcher/JavaDispatcher$IsConstructor
instanceKlass net/bytebuddy/utility/dispatcher/JavaDispatcher$IsStatic
instanceKlass net/bytebuddy/utility/dispatcher/JavaDispatcher$Container
instanceKlass net/bytebuddy/utility/dispatcher/JavaDispatcher$Instance
instanceKlass net/bytebuddy/utility/dispatcher/JavaDispatcher$Defaults
instanceKlass net/bytebuddy/utility/Invoker$Dispatcher
instanceKlass net/bytebuddy/jar/asm/Attribute
instanceKlass net/bytebuddy/jar/asm/Handler
instanceKlass net/bytebuddy/jar/asm/Frame
instanceKlass net/bytebuddy/jar/asm/Type
instanceKlass net/bytebuddy/jar/asm/ByteVector
instanceKlass net/bytebuddy/jar/asm/Symbol
instanceKlass net/bytebuddy/jar/asm/SymbolTable
instanceKlass net/bytebuddy/jar/asm/MethodVisitor
instanceKlass net/bytebuddy/jar/asm/FieldVisitor
instanceKlass net/bytebuddy/jar/asm/ModuleVisitor
instanceKlass net/bytebuddy/jar/asm/AnnotationVisitor
instanceKlass net/bytebuddy/jar/asm/RecordComponentVisitor
instanceKlass net/bytebuddy/jar/asm/ClassVisitor
instanceKlass net/bytebuddy/utility/Invoker
instanceKlass net/bytebuddy/utility/dispatcher/JavaDispatcher$InvokerCreationAction
instanceKlass net/bytebuddy/utility/dispatcher/JavaDispatcher$DynamicClassLoader$Resolver$ForModuleSystem
instanceKlass net/bytebuddy/utility/dispatcher/JavaDispatcher$DynamicClassLoader$Resolver
instanceKlass net/bytebuddy/utility/dispatcher/JavaDispatcher$Proxied
instanceKlass net/bytebuddy/utility/dispatcher/JavaDispatcher$Dispatcher
instanceKlass net/bytebuddy/utility/dispatcher/JavaDispatcher
instanceKlass net/bytebuddy/description/type/TypeDescription$ForLoadedType$Dispatcher
instanceKlass net/bytebuddy/utility/privilege/GetSystemPropertyAction
instanceKlass net/bytebuddy/description/type/PackageDescription
instanceKlass net/bytebuddy/description/field/FieldList
instanceKlass net/bytebuddy/description/type/RecordComponentList
instanceKlass net/bytebuddy/description/method/MethodList
instanceKlass net/bytebuddy/description/type/TypeList
instanceKlass net/bytebuddy/description/type/TypeDescription$Generic$Visitor
instanceKlass net/bytebuddy/description/type/TypeDescription$Generic
instanceKlass net/bytebuddy/description/annotation/AnnotationList
instanceKlass net/bytebuddy/description/type/TypeList$Generic
instanceKlass net/bytebuddy/matcher/FilterableList
instanceKlass net/bytebuddy/description/ModifierReviewable$AbstractBase
instanceKlass net/bytebuddy/description/ModifierReviewable$ForParameterDescription
instanceKlass net/bytebuddy/description/type/TypeDescription
instanceKlass org/hibernate/bytecode/internal/bytebuddy/ByteBuddyState$ProxyDefinitionHelpers
instanceKlass org/hibernate/bytecode/internal/bytebuddy/ByteBuddyState$ClassRewriter
instanceKlass org/hibernate/bytecode/internal/bytebuddy/ByteBuddyState
instanceKlass java/lang/Process
instanceKlass net/bytebuddy/ClassFileVersion$VersionLocator$Resolved
instanceKlass net/bytebuddy/ClassFileVersion$VersionLocator
instanceKlass org/hibernate/bytecode/internal/bytebuddy/BytecodeProviderImpl$1
instanceKlass net/bytebuddy/matcher/ElementMatcher$Junction$AbstractBase
instanceKlass net/bytebuddy/description/method/MethodDescription$InDefinedShape
instanceKlass net/bytebuddy/description/method/MethodDescription
instanceKlass net/bytebuddy/description/ModifierReviewable$ForMethodDescription
instanceKlass net/bytebuddy/description/TypeVariableSource
instanceKlass net/bytebuddy/description/field/FieldDescription$InDefinedShape
instanceKlass net/bytebuddy/description/field/FieldDescription
instanceKlass net/bytebuddy/description/ByteCodeElement$TypeDependant
instanceKlass net/bytebuddy/description/ByteCodeElement$Member
instanceKlass net/bytebuddy/description/NamedElement$WithGenericName
instanceKlass net/bytebuddy/description/ByteCodeElement
instanceKlass net/bytebuddy/description/annotation/AnnotationSource
instanceKlass net/bytebuddy/description/NamedElement$WithDescriptor
instanceKlass net/bytebuddy/description/NamedElement$WithRuntimeName
instanceKlass net/bytebuddy/description/DeclaredByType$WithMandatoryDeclaration
instanceKlass net/bytebuddy/description/DeclaredByType
instanceKlass net/bytebuddy/description/ModifierReviewable$ForFieldDescription
instanceKlass net/bytebuddy/matcher/ElementMatcher$Junction
instanceKlass net/bytebuddy/matcher/ElementMatchers
instanceKlass net/bytebuddy/ClassFileVersion
instanceKlass org/hibernate/bytecode/spi/ReflectionOptimizer
instanceKlass net/bytebuddy/matcher/ElementMatcher
instanceKlass net/bytebuddy/dynamic/DynamicType$Builder
instanceKlass net/bytebuddy/implementation/Implementation
instanceKlass net/bytebuddy/dynamic/scaffold/InstrumentedType$Prepareable
instanceKlass net/bytebuddy/description/type/TypeDefinition
instanceKlass net/bytebuddy/description/ModifierReviewable$ForTypeDefinition
instanceKlass net/bytebuddy/description/ModifierReviewable$OfEnumeration
instanceKlass net/bytebuddy/description/ModifierReviewable$OfAbstraction
instanceKlass net/bytebuddy/description/ModifierReviewable$OfByteCodeElement
instanceKlass net/bytebuddy/description/ModifierReviewable
instanceKlass net/bytebuddy/description/NamedElement
instanceKlass net/bytebuddy/NamingStrategy
instanceKlass net/bytebuddy/NamingStrategy$SuffixingRandom$BaseNameResolver
instanceKlass net/bytebuddy/NamingStrategy$Suffixing$BaseNameResolver
instanceKlass org/hibernate/bytecode/enhance/spi/Enhancer
instanceKlass org/hibernate/bytecode/internal/bytebuddy/BytecodeProviderImpl
instanceKlass org/hibernate/jpa/internal/enhance/EnhancingClassTransformerImpl
instanceKlass org/hibernate/bytecode/enhance/spi/DefaultEnhancementContext
instanceKlass org/hibernate/boot/archive/scan/internal/ScanResultImpl
instanceKlass org/jboss/jandex/ClassInfo$NestingInfo
instanceKlass org/jboss/jandex/ClassInfo$EnclosingMethodInfo
instanceKlass org/jboss/jandex/Indexer$NameAndType
instanceKlass org/jboss/jandex/Indexer$InnerClassInfo
instanceKlass org/jboss/jandex/RecordComponentInfo
instanceKlass org/jboss/jandex/MethodParameterInfo
instanceKlass org/jboss/jandex/AnnotationInstance$1
instanceKlass org/jboss/jandex/Indexer$1
instanceKlass org/jboss/jandex/GenericSignatureParser$MethodSignature
instanceKlass org/jboss/jandex/GenericSignatureParser$ClassSignature
instanceKlass org/jboss/jandex/FieldInfo
instanceKlass org/hibernate/boot/archive/scan/internal/ClassDescriptorImpl
instanceKlass java/io/FileFilter
instanceKlass org/jboss/jandex/Index
instanceKlass org/jboss/jandex/IndexView
instanceKlass org/jboss/jandex/Indexer$2
instanceKlass org/jboss/jandex/ClassSummary
instanceKlass org/jboss/jandex/RecordComponentInternal$NameComparator
instanceKlass org/jboss/jandex/Modifiers
instanceKlass org/jboss/jandex/MethodParamList$ParamData
instanceKlass org/jboss/jandex/MethodParamList
instanceKlass org/jboss/jandex/AnnotationInstance$NameComparator
instanceKlass org/jboss/jandex/MethodInfo
instanceKlass org/jboss/jandex/Indexer$IntegerHolder
instanceKlass org/jboss/jandex/FieldInternal$NameComparator
instanceKlass org/jboss/jandex/MethodInternal$NameAndParameterComponentComparator
instanceKlass org/jboss/jandex/ClassInfo
instanceKlass org/jboss/jandex/GenericSignature
instanceKlass org/jboss/jandex/Declaration
instanceKlass org/jboss/jandex/TypeInterning
instanceKlass org/jboss/jandex/BitTricks
instanceKlass org/jboss/jandex/AnnotationInstance
instanceKlass org/jboss/jandex/GenericSignatureParser
instanceKlass org/jboss/jandex/RecordComponentInternal
instanceKlass org/jboss/jandex/FieldInternal
instanceKlass org/jboss/jandex/MethodInternal
instanceKlass org/jboss/jandex/StrongInternPool
instanceKlass org/jboss/jandex/NameTable
instanceKlass org/jboss/jandex/Utils
instanceKlass org/hibernate/boot/archive/scan/internal/MappingFileDescriptorImpl
instanceKlass org/hibernate/boot/archive/internal/ExplodedArchiveDescriptor$1
instanceKlass org/hibernate/boot/archive/internal/FileInputStreamAccess
instanceKlass org/hibernate/boot/archive/scan/spi/AbstractScannerImpl$ArchiveDescriptorInfo
instanceKlass org/hibernate/boot/archive/spi/ArchiveEntry
instanceKlass org/hibernate/boot/archive/spi/AbstractArchiveDescriptor
instanceKlass org/hibernate/boot/archive/scan/spi/MappingFileDescriptor
instanceKlass org/hibernate/boot/archive/scan/spi/NonClassFileArchiveEntryHandler
instanceKlass org/hibernate/boot/archive/scan/spi/PackageDescriptor
instanceKlass org/hibernate/boot/archive/scan/spi/PackageInfoArchiveEntryHandler
instanceKlass org/jboss/jandex/Indexer$TmpObjects
instanceKlass org/jboss/jandex/TypeTarget
instanceKlass org/jboss/jandex/AnnotationValue
instanceKlass org/jboss/jandex/AnnotationTarget
instanceKlass org/jboss/jandex/Type
instanceKlass org/jboss/jandex/Descriptor
instanceKlass org/jboss/jandex/Indexer
instanceKlass org/jboss/jandex/DotName
instanceKlass org/hibernate/boot/archive/scan/spi/ClassDescriptor
instanceKlass org/hibernate/boot/archive/scan/spi/ClassFileArchiveEntryHandler
instanceKlass org/hibernate/boot/archive/spi/ArchiveEntryHandler
instanceKlass org/hibernate/boot/archive/scan/spi/AbstractScannerImpl$ArchiveContextImpl
instanceKlass org/hibernate/boot/archive/scan/spi/ScanResult
instanceKlass org/hibernate/boot/archive/scan/internal/ScanResultCollector
instanceKlass org/hibernate/boot/archive/scan/internal/StandardScanParameters
instanceKlass org/hibernate/boot/archive/spi/ArchiveDescriptor
instanceKlass org/hibernate/boot/archive/internal/StandardArchiveDescriptorFactory
instanceKlass org/hibernate/boot/archive/spi/JarFileEntryUrlAdjuster
instanceKlass org/hibernate/boot/archive/spi/ArchiveContext
instanceKlass org/hibernate/boot/archive/scan/spi/AbstractScannerImpl
instanceKlass javax/xml/stream/FactoryFinder$1
instanceKlass jdk/xml/internal/SecuritySupport
instanceKlass javax/xml/stream/FactoryFinder
instanceKlass javax/xml/stream/XMLEventFactory
instanceKlass javax/xml/transform/Source
instanceKlass org/hibernate/boot/jaxb/internal/stax/LocalSchemaLocator
instanceKlass org/hibernate/boot/jaxb/internal/stax/LocalXmlResourceResolver$DtdDescriptor
instanceKlass org/hibernate/boot/jaxb/internal/stax/LocalXmlResourceResolver
instanceKlass org/hibernate/boot/jaxb/internal/MappingBinder$2
instanceKlass org/hibernate/boot/jaxb/internal/MappingBinder$1
instanceKlass javax/xml/stream/XMLResolver
instanceKlass javax/xml/stream/XMLEventReader
instanceKlass jakarta/xml/bind/ValidationEventHandler
instanceKlass org/hibernate/boot/jaxb/internal/AbstractBinder
instanceKlass org/hibernate/boot/spi/XmlMappingBinderAccess
instanceKlass org/hibernate/boot/archive/spi/InputStreamAccess
instanceKlass org/hibernate/boot/archive/scan/spi/Scanner
instanceKlass org/hibernate/boot/archive/scan/spi/ScanParameters
instanceKlass org/hibernate/boot/model/process/internal/ScanningCoordinator
instanceKlass org/hibernate/boot/model/process/internal/ManagedResourcesImpl
instanceKlass org/hibernate/type/descriptor/sql/DdlType
instanceKlass org/hibernate/boot/spi/AdditionalMappingContributions
instanceKlass org/hibernate/boot/jaxb/internal/MappingBinder$Options
instanceKlass org/hibernate/boot/model/source/spi/MetadataSourceProcessor
instanceKlass org/hibernate/boot/spi/MetadataBuildingContext
instanceKlass org/hibernate/boot/spi/InFlightMetadataCollector
instanceKlass org/hibernate/boot/spi/MetadataImplementor
instanceKlass org/hibernate/boot/model/process/spi/ManagedResources
instanceKlass org/hibernate/boot/model/process/spi/MetadataBuildingProcess
instanceKlass org/hibernate/boot/spi/MetadataBuilderContributor
instanceKlass org/hibernate/jpa/boot/internal/StandardJpaScanEnvironmentImpl
instanceKlass org/hibernate/boot/spi/MetadataBuilderFactory
instanceKlass org/hibernate/boot/spi/MetadataBuilderInitializer
instanceKlass org/hibernate/boot/cfgxml/internal/CfgXmlAccessServiceImpl
instanceKlass org/hibernate/boot/spi/MetadataSourcesContributor
instanceKlass org/hibernate/internal/util/collections/CaseInsensitiveDictionary
instanceKlass org/hibernate/query/sqm/function/SqmFunctionDescriptor
instanceKlass org/hibernate/query/sqm/function/SqmFunctionRegistry
instanceKlass org/hibernate/boot/model/TypeBeanInstanceProducer
instanceKlass org/hibernate/type/spi/TypeBootstrapContext
instanceKlass org/hibernate/type/descriptor/jdbc/BasicExtractor
instanceKlass org/hibernate/type/descriptor/jdbc/ObjectJdbcType
instanceKlass org/hibernate/metamodel/mapping/SqlExpressible$1
instanceKlass org/hibernate/metamodel/mapping/JdbcMappingContainer$1
instanceKlass org/hibernate/metamodel/mapping/Bindable$JdbcValuesBiConsumer
instanceKlass org/hibernate/type/AbstractStandardBasicType
instanceKlass org/hibernate/type/ProcedureParameterNamedBinder
instanceKlass org/hibernate/type/ProcedureParameterExtractionAware
instanceKlass org/hibernate/type/CharBooleanConverter
instanceKlass org/hibernate/type/NumericBooleanConverter
instanceKlass org/hibernate/type/StandardBooleanConverter
instanceKlass org/hibernate/type/StandardConverter
instanceKlass jakarta/persistence/AttributeConverter
instanceKlass org/hibernate/type/BasicTypeReference
instanceKlass org/hibernate/type/StandardBasicTypes
instanceKlass org/hibernate/type/BasicTypeRegistry
instanceKlass org/hibernate/type/descriptor/sql/spi/DdlTypeRegistry
instanceKlass org/hibernate/type/descriptor/jdbc/RowIdJdbcType
instanceKlass org/hibernate/type/descriptor/jdbc/ClobJdbcType
instanceKlass org/hibernate/type/descriptor/jdbc/BasicBinder
instanceKlass org/hibernate/type/descriptor/jdbc/BlobJdbcType
instanceKlass org/hibernate/type/descriptor/jdbc/VarcharJdbcType
instanceKlass org/hibernate/type/descriptor/jdbc/VarbinaryJdbcType
instanceKlass org/hibernate/type/descriptor/jdbc/TimeWithTimeZoneJdbcType
instanceKlass org/hibernate/type/descriptor/jdbc/TimeJdbcType
instanceKlass org/hibernate/type/descriptor/jdbc/TimestampWithTimeZoneJdbcType
instanceKlass org/hibernate/type/descriptor/jdbc/TimestampJdbcType
instanceKlass org/hibernate/type/descriptor/jdbc/DateJdbcType
instanceKlass org/hibernate/type/descriptor/jdbc/internal/AbstractJavaTimeJdbcType
instanceKlass org/hibernate/type/descriptor/jdbc/JavaTimeJdbcType
instanceKlass org/hibernate/type/descriptor/jdbc/TinyIntJdbcType
instanceKlass org/hibernate/type/descriptor/jdbc/SmallIntJdbcType
instanceKlass org/hibernate/type/descriptor/jdbc/IntegerJdbcType
instanceKlass org/hibernate/type/descriptor/jdbc/FloatJdbcType
instanceKlass org/hibernate/type/descriptor/jdbc/DoubleJdbcType
instanceKlass org/hibernate/type/descriptor/jdbc/DecimalJdbcType
instanceKlass org/hibernate/type/descriptor/jdbc/BigIntJdbcType
instanceKlass org/hibernate/type/descriptor/ValueExtractor
instanceKlass org/hibernate/type/descriptor/jdbc/JdbcLiteralFormatter
instanceKlass org/hibernate/type/descriptor/ValueBinder
instanceKlass org/hibernate/type/descriptor/jdbc/BooleanJdbcType
instanceKlass org/hibernate/type/descriptor/jdbc/AdjustableJdbcType
instanceKlass org/hibernate/type/descriptor/jdbc/internal/JdbcTypeBaseline
instanceKlass org/hibernate/type/descriptor/jdbc/spi/JdbcTypeRegistry
instanceKlass org/hibernate/type/descriptor/jdbc/internal/JdbcTypeBaseline$BaselineTarget
instanceKlass org/hibernate/collection/spi/AbstractMapSemantics
instanceKlass org/hibernate/collection/spi/MapSemantics
instanceKlass org/hibernate/collection/spi/AbstractSetSemantics
instanceKlass org/hibernate/collection/internal/StandardListSemantics
instanceKlass org/hibernate/collection/internal/StandardArraySemantics
instanceKlass org/hibernate/collection/spi/PersistentCollection
instanceKlass org/hibernate/collection/spi/LazyInitializable
instanceKlass org/hibernate/collection/spi/AbstractBagSemantics
instanceKlass org/hibernate/collection/spi/BagSemantics
instanceKlass org/hibernate/type/descriptor/java/LocaleJavaType$LocaleComparator
instanceKlass org/hibernate/type/descriptor/java/TimeZoneJavaType$TimeZoneComparator
instanceKlass org/hibernate/internal/util/compare/CalendarComparator
instanceKlass org/hibernate/type/descriptor/java/ZoneOffsetJavaType$ZoneOffsetComparator
instanceKlass org/hibernate/internal/util/ZonedDateTimeComparator
instanceKlass org/hibernate/type/descriptor/java/TemporalJavaType
instanceKlass org/hibernate/type/descriptor/java/DoublePrimitiveArrayJavaType$ArrayMutabilityPlan
instanceKlass org/hibernate/type/descriptor/java/FloatPrimitiveArrayJavaType$ArrayMutabilityPlan
instanceKlass org/hibernate/type/descriptor/java/LongPrimitiveArrayJavaType$ArrayMutabilityPlan
instanceKlass org/hibernate/type/descriptor/java/IntegerPrimitiveArrayJavaType$ArrayMutabilityPlan
instanceKlass org/hibernate/type/descriptor/java/ShortPrimitiveArrayJavaType$ArrayMutabilityPlan
instanceKlass org/hibernate/type/descriptor/java/BooleanPrimitiveArrayJavaType$ArrayMutabilityPlan
instanceKlass org/hibernate/type/descriptor/converter/spi/BasicValueConverter
instanceKlass org/hibernate/type/descriptor/java/BasicPluralJavaType
instanceKlass org/hibernate/internal/util/compare/RowVersionComparator
instanceKlass org/hibernate/type/descriptor/java/MutableMutabilityPlan
instanceKlass org/hibernate/sql/ast/spi/SqlAppender
instanceKlass org/hibernate/type/descriptor/java/NClobJavaType$NClobMutabilityPlan
instanceKlass java/sql/NClob
instanceKlass org/hibernate/type/descriptor/java/ClobJavaType$ClobMutabilityPlan
instanceKlass java/sql/Clob
instanceKlass org/hibernate/type/descriptor/java/IncomparableComparator
instanceKlass org/hibernate/type/descriptor/java/BlobJavaType$BlobMutabilityPlan
instanceKlass java/sql/Blob
instanceKlass org/hibernate/type/descriptor/jdbc/JdbcType
instanceKlass org/hibernate/type/spi/TypeConfigurationAware
instanceKlass org/hibernate/internal/util/compare/ComparableComparator
instanceKlass org/hibernate/type/descriptor/java/ImmutableMutabilityPlan
instanceKlass org/hibernate/type/descriptor/java/AbstractClassJavaType
instanceKlass org/hibernate/type/descriptor/java/VersionJavaType
instanceKlass org/hibernate/type/descriptor/java/spi/PrimitiveJavaType
instanceKlass org/hibernate/type/descriptor/java/BasicJavaType
instanceKlass org/hibernate/collection/spi/CollectionSemantics
instanceKlass org/hibernate/type/descriptor/java/spi/JavaTypeBaseline
instanceKlass org/hibernate/type/descriptor/java/MutabilityPlan
instanceKlass org/hibernate/type/descriptor/java/spi/JavaTypeRegistry
instanceKlass org/hibernate/type/descriptor/java/spi/JavaTypeBaseline$BaselineTarget
instanceKlass sun/security/provider/AbstractDrbg$NonceProvider
instanceKlass java/net/NetworkInterface$1
instanceKlass java/net/DefaultInterface
instanceKlass java/net/InterfaceAddress
instanceKlass java/net/NetworkInterface
instanceKlass sun/security/provider/SeedGenerator$1
instanceKlass sun/security/provider/SeedGenerator
instanceKlass sun/security/provider/AbstractDrbg$SeederHolder
instanceKlass java/security/DrbgParameters$NextBytes
instanceKlass sun/security/provider/EntropySource
instanceKlass sun/security/provider/AbstractDrbg
instanceKlass java/security/DrbgParameters$Instantiation
instanceKlass java/security/DrbgParameters
instanceKlass sun/security/provider/MoreDrbgParameters
instanceKlass java/security/SecureRandomSpi
instanceKlass java/security/SecureRandomParameters
instanceKlass java/util/UUID$Holder
instanceKlass org/hibernate/id/uuid/LocalObjectUuidHelper
instanceKlass org/hibernate/type/spi/TypeConfiguration$Scope
instanceKlass org/hibernate/type/BasicType
instanceKlass org/hibernate/metamodel/mapping/JdbcMapping
instanceKlass org/hibernate/metamodel/mapping/BasicValuedMapping
instanceKlass org/hibernate/metamodel/mapping/SqlExpressible
instanceKlass org/hibernate/metamodel/mapping/ValueMapping
instanceKlass org/hibernate/type/descriptor/java/JavaTypedExpressible
instanceKlass org/hibernate/metamodel/mapping/MappingModelExpressible
instanceKlass org/hibernate/metamodel/mapping/Bindable
instanceKlass org/hibernate/metamodel/mapping/JdbcMappingContainer
instanceKlass org/hibernate/metamodel/mapping/MappingType
instanceKlass org/hibernate/metamodel/model/domain/BasicDomainType
instanceKlass org/hibernate/query/ReturnableType
instanceKlass org/hibernate/query/OutputableType
instanceKlass jakarta/persistence/metamodel/BasicType
instanceKlass org/hibernate/metamodel/model/domain/SimpleDomainType
instanceKlass jakarta/persistence/metamodel/Type
instanceKlass org/hibernate/metamodel/model/domain/DomainType
instanceKlass org/hibernate/type/descriptor/jdbc/JdbcTypeIndicators
instanceKlass org/hibernate/query/sqm/SqmExpressible
instanceKlass org/hibernate/query/BindableType
instanceKlass org/hibernate/type/spi/TypeConfiguration
instanceKlass org/hibernate/SessionFactoryObserver
instanceKlass org/hibernate/metamodel/spi/EmbeddableRepresentationStrategy
instanceKlass org/hibernate/metamodel/spi/EmbeddableInstantiator
instanceKlass org/hibernate/metamodel/spi/Instantiator
instanceKlass org/hibernate/metamodel/spi/EntityRepresentationStrategy
instanceKlass org/hibernate/metamodel/spi/ManagedTypeRepresentationStrategy
instanceKlass org/hibernate/metamodel/internal/ManagedTypeRepresentationResolverStandard
instanceKlass org/hibernate/boot/archive/spi/ArchiveDescriptorFactory
instanceKlass org/hibernate/boot/archive/scan/internal/StandardScanOptions
instanceKlass org/hibernate/jpa/internal/MutableJpaComplianceImpl
instanceKlass org/hibernate/boot/model/internal/XMLContext
instanceKlass org/hibernate/annotations/common/reflection/java/JavaMetadataProvider
instanceKlass org/hibernate/annotations/common/reflection/AnnotationReader
instanceKlass org/hibernate/boot/model/internal/JPAXMLOverriddenMetadataProvider
instanceKlass org/hibernate/annotations/common/reflection/XMethod
instanceKlass org/hibernate/annotations/common/reflection/XProperty
instanceKlass org/hibernate/annotations/common/reflection/XMember
instanceKlass org/hibernate/annotations/common/reflection/java/JavaXAnnotatedElement
instanceKlass org/hibernate/annotations/common/reflection/XClass
instanceKlass org/hibernate/annotations/common/reflection/java/generics/TypeEnvironment
instanceKlass org/hibernate/annotations/common/reflection/java/XTypeConstruction
instanceKlass org/hibernate/annotations/common/reflection/java/TypeEnvironmentMap
instanceKlass org/hibernate/annotations/common/reflection/java/JavaXType
instanceKlass org/hibernate/annotations/common/reflection/XPackage
instanceKlass org/hibernate/annotations/common/reflection/XAnnotatedElement
instanceKlass org/hibernate/annotations/common/reflection/java/JavaReflectionManager
instanceKlass org/hibernate/annotations/common/reflection/MetadataProviderInjector
instanceKlass org/hibernate/boot/internal/ClassLoaderAccessImpl
instanceKlass com/fasterxml/classmate/MemberResolver
instanceKlass com/fasterxml/classmate/util/ResolvedTypeCache
instanceKlass com/fasterxml/classmate/util/ClassKey
instanceKlass com/fasterxml/classmate/TypeBindings
instanceKlass com/fasterxml/classmate/members/RawMember
instanceKlass com/fasterxml/classmate/ResolvedType
instanceKlass com/fasterxml/classmate/TypeResolver
instanceKlass org/hibernate/boot/internal/ClassmateContext
instanceKlass org/hibernate/annotations/common/reflection/MetadataProvider
instanceKlass org/hibernate/annotations/common/reflection/ReflectionManager
instanceKlass org/hibernate/boot/spi/ClassLoaderAccess
instanceKlass org/hibernate/jpa/spi/MutableJpaCompliance
instanceKlass org/hibernate/jpa/spi/JpaCompliance
instanceKlass org/hibernate/boot/internal/BootstrapContextImpl
instanceKlass org/hibernate/boot/internal/MetadataBuilderImpl$MetadataBuildingOptionsImpl$2
instanceKlass org/hibernate/boot/model/naming/PhysicalNamingStrategyStandardImpl
instanceKlass org/hibernate/boot/internal/MetadataBuilderImpl$MetadataBuildingOptionsImpl$1
instanceKlass org/hibernate/cache/spi/DomainDataRegion
instanceKlass org/hibernate/cache/cfg/spi/DomainDataRegionBuildingContext
instanceKlass org/hibernate/cache/cfg/spi/DomainDataRegionConfig
instanceKlass org/hibernate/cache/spi/TimestampsRegion
instanceKlass org/hibernate/cache/spi/QueryResultsRegion
instanceKlass org/hibernate/cache/spi/DirectAccessRegion
instanceKlass org/hibernate/cache/spi/Region
instanceKlass org/hibernate/engine/spi/SessionFactoryImplementor
instanceKlass org/hibernate/query/spi/QueryParameterBindingTypeResolver
instanceKlass org/hibernate/sql/ast/spi/SqlAstCreationContext
instanceKlass org/hibernate/query/sqm/spi/SqmCreationContext
instanceKlass org/hibernate/boot/spi/SessionFactoryOptions
instanceKlass org/hibernate/query/spi/QueryEngineOptions
instanceKlass org/hibernate/cache/spi/CacheTransactionSynchronization
instanceKlass org/hibernate/cache/internal/NoCachingRegionFactory
instanceKlass org/hibernate/cache/internal/StrategyCreatorRegionFactoryImpl
instanceKlass org/hibernate/engine/jdbc/env/spi/LobCreatorBuilder
instanceKlass org/hibernate/exception/spi/SQLExceptionConverter
instanceKlass org/hibernate/sql/ast/SqlAstTranslatorFactory
instanceKlass org/hibernate/engine/jdbc/env/spi/QualifiedObjectNameFormatter
instanceKlass org/hibernate/engine/jdbc/env/spi/ExtractedDatabaseMetaData
instanceKlass org/hibernate/engine/jdbc/env/internal/JdbcEnvironmentImpl
instanceKlass org/hibernate/boot/internal/MetadataBuilderImpl$MappingDefaultsImpl
instanceKlass org/hibernate/id/factory/spi/GeneratorDefinitionResolver
instanceKlass org/hibernate/type/descriptor/java/JavaType
instanceKlass org/hibernate/id/enhanced/TableGenerator
instanceKlass org/hibernate/id/ForeignGenerator
instanceKlass org/hibernate/id/IncrementGenerator
instanceKlass org/hibernate/id/enhanced/SequenceStyleGenerator
instanceKlass org/hibernate/id/PersistentIdentifierGenerator
instanceKlass org/hibernate/id/OptimizableGenerator
instanceKlass org/hibernate/id/SelectGenerator
instanceKlass org/hibernate/id/IdentityGenerator
instanceKlass org/hibernate/id/BulkInsertionCapableIdentifierGenerator
instanceKlass org/hibernate/id/PostInsertIdentifierGenerator
instanceKlass org/hibernate/generator/OnExecutionGenerator
instanceKlass org/hibernate/id/Assigned
instanceKlass org/hibernate/id/AbstractUUIDGenerator
instanceKlass org/hibernate/id/GUIDGenerator
instanceKlass org/hibernate/id/UUIDGenerator
instanceKlass org/hibernate/id/factory/spi/StandardGenerator
instanceKlass org/hibernate/id/IdentifierGenerator
instanceKlass org/hibernate/id/Configurable
instanceKlass org/hibernate/boot/model/relational/ExportableProducer
instanceKlass org/hibernate/generator/BeforeExecutionGenerator
instanceKlass org/hibernate/id/factory/spi/GenerationTypeStrategyRegistration
instanceKlass org/hibernate/id/factory/internal/UUIDGenerationTypeStrategy
instanceKlass org/hibernate/id/factory/internal/IdentityGenerationTypeStrategy
instanceKlass org/hibernate/id/factory/internal/TableGenerationTypeStrategy
instanceKlass org/hibernate/id/factory/internal/SequenceGenerationTypeStrategy
instanceKlass org/hibernate/id/factory/internal/AutoGenerationTypeStrategy
instanceKlass org/hibernate/id/factory/spi/GenerationTypeStrategy
instanceKlass org/hibernate/id/factory/IdGenFactoryLogging
instanceKlass org/hibernate/resource/beans/container/spi/BeanContainer
instanceKlass org/hibernate/internal/util/ExceptionHelper
instanceKlass org/hibernate/resource/beans/spi/ManagedBean
instanceKlass org/hibernate/resource/beans/internal/ManagedBeanRegistryImpl
instanceKlass org/hibernate/engine/config/spi/StandardConverters
instanceKlass org/hibernate/service/spi/Startable
instanceKlass jdk/internal/vm/annotation/IntrinsicCandidate
instanceKlass org/hibernate/service/spi/InjectService
instanceKlass org/hibernate/engine/config/internal/ConfigurationServiceImpl
instanceKlass org/hibernate/resource/beans/container/spi/BeanLifecycleStrategy
instanceKlass org/hibernate/resource/beans/internal/Helper
instanceKlass org/hibernate/resource/beans/spi/BeanInstanceProducer
instanceKlass org/hibernate/generator/Generator
instanceKlass org/hibernate/id/factory/internal/StandardIdentifierGeneratorFactory
instanceKlass org/hibernate/resource/beans/container/spi/BeanContainer$LifecycleOptions
instanceKlass org/hibernate/boot/spi/MappingDefaults
instanceKlass org/hibernate/metamodel/spi/ManagedTypeRepresentationResolver
instanceKlass org/hibernate/collection/spi/CollectionSemanticsResolver
instanceKlass org/hibernate/boot/internal/MetadataBuilderImpl$MetadataBuildingOptionsImpl
instanceKlass org/hibernate/boot/spi/JpaOrmXmlPersistenceUnitDefaultAware
instanceKlass org/hibernate/boot/model/FunctionContributions
instanceKlass org/hibernate/boot/model/convert/spi/ConverterDescriptor
instanceKlass org/hibernate/boot/spi/BootstrapContext
instanceKlass org/hibernate/boot/spi/MetadataBuildingOptions
instanceKlass org/hibernate/boot/internal/MetadataBuilderImpl
instanceKlass org/hibernate/boot/model/TypeContributions
instanceKlass org/hibernate/boot/spi/MetadataBuilderImplementor
instanceKlass org/hibernate/boot/jaxb/spi/Binder
instanceKlass org/hibernate/boot/MetadataSources
instanceKlass org/hibernate/service/spi/SessionFactoryServiceRegistryFactory
instanceKlass org/hibernate/engine/jdbc/spi/SqlStatementLogger
instanceKlass org/hibernate/tool/schema/spi/SchemaManagementTool
instanceKlass org/hibernate/bytecode/spi/ProxyFactoryFactory
instanceKlass org/hibernate/internal/util/collections/CollectionHelper
instanceKlass org/hibernate/service/internal/AbstractServiceRegistryImpl
instanceKlass org/hibernate/engine/config/spi/ConfigurationService$Converter
instanceKlass org/hibernate/internal/util/config/ConfigurationHelper
instanceKlass org/hibernate/service/spi/ServiceContributor
instanceKlass org/hibernate/internal/util/NullnessHelper
instanceKlass org/hibernate/type/Type
instanceKlass org/hibernate/internal/util/collections/ArrayHelper
instanceKlass org/hibernate/internal/util/StringHelper
instanceKlass org/hibernate/internal/util/PropertiesHelper
instanceKlass org/hibernate/internal/util/ConfigHelper
instanceKlass org/hibernate/Version
instanceKlass org/hibernate/cfg/Environment
instanceKlass org/hibernate/cfg/AvailableSettings
instanceKlass org/hibernate/cfg/ValidationSettings
instanceKlass org/hibernate/cfg/TransactionSettings
instanceKlass org/hibernate/cfg/StatisticsSettings
instanceKlass org/hibernate/cfg/SessionEventSettings
instanceKlass org/hibernate/cfg/SchemaToolingSettings
instanceKlass org/hibernate/cfg/QuerySettings
instanceKlass org/hibernate/cfg/PersistenceSettings
instanceKlass org/hibernate/cfg/MultiTenancySettings
instanceKlass org/hibernate/cfg/MappingSettings
instanceKlass org/hibernate/cfg/ManagedBeanSettings
instanceKlass org/hibernate/cfg/JpaComplianceSettings
instanceKlass org/hibernate/cfg/JdbcSettings
instanceKlass org/hibernate/cfg/ProxoolSettings
instanceKlass org/hibernate/cfg/C3p0Settings
instanceKlass org/hibernate/cfg/FetchSettings
instanceKlass org/hibernate/cfg/EnvironmentSettings
instanceKlass org/hibernate/cfg/CacheSettings
instanceKlass org/hibernate/cfg/BytecodeSettings
instanceKlass org/hibernate/cfg/BatchSettings
instanceKlass org/hibernate/jpa/boot/internal/EntityManagerFactoryBuilderImpl$MergedSettings
instanceKlass org/hibernate/loader/ast/spi/BatchLoaderFactory
instanceKlass org/hibernate/loader/ast/internal/BatchLoaderFactoryInitiator
instanceKlass org/hibernate/sql/ast/spi/ParameterMarkerStrategy
instanceKlass org/hibernate/sql/ast/internal/ParameterMarkerStrategyInitiator
instanceKlass org/hibernate/query/sqm/mutation/spi/SqmMultiTableMutationStrategyProvider
instanceKlass org/hibernate/query/sqm/mutation/internal/SqmMultiTableMutationStrategyProviderInitiator
instanceKlass org/hibernate/sql/results/jdbc/spi/JdbcValuesMappingProducerProvider
instanceKlass org/hibernate/sql/results/jdbc/internal/JdbcValuesMappingProducerProviderInitiator
instanceKlass org/hibernate/event/spi/EntityCopyObserverFactory
instanceKlass org/hibernate/event/internal/EntityCopyObserverFactoryInitiator
instanceKlass org/hibernate/resource/beans/spi/ManagedBeanRegistry
instanceKlass org/hibernate/resource/beans/spi/ManagedBeanRegistryInitiator
instanceKlass org/hibernate/resource/transaction/internal/TransactionCoordinatorBuilderInitiator
instanceKlass org/hibernate/cache/spi/RegionFactory
instanceKlass org/hibernate/cache/internal/RegionFactoryInitiator
instanceKlass org/hibernate/service/internal/SessionFactoryServiceRegistryFactoryInitiator
instanceKlass org/hibernate/engine/transaction/jta/platform/internal/JtaPlatformInitiator
instanceKlass org/hibernate/engine/transaction/jta/platform/spi/JtaPlatformResolver
instanceKlass org/hibernate/engine/transaction/jta/platform/internal/JtaPlatformResolverInitiator
instanceKlass org/hibernate/engine/jdbc/cursor/spi/RefCursorSupport
instanceKlass org/hibernate/engine/jdbc/cursor/internal/RefCursorSupportInitiator
instanceKlass org/hibernate/engine/jdbc/internal/JdbcServicesInitiator
instanceKlass org/hibernate/engine/jdbc/internal/SqlStatementLoggerInitiator
instanceKlass org/hibernate/engine/jdbc/batch/spi/BatchBuilder
instanceKlass org/hibernate/engine/jdbc/batch/internal/BatchBuilderInitiator
instanceKlass org/hibernate/engine/jdbc/mutation/spi/MutationExecutorService
instanceKlass org/hibernate/engine/jdbc/mutation/internal/MutationExecutorServiceInitiator
instanceKlass org/hibernate/engine/jdbc/dialect/spi/DialectFactory
instanceKlass org/hibernate/engine/jdbc/dialect/internal/DialectFactoryInitiator
instanceKlass org/hibernate/engine/jdbc/dialect/spi/DialectResolver
instanceKlass org/hibernate/engine/jdbc/dialect/internal/DialectResolverInitiator
instanceKlass org/hibernate/engine/jdbc/connections/spi/MultiTenantConnectionProvider
instanceKlass org/hibernate/engine/jdbc/connections/internal/MultiTenantConnectionProviderInitiator
instanceKlass org/hibernate/engine/jdbc/connections/internal/UserSuppliedConnectionProviderImpl
instanceKlass org/hibernate/engine/jdbc/connections/internal/DriverManagerConnectionProviderImpl
instanceKlass org/hibernate/engine/jdbc/connections/internal/ConnectionValidator
instanceKlass org/hibernate/engine/jdbc/connections/internal/DatasourceConnectionProviderImpl
instanceKlass org/hibernate/service/spi/Configurable
instanceKlass org/hibernate/engine/jdbc/connections/spi/ConnectionProvider
instanceKlass org/hibernate/service/spi/Wrapped
instanceKlass org/hibernate/engine/jdbc/connections/internal/ConnectionProviderInitiator
instanceKlass org/hibernate/persister/spi/PersisterFactory
instanceKlass org/hibernate/persister/internal/PersisterFactoryInitiator
instanceKlass org/hibernate/persister/spi/PersisterClassResolver
instanceKlass org/hibernate/persister/internal/PersisterClassResolverInitiator
instanceKlass org/hibernate/engine/jndi/spi/JndiService
instanceKlass org/hibernate/engine/jndi/internal/JndiServiceInitiator
instanceKlass org/hibernate/engine/jdbc/connections/spi/JdbcConnectionAccess
instanceKlass org/hibernate/engine/jdbc/env/spi/JdbcEnvironment
instanceKlass org/hibernate/engine/jdbc/dialect/spi/DialectResolutionInfo
instanceKlass org/hibernate/dialect/DatabaseVersion
instanceKlass org/hibernate/jdbc/WorkExecutorVisitable
instanceKlass org/hibernate/resource/transaction/spi/TransactionCoordinatorOwner
instanceKlass org/hibernate/engine/jdbc/spi/JdbcServices
instanceKlass org/hibernate/engine/jdbc/env/internal/JdbcEnvironmentInitiator
instanceKlass org/hibernate/tool/schema/internal/SchemaManagementToolInitiator
instanceKlass org/hibernate/tool/schema/spi/SqlScriptCommandExtractor
instanceKlass org/hibernate/tool/schema/internal/script/SqlScriptExtractorInitiator
instanceKlass org/hibernate/property/access/spi/PropertyAccessStrategyResolver
instanceKlass org/hibernate/property/access/internal/PropertyAccessStrategyResolverInitiator
instanceKlass org/hibernate/engine/config/spi/ConfigurationService
instanceKlass org/hibernate/engine/config/internal/ConfigurationServiceInitiator
instanceKlass org/hibernate/boot/cfgxml/spi/CfgXmlAccessService
instanceKlass org/hibernate/boot/cfgxml/internal/CfgXmlAccessServiceInitiator
instanceKlass org/hibernate/bytecode/internal/ProxyFactoryFactoryInitiator
instanceKlass org/hibernate/bytecode/spi/BytecodeProvider
instanceKlass org/hibernate/bytecode/internal/BytecodeProviderInitiator
instanceKlass org/hibernate/id/factory/IdentifierGeneratorFactory
instanceKlass org/hibernate/id/factory/internal/StandardIdentifierGeneratorFactoryInitiator
instanceKlass org/hibernate/boot/spi/SessionFactoryBuilderService
instanceKlass org/hibernate/boot/internal/DefaultSessionFactoryBuilderInitiator
instanceKlass org/hibernate/boot/registry/StandardServiceInitiator
instanceKlass org/hibernate/service/spi/ServiceInitiator
instanceKlass org/hibernate/service/StandardServiceInitiators
instanceKlass org/hibernate/boot/cfgxml/internal/ConfigLoader$1
instanceKlass org/hibernate/internal/util/ValueHolder$1
instanceKlass org/hibernate/internal/util/ValueHolder
instanceKlass org/hibernate/internal/util/ValueHolder$DeferredInitializer
instanceKlass org/hibernate/boot/cfgxml/internal/ConfigLoader
instanceKlass org/hibernate/boot/cfgxml/spi/LoadedConfig
instanceKlass org/hibernate/boot/registry/StandardServiceRegistry
instanceKlass org/hibernate/boot/registry/StandardServiceRegistryBuilder
instanceKlass org/hibernate/service/spi/ServiceBinding
instanceKlass org/hibernate/boot/registry/selector/StrategyRegistrationProvider
instanceKlass org/hibernate/type/format/jaxb/JaxbXmlFormatMapper
instanceKlass org/hibernate/type/format/jackson/JacksonXmlFormatMapper
instanceKlass org/hibernate/type/format/jakartajson/JsonBJsonFormatMapper
instanceKlass org/hibernate/type/format/jackson/JacksonJsonFormatMapper
instanceKlass org/hibernate/type/format/FormatMapper
instanceKlass org/hibernate/cache/internal/SimpleCacheKeysFactory
instanceKlass org/hibernate/cache/internal/DefaultCacheKeysFactory
instanceKlass org/hibernate/cache/spi/CacheKeysFactory
instanceKlass org/hibernate/boot/model/relational/ColumnOrderingStrategyLegacy
instanceKlass org/hibernate/boot/model/relational/ColumnOrderingStrategyStandard
instanceKlass org/hibernate/boot/model/relational/ColumnOrderingStrategy
instanceKlass org/hibernate/id/enhanced/LegacyNamingStrategy
instanceKlass org/hibernate/id/enhanced/SingleNamingStrategy
instanceKlass org/hibernate/id/enhanced/StandardNamingStrategy
instanceKlass org/hibernate/id/enhanced/ImplicitDatabaseObjectNamingStrategy
instanceKlass org/hibernate/boot/model/naming/ImplicitNamingStrategyJpaCompliantImpl
instanceKlass org/hibernate/query/sqm/mutation/internal/cte/CteMutationStrategy
instanceKlass org/hibernate/query/sqm/mutation/spi/SqmMultiTableMutationStrategy
instanceKlass org/hibernate/query/sqm/mutation/internal/temptable/PersistentTableStrategy
instanceKlass org/hibernate/query/sqm/mutation/internal/temptable/LocalTemporaryTableStrategy
instanceKlass org/hibernate/query/sqm/mutation/internal/temptable/GlobalTemporaryTableStrategy
instanceKlass org/hibernate/query/sqm/mutation/internal/cte/CteInsertStrategy
instanceKlass org/hibernate/query/sqm/mutation/spi/SqmMultiTableInsertStrategy
instanceKlass org/hibernate/resource/transaction/backend/jta/internal/JtaTransactionCoordinatorBuilderImpl
instanceKlass org/hibernate/service/spi/ServiceRegistryAwareService
instanceKlass org/hibernate/resource/transaction/backend/jdbc/internal/JdbcResourceLocalTransactionCoordinatorBuilderImpl
instanceKlass org/hibernate/resource/transaction/spi/TransactionCoordinatorBuilder
instanceKlass org/hibernate/boot/registry/selector/internal/DefaultJtaPlatformSelector
instanceKlass org/hibernate/engine/transaction/jta/platform/spi/JtaPlatform
instanceKlass org/hibernate/boot/registry/selector/internal/DefaultDialectSelector
instanceKlass org/hibernate/boot/registry/selector/internal/AggregatedDialectSelector
instanceKlass org/hibernate/boot/registry/selector/spi/DialectSelector
instanceKlass org/hibernate/dialect/Dialect
instanceKlass org/hibernate/boot/model/FunctionContributor
instanceKlass org/hibernate/boot/model/TypeContributor
instanceKlass org/hibernate/exception/spi/ConversionContext
instanceKlass org/hibernate/boot/registry/selector/spi/StrategyCreator
instanceKlass org/hibernate/boot/registry/selector/internal/StrategySelectorImpl
instanceKlass org/hibernate/boot/registry/internal/BootstrapServiceRegistryImpl
instanceKlass org/hibernate/service/spi/ServiceBinding$ServiceLifecycleOwner
instanceKlass org/hibernate/service/spi/ServiceRegistryImplementor
instanceKlass org/hibernate/boot/registry/classloading/internal/AggregatedClassLoader$4
instanceKlass java/util/ServiceLoader$ProviderSpliterator
instanceKlass org/hibernate/boot/registry/classloading/internal/AggregatedClassLoader$2
instanceKlass org/hibernate/boot/registry/classloading/internal/AggregatedServiceLoader
instanceKlass org/hibernate/cache/internal/CollectionCacheInvalidator
instanceKlass org/hibernate/event/spi/PostUpdateEventListener
instanceKlass org/hibernate/event/spi/PostDeleteEventListener
instanceKlass org/hibernate/event/spi/PostInsertEventListener
instanceKlass org/hibernate/event/spi/PostActionEventListener
instanceKlass org/hibernate/boot/beanvalidation/ActivationContext
instanceKlass org/hibernate/boot/beanvalidation/BeanValidationIntegrator
instanceKlass org/hibernate/integrator/spi/Integrator
instanceKlass org/hibernate/integrator/internal/IntegratorServiceImpl
instanceKlass org/hibernate/boot/registry/classloading/internal/ClassLoaderServiceImpl$1
instanceKlass org/hibernate/internal/CoreLogging
instanceKlass org/hibernate/boot/registry/classloading/internal/ClassLoaderServiceImpl
instanceKlass org/hibernate/boot/registry/selector/StrategyRegistration
instanceKlass org/hibernate/boot/registry/selector/spi/StrategySelector
instanceKlass org/hibernate/boot/registry/selector/internal/LazyServiceResolver
instanceKlass org/hibernate/boot/registry/selector/internal/StrategySelectorBuilder
instanceKlass org/hibernate/boot/registry/BootstrapServiceRegistry
instanceKlass org/hibernate/integrator/spi/IntegratorService
instanceKlass org/hibernate/boot/registry/classloading/spi/ClassLoaderService
instanceKlass org/hibernate/service/spi/Stoppable
instanceKlass org/hibernate/service/Service
instanceKlass org/hibernate/boot/ResourceStreamLocator
instanceKlass org/hibernate/boot/ResourceLocator
instanceKlass org/hibernate/boot/registry/BootstrapServiceRegistryBuilder
instanceKlass org/slf4j/helpers/FormattingTuple
instanceKlass org/slf4j/helpers/NormalizedParameters
instanceKlass org/slf4j/helpers/MessageFormatter
instanceKlass org/hibernate/jpa/internal/util/LogHelper
instanceKlass org/hibernate/bytecode/spi/ClassTransformer
instanceKlass jakarta/persistence/spi/ClassTransformer
instanceKlass org/hibernate/jpa/boot/internal/PersistenceUnitInfoDescriptor
instanceKlass org/jboss/logging/DelegatingBasicLogger
instanceKlass org/jboss/logging/LoggingLocale
instanceKlass org/hibernate/internal/EntityManagerMessageLogger
instanceKlass org/hibernate/internal/CoreMessageLogger
instanceKlass org/hibernate/internal/HEMLogging
instanceKlass org/hibernate/proxy/EntityNotFoundDelegate
instanceKlass org/hibernate/boot/Metadata
instanceKlass org/hibernate/engine/spi/Mapping
instanceKlass org/hibernate/tool/schema/spi/DelayedDropRegistry
instanceKlass org/hibernate/boot/archive/scan/spi/ScanOptions
instanceKlass org/hibernate/boot/archive/scan/spi/ScanEnvironment
instanceKlass org/hibernate/bytecode/enhance/spi/EnhancementContext
instanceKlass org/hibernate/boot/MetadataBuilder
instanceKlass org/hibernate/service/ServiceRegistry
instanceKlass org/hibernate/jpa/boot/internal/EntityManagerFactoryBuilderImpl
instanceKlass org/hibernate/jpa/boot/spi/EntityManagerFactoryBuilder
instanceKlass org/springframework/orm/jpa/vendor/HibernateJpaVendorAdapter$1
instanceKlass org/springframework/orm/jpa/persistenceunit/SimplePersistenceManagedTypes
instanceKlass org/springframework/orm/jpa/persistenceunit/PersistenceManagedTypesScanner$ScanResult
instanceKlass jakarta/persistence/Converter
instanceKlass jakarta/persistence/MappedSuperclass
instanceKlass jakarta/persistence/Embeddable
instanceKlass org/springframework/orm/jpa/persistenceunit/PersistenceManagedTypesScanner
instanceKlass org/springframework/orm/jpa/persistenceunit/PersistenceUnitReader
instanceKlass java/lang/instrument/ClassFileTransformer
instanceKlass org/springframework/instrument/classloading/InstrumentationLoadTimeWeaver
instanceKlass org/springframework/orm/jpa/persistenceunit/ManagedClassNameFilter
instanceKlass org/springframework/orm/jpa/persistenceunit/PersistenceUnitPostProcessor
instanceKlass org/springframework/jdbc/datasource/lookup/SingleDataSourceLookup
instanceKlass org/springframework/orm/jpa/persistenceunit/MutablePersistenceUnitInfo
instanceKlass org/springframework/orm/jpa/persistenceunit/SmartPersistenceUnitInfo
instanceKlass jakarta/persistence/spi/PersistenceUnitInfo
instanceKlass org/springframework/instrument/classloading/LoadTimeWeaver
instanceKlass org/springframework/orm/jpa/persistenceunit/DefaultPersistenceUnitManager
instanceKlass org/springframework/jdbc/datasource/lookup/DataSourceLookup
instanceKlass org/springframework/orm/jpa/persistenceunit/PersistenceUnitManager
instanceKlass org/hibernate/SessionFactory
instanceKlass javax/naming/Referenceable
instanceKlass org/hibernate/jpa/HibernatePersistenceProvider$1
instanceKlass org/hibernate/jpa/internal/util/PersistenceUtilHelper
instanceKlass org/hibernate/jpa/internal/util/PersistenceUtilHelper$MetadataCache
instanceKlass org/jboss/logging/Slf4jLocationAwareLogger$1
instanceKlass org/jboss/logging/AbstractLoggerProvider
instanceKlass org/jboss/logging/SecurityActions
instanceKlass org/jboss/logging/LoggerProvider
instanceKlass org/jboss/logging/LoggerProviders
instanceKlass org/hibernate/jpa/boot/spi/PersistenceUnitDescriptor
instanceKlass jakarta/persistence/spi/ProviderUtil
instanceKlass org/hibernate/jpa/HibernatePersistenceProvider
instanceKlass org/springframework/jdbc/support/AbstractFallbackSQLExceptionTranslator
instanceKlass org/springframework/jdbc/datasource/ConnectionHandle
instanceKlass org/springframework/jdbc/support/SQLExceptionTranslator
instanceKlass org/springframework/orm/jpa/DefaultJpaDialect
instanceKlass org/springframework/orm/jpa/JpaDialect
instanceKlass jakarta/persistence/spi/PersistenceProvider
instanceKlass java/sql/ShardingKeyBuilder
instanceKlass java/sql/ConnectionBuilder
instanceKlass com/zaxxer/hikari/metrics/MetricsTrackerFactory
instanceKlass com/zaxxer/hikari/pool/PoolBase
instanceKlass com/zaxxer/hikari/util/ConcurrentBag$IBagStateListener
instanceKlass java/sql/DriverInfo
instanceKlass java/sql/DriverManager
instanceKlass java/util/concurrent/Executors$DelegatedExecutorService
instanceKlass com/mysql/cj/jdbc/AbandonedConnectionCleanupThread
instanceKlass com/mysql/cj/jdbc/JdbcPropertySet
instanceKlass com/mysql/cj/conf/PropertySet
instanceKlass java/sql/Connection
instanceKlass com/zaxxer/hikari/HikariPoolMXBean
instanceKlass com/mysql/cj/jdbc/NonRegisteringDriver
instanceKlass java/sql/Driver
instanceKlass org/springframework/boot/autoconfigure/jdbc/DataSourceConfiguration
instanceKlass org/springframework/boot/jdbc/EmbeddedDatabaseConnection$1
instanceKlass org/springframework/jdbc/core/ConnectionCallback
instanceKlass org/springframework/boot/context/properties/bind/JavaBeanBinder$BeanSupplier
instanceKlass org/springframework/boot/context/properties/bind/JavaBeanBinder$BeanProperty
instanceKlass java/lang/invoke/MethodHandleImpl$BindCaller
instanceKlass org/springframework/beans/factory/annotation/BeanFactoryAnnotationUtils
instanceKlass org/springframework/boot/context/properties/ConversionServiceDeducer$ConverterBeans
instanceKlass org/springframework/boot/context/properties/ConversionServiceDeducer
instanceKlass org/springframework/beans/factory/support/DefaultListableBeanFactory$1
instanceKlass org/springframework/boot/context/properties/ConfigurationPropertiesBindHandlerAdvisor
instanceKlass org/springframework/validation/annotation/Validated
instanceKlass org/springframework/core/annotation/SynthesizedMergedAnnotationInvocationHandler
instanceKlass org/springframework/core/MethodClassKey
instanceKlass org/springframework/aop/IntroductionAwareMethodMatcher
instanceKlass org/springframework/transaction/interceptor/TransactionalProxy
instanceKlass org/springframework/aop/aspectj/AspectJPointcutAdvisor
instanceKlass org/springframework/transaction/interceptor/TransactionAttributeSourcePointcut$TransactionAttributeSourceClassFilter
instanceKlass org/springframework/aop/TrueClassFilter
instanceKlass org/springframework/aop/support/StaticMethodMatcher
instanceKlass org/springframework/transaction/interceptor/TransactionAspectSupport$TransactionInfo
instanceKlass org/springframework/transaction/interceptor/TransactionAspectSupport$ThrowableHolder
instanceKlass org/springframework/transaction/interceptor/TransactionAspectSupport$ReactiveTransactionSupport
instanceKlass org/springframework/transaction/TransactionStatus
instanceKlass org/springframework/transaction/SavepointManager
instanceKlass org/springframework/transaction/TransactionExecution
instanceKlass org/springframework/transaction/interceptor/TransactionAspectSupport$InvocationCallback
instanceKlass org/springframework/core/ReactiveAdapterRegistry
instanceKlass java/io/ObjectOutput
instanceKlass java/io/ObjectStreamConstants
instanceKlass java/io/ObjectInput
instanceKlass org/aopalliance/intercept/MethodInvocation
instanceKlass org/aopalliance/intercept/Invocation
instanceKlass org/aopalliance/intercept/Joinpoint
instanceKlass org/springframework/transaction/annotation/JtaTransactionAnnotationParser
instanceKlass org/springframework/transaction/annotation/SpringTransactionAnnotationParser
instanceKlass org/springframework/transaction/annotation/TransactionAnnotationParser
instanceKlass jakarta/transaction/Transactional
instanceKlass org/springframework/transaction/interceptor/TransactionAttribute
instanceKlass org/springframework/transaction/interceptor/AbstractFallbackTransactionAttributeSource
instanceKlass org/springframework/aop/IntroductionAdvisor
instanceKlass org/springframework/aop/IntroductionInfo
instanceKlass org/springframework/aop/aspectj/AspectJProxyUtils
instanceKlass org/springframework/aop/framework/autoproxy/ProxyCreationContext
instanceKlass org/springframework/core/ResolvableType$WildcardBounds
instanceKlass org/springframework/transaction/annotation/TransactionManagementConfigurer
instanceKlass org/springframework/beans/factory/annotation/InjectionMetadata$InjectedElement
instanceKlass org/aspectj/lang/annotation/Aspect
instanceKlass java/text/Format
instanceKlass org/springframework/context/support/MessageSourceSupport
instanceKlass org/springframework/context/HierarchicalMessageSource
instanceKlass org/springframework/aop/TrueMethodMatcher
instanceKlass org/springframework/aop/support/annotation/AnnotationClassFilter
instanceKlass org/springframework/aop/MethodMatcher
instanceKlass org/springframework/aop/ClassFilter
instanceKlass org/springframework/aop/support/annotation/AnnotationMatchingPointcut
instanceKlass org/springframework/dao/support/PersistenceExceptionTranslationInterceptor
instanceKlass org/springframework/aop/Advisor$1
instanceKlass org/springframework/aop/Pointcut
instanceKlass org/springframework/data/jpa/repository/query/EscapeCharacter
instanceKlass java/lang/reflect/AnnotatedType
instanceKlass java/lang/Class$EnclosingMethodInfo
instanceKlass org/springframework/data/repository/query/QueryMethodEvaluationContextProvider
instanceKlass org/springframework/data/repository/core/support/RepositoryFactoryCustomizer
instanceKlass org/springframework/data/repository/core/RepositoryInformation
instanceKlass org/springframework/data/repository/core/EntityInformation
instanceKlass org/springframework/data/repository/core/EntityMetadata
instanceKlass org/springframework/data/mapping/PersistentEntity
instanceKlass org/springframework/data/jpa/repository/query/JpaQueryMethodFactory
instanceKlass org/springframework/data/querydsl/EntityPathResolver
instanceKlass org/springframework/data/repository/core/support/RepositoryProxyPostProcessor
instanceKlass org/springframework/data/repository/core/support/RepositoryComposition
instanceKlass org/springframework/data/repository/core/support/RepositoryInvocationMulticaster
instanceKlass org/springframework/util/MethodInvoker
instanceKlass org/springframework/beans/factory/support/AutowireUtils
instanceKlass java/util/Collections$UnmodifiableMap$UnmodifiableEntrySet$UnmodifiableEntry
instanceKlass java/util/Collections$UnmodifiableMap$UnmodifiableEntrySet$1
instanceKlass org/springframework/core/annotation/AnnotatedElementUtils$AnnotatedElementForAnnotations
instanceKlass org/springframework/aop/aspectj/annotation/AbstractAspectJAdvisorFactory$AspectJAnnotationParameterNameDiscoverer
instanceKlass org/springframework/util/comparator/Comparators
instanceKlass org/springframework/util/comparator/InstanceComparator
instanceKlass org/springframework/core/convert/converter/ConvertingComparator
instanceKlass org/aspectj/lang/annotation/AfterThrowing
instanceKlass org/aspectj/lang/annotation/AfterReturning
instanceKlass org/aspectj/lang/annotation/After
instanceKlass org/aspectj/lang/annotation/Before
instanceKlass org/aspectj/lang/annotation/Around
instanceKlass org/aspectj/lang/annotation/Pointcut
instanceKlass org/springframework/aop/AfterReturningAdvice
instanceKlass org/springframework/aop/AfterAdvice
instanceKlass org/springframework/aop/MethodBeforeAdvice
instanceKlass org/springframework/aop/BeforeAdvice
instanceKlass org/springframework/aop/aspectj/AbstractAspectJAdvice
instanceKlass org/springframework/aop/aspectj/AspectJPrecedenceInformation
instanceKlass org/springframework/aop/aspectj/annotation/MetadataAwareAspectInstanceFactory
instanceKlass org/springframework/aop/aspectj/AspectInstanceFactory
instanceKlass org/springframework/aop/aspectj/annotation/AbstractAspectJAdvisorFactory
instanceKlass org/springframework/core/convert/support/NumberToNumberConverterFactory$NumberToNumber
instanceKlass org/springframework/beans/Mergeable
instanceKlass org/springframework/util/ReflectionUtils$FieldCallback
instanceKlass jakarta/persistence/PersistenceUnit
instanceKlass org/springframework/beans/factory/annotation/InjectionMetadata
instanceKlass org/springframework/aop/framework/adapter/ThrowsAdviceAdapter
instanceKlass org/springframework/aop/framework/adapter/AfterReturningAdviceAdapter
instanceKlass org/springframework/aop/framework/adapter/MethodBeforeAdviceAdapter
instanceKlass org/springframework/aop/framework/adapter/AdvisorAdapter
instanceKlass org/springframework/aop/framework/adapter/DefaultAdvisorAdapterRegistry
instanceKlass org/springframework/aop/framework/adapter/GlobalAdvisorAdapterRegistry
instanceKlass org/springframework/aop/aspectj/autoproxy/AspectJPrecedenceComparator
instanceKlass org/springframework/aop/framework/autoproxy/TargetSourceCreator
instanceKlass org/springframework/aop/framework/adapter/AdvisorAdapterRegistry
instanceKlass org/springframework/aop/aspectj/annotation/BeanFactoryAspectJAdvisorsBuilder
instanceKlass org/springframework/aop/aspectj/annotation/AspectJAdvisorFactory
instanceKlass org/springframework/aop/framework/autoproxy/BeanFactoryAdvisorRetrievalHelper
instanceKlass org/springframework/validation/Errors
instanceKlass org/springframework/boot/context/properties/ConfigurationPropertiesJsr303Validator
instanceKlass org/springframework/boot/context/properties/PropertySourcesDeducer
instanceKlass org/springframework/beans/factory/support/DefaultListableBeanFactory$DependencyObjectProvider
instanceKlass org/springframework/beans/factory/support/DefaultListableBeanFactory$BeanObjectProvider
instanceKlass org/springframework/beans/factory/support/ConstructorResolver$ArgumentsHolder
instanceKlass org/springframework/jndi/JndiTemplate
instanceKlass jakarta/annotation/PreDestroy
instanceKlass jakarta/annotation/Resource
instanceKlass org/springframework/beans/factory/annotation/InitDestroyAnnotationBeanPostProcessor$LifecycleMetadata
instanceKlass jakarta/inject/Inject
instanceKlass org/springframework/beans/factory/support/MethodOverride
instanceKlass org/springframework/context/support/PostProcessorRegistrationDelegate$BeanPostProcessorChecker
instanceKlass org/springframework/context/expression/CachedExpressionEvaluator
instanceKlass org/springframework/boot/autoconfigure/sql/init/SqlInitializationScriptsRuntimeHints
instanceKlass org/springframework/boot/sql/init/dependency/DependsOnDatabaseInitialization
instanceKlass org/springframework/boot/sql/init/dependency/AbstractBeansOfTypeDependsOnDatabaseInitializationDetector
instanceKlass org/springframework/boot/sql/init/dependency/AnnotationDependsOnDatabaseInitializationDetector
instanceKlass org/springframework/boot/sql/init/dependency/DependsOnDatabaseInitializationDetector
instanceKlass org/springframework/boot/autoconfigure/flyway/FlywayMigrationInitializer
instanceKlass org/springframework/boot/sql/init/dependency/BeansOfTypeDetector
instanceKlass org/springframework/boot/sql/init/dependency/DatabaseInitializationDependencyConfigurer$DependsOnDatabaseInitializationPostProcessor$InitializerBeanNames
instanceKlass org/springframework/boot/sql/init/dependency/AbstractBeansOfTypeDatabaseInitializerDetector
instanceKlass org/springframework/boot/sql/init/dependency/DatabaseInitializerDetector
instanceKlass org/springframework/data/jpa/util/BeanDefinitionUtils$EntityManagerFactoryBeanDefinition
instanceKlass org/springframework/data/jpa/util/BeanDefinitionUtils
instanceKlass org/springframework/beans/factory/config/RuntimeBeanNameReference
instanceKlass org/springframework/beans/factory/config/BeanDefinitionVisitor
instanceKlass org/springframework/util/DefaultPropertiesPersister
instanceKlass org/springframework/beans/factory/support/ConstructorResolver
instanceKlass org/springframework/context/annotation/ConfigurationClassPostProcessor$ImportAwareBeanPostProcessor
instanceKlass org/springframework/cglib/reflect/FastClassEmitter$2
instanceKlass org/springframework/cglib/core/Block
instanceKlass org/springframework/cglib/core/EmitUtils$7
instanceKlass org/springframework/cglib/core/EmitUtils$6
instanceKlass org/springframework/cglib/core/EmitUtils$ParameterTyper
instanceKlass org/springframework/cglib/reflect/FastClassEmitter$GetIndexCallback
instanceKlass org/springframework/cglib/reflect/FastClassEmitter$1
instanceKlass org/springframework/cglib/reflect/FastClass
instanceKlass org/springframework/cglib/proxy/MethodProxy$FastClassInfo
instanceKlass jdk/internal/reflect/UnsafeFieldAccessorFactory
instanceKlass org/springframework/cglib/proxy/Enhancer$EnhancerFactoryData
instanceKlass org/springframework/cglib/proxy/MethodProxy$CreateInfo
instanceKlass org/springframework/cglib/proxy/MethodProxy
instanceKlass org/springframework/cglib/core/ClassNameReader
instanceKlass org/springframework/asm/Handler
instanceKlass org/springframework/cglib/core/Local
instanceKlass java/util/LinkedList$ListItr
instanceKlass org/springframework/cglib/core/EmitUtils$3
instanceKlass java/util/DualPivotQuicksort
instanceKlass org/springframework/cglib/proxy/MethodInterceptorGenerator$1
instanceKlass org/springframework/asm/Edge
instanceKlass org/springframework/cglib/core/EmitUtils$ArrayDelimiters
instanceKlass org/springframework/cglib/core/ProcessArrayCallback
instanceKlass org/springframework/cglib/core/EmitUtils
instanceKlass org/springframework/cglib/proxy/Enhancer$4
instanceKlass org/springframework/cglib/core/LocalVariablesSorter$State
instanceKlass org/springframework/asm/Label
instanceKlass org/springframework/asm/Frame
instanceKlass org/springframework/cglib/proxy/BridgeMethodResolver
instanceKlass org/springframework/cglib/core/ClassEmitter$FieldInfo
instanceKlass org/springframework/cglib/core/MethodInfoTransformer
instanceKlass java/util/AbstractList$SubList$1
instanceKlass org/springframework/cglib/core/DuplicatesPredicate
instanceKlass org/springframework/cglib/core/RejectModifierPredicate
instanceKlass org/springframework/cglib/core/MethodWrapper
instanceKlass org/springframework/cglib/proxy/Factory
instanceKlass javafx/application/Preloader$PreloaderNotification
instanceKlass javafx/application/HostServices
instanceKlass org/springframework/cglib/core/VisibilityPredicate
instanceKlass org/springframework/cglib/transform/TransformingClassGenerator
instanceKlass org/springframework/asm/ByteVector
instanceKlass org/springframework/asm/Symbol
instanceKlass org/springframework/asm/SymbolTable
instanceKlass org/springframework/asm/RecordComponentVisitor
instanceKlass org/springframework/asm/ModuleVisitor
instanceKlass org/springframework/asm/FieldVisitor
instanceKlass java/lang/invoke/DirectMethodHandle$1
instanceKlass java/lang/runtime/ObjectMethods$1
instanceKlass sun/invoke/util/ValueConversions$WrapperCache
instanceKlass java/lang/invoke/MethodHandleImpl$LoopClauses
instanceKlass java/lang/invoke/MethodHandleImpl$CasesHolder
instanceKlass java/lang/invoke/MethodHandleImpl$2
instanceKlass java/lang/invoke/MethodHandleImpl$ArrayAccessor
instanceKlass java/lang/invoke/MethodHandleImpl$Makers$2
instanceKlass java/lang/invoke/MethodHandleImpl$Makers$1
instanceKlass java/lang/invoke/MethodHandleImpl$Makers
instanceKlass java/lang/runtime/ObjectMethods
instanceKlass org/springframework/cglib/core/internal/LoadingCache
instanceKlass org/springframework/cglib/core/internal/Function
instanceKlass org/springframework/cglib/core/AbstractClassGenerator$ClassLoaderData
instanceKlass org/springframework/cglib/core/MethodInfo
instanceKlass org/springframework/cglib/core/ClassInfo
instanceKlass org/springframework/cglib/core/ReflectUtils
instanceKlass org/springframework/cglib/proxy/ProxyRefDispatcher
instanceKlass org/springframework/cglib/proxy/FixedValueGenerator
instanceKlass org/springframework/cglib/proxy/FixedValue
instanceKlass org/springframework/cglib/proxy/DispatcherGenerator
instanceKlass org/springframework/cglib/proxy/Dispatcher
instanceKlass org/springframework/cglib/proxy/LazyLoaderGenerator
instanceKlass org/springframework/cglib/proxy/LazyLoader
instanceKlass org/springframework/cglib/proxy/InvocationHandlerGenerator
instanceKlass org/springframework/cglib/proxy/InvocationHandler
instanceKlass org/springframework/cglib/proxy/MethodInterceptorGenerator
instanceKlass org/springframework/cglib/proxy/NoOpGenerator
instanceKlass org/springframework/cglib/proxy/CallbackGenerator
instanceKlass org/springframework/cglib/proxy/CallbackInfo
instanceKlass org/springframework/cglib/core/SpringNamingPolicy
instanceKlass org/springframework/cglib/core/DefaultNamingPolicy
instanceKlass org/springframework/cglib/core/DefaultGeneratorStrategy
instanceKlass org/springframework/cglib/core/AsmApi
instanceKlass org/springframework/cglib/core/Constants
instanceKlass org/springframework/cglib/core/Signature
instanceKlass org/springframework/cglib/core/CollectionUtils
instanceKlass org/springframework/cglib/core/TypeUtils
instanceKlass org/springframework/cglib/core/AbstractClassGenerator$Source
instanceKlass org/springframework/cglib/core/ObjectSwitchCallback
instanceKlass org/springframework/cglib/core/Transformer
instanceKlass org/springframework/cglib/core/ProcessSwitchCallback
instanceKlass org/springframework/cglib/proxy/CallbackGenerator$Context
instanceKlass org/springframework/cglib/core/Predicate
instanceKlass org/springframework/cglib/core/AbstractClassGenerator
instanceKlass org/springframework/cglib/core/ClassGenerator
instanceKlass org/springframework/context/annotation/ConfigurationClassEnhancer$EnhancedConfiguration
instanceKlass org/springframework/aop/framework/autoproxy/AutoProxyUtils
instanceKlass org/springframework/objenesis/instantiator/ObjectInstantiator
instanceKlass org/springframework/objenesis/strategy/BaseInstantiatorStrategy
instanceKlass org/springframework/objenesis/strategy/InstantiatorStrategy
instanceKlass org/springframework/objenesis/SpringObjenesis
instanceKlass org/springframework/objenesis/Objenesis
instanceKlass org/springframework/context/annotation/ConfigurationClassEnhancer$ConditionalCallbackFilter
instanceKlass org/springframework/cglib/proxy/NoOp$1
instanceKlass org/springframework/cglib/proxy/NoOp
instanceKlass org/springframework/context/annotation/ConfigurationClassEnhancer$BeanFactoryAwareMethodInterceptor
instanceKlass org/springframework/context/annotation/ConfigurationClassEnhancer$BeanMethodInterceptor
instanceKlass org/springframework/context/annotation/ConfigurationClassEnhancer$ConditionalCallback
instanceKlass org/springframework/cglib/proxy/MethodInterceptor
instanceKlass org/springframework/cglib/proxy/Callback
instanceKlass org/springframework/cglib/proxy/CallbackFilter
instanceKlass org/springframework/cglib/core/GeneratorStrategy
instanceKlass org/springframework/cglib/core/NamingPolicy
instanceKlass org/springframework/context/annotation/ConfigurationClassEnhancer
instanceKlass org/springframework/boot/autoconfigure/orm/jpa/HibernatePropertiesCustomizer
instanceKlass org/springframework/boot/autoconfigure/orm/jpa/HibernateSettings
instanceKlass org/springframework/aot/generate/GenerationContext
instanceKlass org/springframework/data/repository/config/AotRepositoryContext
instanceKlass org/springframework/data/aot/AotContext
instanceKlass jakarta/persistence/PersistenceContexts
instanceKlass jakarta/persistence/PersistenceProperty
instanceKlass jakarta/persistence/PersistenceContext
instanceKlass org/springframework/lang/NonNull
instanceKlass org/springframework/data/repository/core/support/RepositoryFragment
instanceKlass org/springframework/lang/Nullable
instanceKlass org/springframework/transaction/support/DefaultTransactionDefinition
instanceKlass org/springframework/transaction/TransactionDefinition
instanceKlass org/springframework/transaction/ReactiveTransactionManager
instanceKlass org/springframework/boot/autoconfigure/transaction/TransactionAutoConfiguration$TransactionTemplateConfiguration
instanceKlass org/springframework/transaction/support/TransactionOperations
instanceKlass org/springframework/boot/autoconfigure/jdbc/DataSourceTransactionManagerAutoConfiguration$JdbcTransactionManagerConfiguration
instanceKlass org/springframework/boot/autoconfigure/task/TaskSchedulingAutoConfiguration
instanceKlass org/springframework/boot/autoconfigure/task/TaskSchedulingProperties$Shutdown
instanceKlass org/springframework/boot/autoconfigure/task/TaskSchedulingProperties$Simple
instanceKlass org/springframework/boot/autoconfigure/task/TaskSchedulingProperties$Pool
instanceKlass org/springframework/boot/autoconfigure/task/TaskSchedulingConfigurations$TaskSchedulerConfiguration
instanceKlass org/springframework/boot/autoconfigure/task/TaskSchedulingConfigurations$SimpleAsyncTaskSchedulerBuilderConfiguration
instanceKlass org/springframework/boot/task/SimpleAsyncTaskSchedulerBuilder
instanceKlass org/springframework/boot/autoconfigure/task/TaskSchedulingConfigurations$TaskSchedulerBuilderConfiguration
instanceKlass org/springframework/boot/autoconfigure/task/TaskSchedulingProperties
instanceKlass org/springframework/boot/task/ThreadPoolTaskSchedulerCustomizer
instanceKlass org/springframework/boot/task/TaskSchedulerCustomizer
instanceKlass org/springframework/boot/task/ThreadPoolTaskSchedulerBuilder
instanceKlass org/springframework/boot/autoconfigure/task/TaskSchedulingConfigurations$ThreadPoolTaskSchedulerBuilderConfiguration
instanceKlass org/springframework/boot/task/TaskSchedulerBuilder
instanceKlass org/springframework/boot/autoconfigure/ssl/SslProperties$Bundles
instanceKlass org/springframework/boot/autoconfigure/ssl/SslPropertiesBundleRegistrar
instanceKlass org/springframework/boot/autoconfigure/ssl/SslBundleRegistrar
instanceKlass org/springframework/boot/autoconfigure/ssl/FileWatcher
instanceKlass org/springframework/boot/ssl/DefaultSslBundleRegistry
instanceKlass org/springframework/boot/ssl/SslBundles
instanceKlass org/springframework/boot/autoconfigure/ssl/SslAutoConfiguration
instanceKlass org/springframework/boot/ssl/SslBundleRegistry
instanceKlass org/springframework/boot/autoconfigure/ssl/SslProperties
instanceKlass org/springframework/boot/autoconfigure/sql/init/DataSourceInitializationConfiguration
instanceKlass org/springframework/boot/autoconfigure/sql/init/R2dbcInitializationConfiguration
instanceKlass org/springframework/boot/autoconfigure/sql/init/SqlInitializationProperties
instanceKlass org/springframework/boot/sql/init/AbstractScriptDatabaseInitializer
instanceKlass org/springframework/boot/autoconfigure/jdbc/JdbcClientAutoConfiguration
instanceKlass org/springframework/jdbc/core/simple/JdbcClient
instanceKlass org/springframework/boot/autoconfigure/jdbc/JdbcTemplateAutoConfiguration
instanceKlass org/springframework/boot/sql/init/dependency/DatabaseInitializationDependencyConfigurer$DependsOnDatabaseInitializationPostProcessor
instanceKlass org/springframework/boot/autoconfigure/jdbc/JdbcProperties$Template
instanceKlass org/springframework/boot/autoconfigure/jdbc/NamedParameterJdbcTemplateConfiguration
instanceKlass org/springframework/boot/autoconfigure/jdbc/JdbcProperties
instanceKlass org/springframework/boot/autoconfigure/jdbc/JdbcTemplateConfiguration
instanceKlass org/springframework/boot/autoconfigure/info/ProjectInfoAutoConfiguration
instanceKlass org/springframework/boot/autoconfigure/info/ProjectInfoProperties$Git
instanceKlass org/springframework/boot/autoconfigure/info/ProjectInfoProperties$Build
instanceKlass org/springframework/boot/autoconfigure/info/ProjectInfoProperties
instanceKlass org/springframework/boot/autoconfigure/task/TaskExecutionAutoConfiguration
instanceKlass org/springframework/boot/autoconfigure/task/TaskExecutionProperties$Shutdown
instanceKlass org/springframework/boot/autoconfigure/task/TaskExecutionProperties$Simple
instanceKlass org/springframework/boot/autoconfigure/task/TaskExecutionProperties$Pool
instanceKlass org/springframework/boot/autoconfigure/task/TaskExecutorConfigurations$TaskExecutorConfiguration
instanceKlass org/springframework/boot/autoconfigure/task/TaskExecutorConfigurations$SimpleAsyncTaskExecutorBuilderConfiguration
instanceKlass org/springframework/boot/task/SimpleAsyncTaskExecutorBuilder
instanceKlass org/springframework/boot/autoconfigure/task/TaskExecutorConfigurations$TaskExecutorBuilderConfiguration
instanceKlass org/springframework/boot/autoconfigure/task/TaskExecutionProperties
instanceKlass org/springframework/boot/task/ThreadPoolTaskExecutorCustomizer
instanceKlass org/springframework/boot/task/TaskExecutorCustomizer
instanceKlass org/springframework/boot/task/ThreadPoolTaskExecutorBuilder
instanceKlass org/springframework/boot/autoconfigure/task/TaskExecutorConfigurations$ThreadPoolTaskExecutorBuilderConfiguration
instanceKlass org/springframework/boot/task/TaskExecutorBuilder
instanceKlass org/springframework/boot/autoconfigure/dao/PersistenceExceptionTranslationAutoConfiguration
instanceKlass org/springframework/context/support/DefaultLifecycleProcessor
instanceKlass org/springframework/boot/autoconfigure/context/LifecycleAutoConfiguration
instanceKlass org/springframework/boot/autoconfigure/context/ConfigurationPropertiesAutoConfiguration
instanceKlass org/springframework/boot/autoconfigure/context/LifecycleProperties
instanceKlass org/springframework/boot/autoconfigure/jdbc/DataSourceTransactionManagerAutoConfiguration
instanceKlass org/springframework/boot/autoconfigure/orm/jpa/HibernateProperties$Naming
instanceKlass org/springframework/boot/autoconfigure/orm/jpa/EntityManagerFactoryBuilderCustomizer
instanceKlass org/springframework/orm/jpa/persistenceunit/PersistenceManagedTypes
instanceKlass org/springframework/boot/autoconfigure/orm/jpa/JpaProperties
instanceKlass org/hibernate/boot/model/naming/ImplicitNamingStrategy
instanceKlass org/hibernate/boot/model/naming/PhysicalNamingStrategy
instanceKlass org/springframework/orm/jpa/vendor/AbstractJpaVendorAdapter
instanceKlass org/springframework/boot/orm/jpa/EntityManagerFactoryBuilder
instanceKlass org/springframework/boot/autoconfigure/orm/jpa/JpaBaseConfiguration
instanceKlass org/springframework/boot/autoconfigure/orm/jpa/HibernateJpaConfiguration$HibernateRuntimeHints
instanceKlass org/springframework/boot/autoconfigure/orm/jpa/HibernateProperties
instanceKlass org/springframework/boot/autoconfigure/transaction/ExecutionListenersTransactionManagerCustomizer
instanceKlass org/springframework/boot/autoconfigure/jdbc/DataSourceAutoConfiguration
instanceKlass org/springframework/boot/jdbc/metadata/DataSourcePoolMetadataProvider
instanceKlass org/springframework/boot/jdbc/metadata/DataSourcePoolMetadata
instanceKlass org/springframework/boot/autoconfigure/jdbc/metadata/DataSourcePoolMetadataProvidersConfiguration$HikariPoolDataSourceMetadataProviderConfiguration
instanceKlass org/springframework/boot/autoconfigure/jdbc/PropertiesJdbcConnectionDetails
instanceKlass org/springframework/boot/autoconfigure/transaction/TransactionManagerCustomizers
instanceKlass org/springframework/boot/autoconfigure/transaction/TransactionProperties
instanceKlass org/springframework/boot/autoconfigure/transaction/TransactionManagerCustomizer
instanceKlass org/springframework/boot/context/properties/BindMethodAttribute
instanceKlass org/springframework/boot/autoconfigure/jdbc/DataSourceProperties$Xa
instanceKlass org/springframework/boot/context/properties/ConfigurationPropertiesBean
instanceKlass org/springframework/boot/context/properties/ConfigurationPropertiesBeanRegistrar
instanceKlass org/springframework/boot/validation/beanvalidation/MethodValidationExcludeFilter
instanceKlass org/springframework/boot/context/properties/BoundConfigurationProperties
instanceKlass org/springframework/boot/context/properties/ConfigurationPropertiesBinder$ConfigurationPropertiesBinderFactory
instanceKlass org/springframework/validation/Validator
instanceKlass org/springframework/boot/context/properties/ConfigurationPropertiesBinder
instanceKlass org/springframework/boot/context/properties/ConfigurationPropertiesBindingPostProcessor
instanceKlass org/springframework/boot/autoconfigure/jdbc/DataSourceCheckpointRestoreConfiguration
instanceKlass org/springframework/boot/autoconfigure/jdbc/metadata/DataSourcePoolMetadataProvidersConfiguration
instanceKlass org/springframework/boot/autoconfigure/sql/init/SqlInitializationAutoConfiguration
instanceKlass org/springframework/boot/autoconfigure/jdbc/DataSourceAutoConfiguration$PooledDataSourceConfiguration
instanceKlass org/springframework/boot/autoconfigure/jdbc/DataSourceJmxConfiguration$Hikari
instanceKlass org/springframework/boot/autoconfigure/jdbc/DataSourceJmxConfiguration
instanceKlass org/springframework/boot/autoconfigure/jdbc/DataSourceConfiguration$Generic
instanceKlass org/springframework/boot/autoconfigure/jdbc/DataSourceConfiguration$OracleUcp
instanceKlass org/springframework/boot/autoconfigure/jdbc/DataSourceConfiguration$Dbcp2
instanceKlass org/springframework/boot/autoconfigure/jdbc/DataSourceConfiguration$Tomcat
instanceKlass org/springframework/aop/scope/ScopedProxyUtils
instanceKlass org/springframework/boot/autoconfigure/jdbc/JdbcConnectionDetailsBeanPostProcessor
instanceKlass org/springframework/boot/autoconfigure/jdbc/JdbcConnectionDetails
instanceKlass org/springframework/boot/autoconfigure/service/connection/ConnectionDetails
instanceKlass org/springframework/boot/autoconfigure/jdbc/DataSourceProperties
instanceKlass org/springframework/boot/autoconfigure/jdbc/DataSourceConfiguration$Hikari
instanceKlass javax/sql/XADataSource
instanceKlass org/springframework/boot/autoconfigure/transaction/jta/JtaAutoConfiguration
instanceKlass org/springframework/boot/availability/ApplicationAvailabilityBean
instanceKlass org/springframework/boot/autoconfigure/transaction/jta/JndiJtaConfiguration
instanceKlass org/springframework/boot/autoconfigure/transaction/TransactionManagerCustomizationAutoConfiguration
instanceKlass org/springframework/boot/autoconfigure/transaction/TransactionAutoConfiguration
instanceKlass org/springframework/boot/autoconfigure/orm/jpa/HibernateJpaAutoConfiguration
instanceKlass org/springframework/boot/autoconfigure/jms/artemis/ArtemisAutoConfiguration
instanceKlass org/springframework/boot/autoconfigure/jms/activemq/ActiveMQAutoConfiguration
instanceKlass org/springframework/boot/autoconfigure/jdbc/XADataSourceAutoConfiguration
instanceKlass org/springframework/boot/autoconfigure/availability/ApplicationAvailabilityAutoConfiguration
instanceKlass org/springframework/boot/autoconfigure/aop/AopAutoConfiguration
instanceKlass org/springframework/boot/autoconfigure/aop/AopAutoConfiguration$AspectJAutoProxyingConfiguration
instanceKlass org/springframework/boot/autoconfigure/aop/AopAutoConfiguration$AspectJAutoProxyingConfiguration$CglibAutoProxyConfiguration
instanceKlass org/springframework/boot/availability/ApplicationAvailability
instanceKlass org/springframework/boot/autoconfigure/context/PropertyPlaceholderAutoConfiguration
instanceKlass org/springframework/data/repository/core/support/RepositoryComposition$RepositoryFragments
instanceKlass org/springframework/data/repository/core/support/PropertiesBasedNamedQueries
instanceKlass org/springframework/data/repository/core/NamedQueries
instanceKlass org/springframework/data/jpa/util/JpaMetamodelCacheCleanup
instanceKlass org/springframework/data/mapping/context/AbstractMappingContext
instanceKlass org/springframework/data/mapping/context/MappingContext
instanceKlass sun/reflect/generics/tree/BooleanSignature
instanceKlass org/springframework/orm/jpa/SharedEntityManagerCreator
instanceKlass org/springframework/beans/factory/support/AbstractAutowireCapableBeanFactory$FactoryBeanMethodTypeFinder
instanceKlass org/springframework/transaction/support/ResourceTransactionManager
instanceKlass org/springframework/orm/jpa/JpaVendorAdapter
instanceKlass org/springframework/core/annotation/AnnotatedElementUtils
instanceKlass org/springframework/context/annotation/BeanAnnotationHelper
instanceKlass org/springframework/aop/support/AbstractPointcutAdvisor
instanceKlass org/springframework/aop/PointcutAdvisor
instanceKlass org/springframework/aop/Advisor
instanceKlass org/aopalliance/intercept/MethodInterceptor
instanceKlass org/aopalliance/intercept/Interceptor
instanceKlass org/aopalliance/aop/Advice
instanceKlass org/springframework/transaction/interceptor/TransactionAttributeSource
instanceKlass org/springframework/transaction/event/TransactionalEventListenerFactory
instanceKlass com/jobwork/util/PdfExporter
instanceKlass com/jobwork/util/FileUploadUtil
instanceKlass com/jobwork/util/ExcelExporter
instanceKlass com/jobwork/service/YarnTypeService
instanceKlass com/jobwork/service/YarnService
instanceKlass com/jobwork/service/WrapperService
instanceKlass com/jobwork/service/ProductService
instanceKlass com/jobwork/service/ProductImportService
instanceKlass com/jobwork/service/MoneyService
instanceKlass com/jobwork/service/MasterService
instanceKlass com/jobwork/service/JobWorkerSummaryService
instanceKlass com/jobwork/service/JobWorkerService
instanceKlass com/jobwork/service/BheemService
instanceKlass com/jobwork/service/AccountLedgerService
instanceKlass com/jobwork/controller/YarnReportController
instanceKlass com/jobwork/controller/YarnEntryController
instanceKlass com/jobwork/controller/WrapperMasterController
instanceKlass com/jobwork/controller/UnitMasterController
instanceKlass com/jobwork/controller/ProductReportController
instanceKlass com/jobwork/controller/ProductMasterController
instanceKlass com/jobwork/controller/ProductImportPreviewController
instanceKlass com/jobwork/controller/ProductImportController
instanceKlass com/jobwork/controller/ProductEntryController
instanceKlass com/jobwork/controller/MoneyReportController
instanceKlass com/jobwork/controller/MoneyReceiptController
instanceKlass com/jobwork/controller/MainLayoutController
instanceKlass com/jobwork/controller/JobWorkerSummaryController
instanceKlass com/jobwork/controller/JobWorkerMasterController
instanceKlass com/jobwork/controller/ChallanReportController
instanceKlass com/jobwork/controller/ChallanDetailController
instanceKlass com/jobwork/controller/BheemReportController
instanceKlass com/jobwork/controller/BheemMasterController
instanceKlass com/jobwork/controller/BheemEntryController
instanceKlass com/jobwork/controller/AdvanceLedgerController
instanceKlass com/jobwork/controller/AccountLedgerController
instanceKlass com/jobwork/config/StageManager
instanceKlass com/jobwork/config/SpringContext
instanceKlass com/jobwork/config/SpringConfig
instanceKlass org/springframework/boot/autoconfigure/condition/OnBeanCondition$MatchResult
instanceKlass org/springframework/boot/autoconfigure/AutoConfigurationPackages$BasePackages
instanceKlass org/springframework/boot/autoconfigure/AutoConfigurationPackages
instanceKlass org/springframework/boot/autoconfigure/AutoConfigurationPackages$PackageImports
instanceKlass org/springframework/data/repository/config/RepositoryRegistrationAotProcessor
instanceKlass org/springframework/util/StopWatch$TaskInfo
instanceKlass org/springframework/data/util/Optionals
instanceKlass java/beans/Introspector$1
instanceKlass jdk/internal/access/JavaBeansAccess
instanceKlass java/beans/Introspector
instanceKlass org/springframework/beans/factory/parsing/ComponentDefinition
instanceKlass org/springframework/data/repository/config/RepositoryConfigurationAdapter
instanceKlass org/springframework/data/repository/config/RepositoryFragmentConfigurationProvider
instanceKlass org/springframework/data/repository/config/RepositoryFragmentConfiguration
instanceKlass org/springframework/data/repository/core/support/RepositoryFragmentsFactoryBean
instanceKlass org/springframework/data/repository/config/SelectionSet
instanceKlass org/springframework/data/util/StreamUtils
instanceKlass org/springframework/data/repository/config/DefaultImplementationLookupConfiguration
instanceKlass org/springframework/core/io/support/PropertiesLoaderSupport
instanceKlass org/springframework/data/repository/config/NamedQueriesBeanDefinitionBuilder
instanceKlass com/jobwork/domain/YarnType
instanceKlass com/jobwork/repository/YarnTypeRepository
instanceKlass com/jobwork/domain/YarnEntry
instanceKlass com/jobwork/repository/YarnEntryRepository
instanceKlass com/jobwork/domain/Wrapper
instanceKlass com/jobwork/repository/WrapperRepository
instanceKlass com/jobwork/domain/Unit
instanceKlass com/jobwork/repository/UnitRepository
instanceKlass com/jobwork/domain/Taar
instanceKlass com/jobwork/repository/TaarRepository
instanceKlass com/jobwork/repository/ProductTypeRepository
instanceKlass com/jobwork/domain/ProductType
instanceKlass com/jobwork/domain/ProductName
instanceKlass com/jobwork/repository/ProductNameRepository
instanceKlass com/jobwork/domain/ProductEntry
instanceKlass com/jobwork/repository/ProductEntryRepository
instanceKlass com/jobwork/domain/MoneyReceipt
instanceKlass com/jobwork/repository/MoneyReceiptRepository
instanceKlass com/jobwork/domain/JobWorker
instanceKlass com/jobwork/repository/JobWorkerRepository
instanceKlass com/jobwork/domain/DeliveryLocation
instanceKlass com/jobwork/repository/DeliveryLocationRepository
instanceKlass com/jobwork/domain/BheemName
instanceKlass com/jobwork/repository/BheemNameRepository
instanceKlass java/util/stream/Streams$2
instanceKlass java/util/stream/Streams$ConcatSpliterator
instanceKlass org/springframework/data/util/ReflectionUtils$DescribedFieldFilter
instanceKlass org/springframework/data/util/ReflectionUtils
instanceKlass org/springframework/data/jpa/domain/Specification
instanceKlass org/springframework/data/domain/Page
instanceKlass org/springframework/data/domain/Slice
instanceKlass org/springframework/data/domain/Pageable
instanceKlass org/springframework/data/domain/Sort
instanceKlass org/springframework/data/domain/Example
instanceKlass org/springframework/data/util/ReactiveWrappers$1
instanceKlass org/springframework/data/util/ReactiveWrappers
instanceKlass com/jobwork/domain/BheemEntry
instanceKlass org/springframework/util/ConcurrentLruCache$AddTask
instanceKlass java/util/concurrent/ConcurrentLinkedQueue$Node
instanceKlass org/springframework/util/ConcurrentLruCache$WriteOperations
instanceKlass java/util/concurrent/atomic/AtomicReferenceArray
instanceKlass java/util/concurrent/atomic/AtomicLongArray
instanceKlass org/springframework/util/ConcurrentLruCache$ReadOperations
instanceKlass org/springframework/util/ConcurrentLruCache$EvictionQueue
instanceKlass org/springframework/util/ConcurrentLruCache
instanceKlass org/springframework/data/util/TypeDiscoverer
instanceKlass org/springframework/data/util/TypeInformation
instanceKlass org/springframework/data/repository/core/CrudMethods
instanceKlass org/springframework/data/repository/core/support/AbstractRepositoryMetadata
instanceKlass org/springframework/data/repository/core/RepositoryMetadata
instanceKlass com/jobwork/repository/BheemEntryRepository
instanceKlass org/springframework/data/jpa/repository/JpaSpecificationExecutor
instanceKlass org/springframework/data/jpa/repository/config/JpaRepositoryConfigExtension$LazyJvmAgent
instanceKlass org/springframework/data/repository/config/DefaultRepositoryConfiguration
instanceKlass org/springframework/data/repository/util/ClassUtils
instanceKlass org/springframework/data/repository/NoRepositoryBean
instanceKlass org/springframework/data/repository/RepositoryDefinition
instanceKlass org/springframework/data/util/LazyStreamable
instanceKlass org/springframework/data/util/Streamable
instanceKlass org/springframework/util/StopWatch
instanceKlass org/springframework/data/util/Lazy
instanceKlass org/springframework/data/repository/config/ImplementationLookupConfiguration
instanceKlass org/springframework/data/repository/config/RepositoryConfigurationSourceSupport$SpringImplementationDetectionConfiguration
instanceKlass org/springframework/data/repository/config/CustomRepositoryImplementationDetector
instanceKlass org/springframework/data/repository/config/FragmentMetadata
instanceKlass org/springframework/data/repository/config/RepositoryBeanDefinitionBuilder
instanceKlass org/springframework/data/jpa/repository/support/JpaEvaluationContextExtension
instanceKlass org/springframework/data/spel/spi/EvaluationContextExtension
instanceKlass org/springframework/data/spel/spi/ExtensionIdAware
instanceKlass org/springframework/data/jpa/repository/support/DefaultJpaContext
instanceKlass org/springframework/data/jpa/repository/JpaContext
instanceKlass org/springframework/beans/factory/config/AbstractFactoryBean
instanceKlass org/springframework/data/jpa/repository/support/EntityManagerBeanDefinitionRegistrarPostProcessor
instanceKlass org/springframework/data/repository/core/support/RepositoryFactorySupport
instanceKlass org/springframework/data/repository/config/RepositoryConfigurationDelegate
instanceKlass org/springframework/data/repository/config/RepositoryConfigurationUtils
instanceKlass org/springframework/data/repository/config/RepositoryConfiguration
instanceKlass org/springframework/data/repository/config/RepositoryConfigurationExtensionSupport
instanceKlass org/springframework/data/repository/config/RepositoryBeanNameGenerator
instanceKlass org/springframework/data/config/ConfigurationUtils
instanceKlass org/springframework/data/repository/config/ImplementationDetectionConfiguration
instanceKlass org/springframework/beans/factory/config/ConstructorArgumentValues$ValueHolder
instanceKlass org/springframework/beans/factory/config/ConstructorArgumentValues
instanceKlass org/springframework/boot/autoconfigure/domain/EntityScanPackages
instanceKlass org/springframework/aop/config/AopConfigUtils
instanceKlass org/springframework/core/type/StandardMethodMetadata
instanceKlass org/springframework/transaction/annotation/TransactionRuntimeHints
instanceKlass org/springframework/aot/hint/RuntimeHintsRegistrar
instanceKlass org/springframework/context/annotation/ConfigurationClassBeanDefinitionReader$TrackedConditionEvaluator
instanceKlass org/springframework/transaction/interceptor/TransactionAspectSupport
instanceKlass org/springframework/jdbc/datasource/init/DatabasePopulator
instanceKlass org/springframework/boot/sql/init/dependency/DatabaseInitializationDependencyConfigurer
instanceKlass org/springframework/boot/autoconfigure/condition/ConditionalOnResource
instanceKlass org/springframework/data/repository/config/RepositoryConfigurationSourceSupport
instanceKlass org/springframework/boot/autoconfigure/data/AbstractRepositoryConfigurationSourceSupport
instanceKlass org/springframework/boot/autoconfigure/data/jpa/JpaRepositoriesAutoConfiguration$JpaRepositoriesImportSelector
instanceKlass org/springframework/boot/autoconfigure/condition/ConditionalOnThreading
instanceKlass org/springframework/cache/Cache
instanceKlass org/springframework/boot/autoconfigure/cache/NoOpCacheConfiguration
instanceKlass org/springframework/boot/autoconfigure/cache/SimpleCacheConfiguration
instanceKlass org/springframework/boot/autoconfigure/cache/Cache2kCacheConfiguration
instanceKlass org/springframework/boot/autoconfigure/cache/CaffeineCacheConfiguration
instanceKlass org/springframework/boot/autoconfigure/cache/RedisCacheConfiguration
instanceKlass org/springframework/boot/autoconfigure/cache/CouchbaseCacheConfiguration
instanceKlass org/springframework/boot/autoconfigure/cache/JCacheCacheConfiguration
instanceKlass org/springframework/boot/autoconfigure/cache/InfinispanCacheConfiguration
instanceKlass org/springframework/boot/autoconfigure/cache/HazelcastCacheConfiguration
instanceKlass org/springframework/boot/autoconfigure/cache/GenericCacheConfiguration
instanceKlass org/springframework/boot/autoconfigure/cache/CacheConfigurations
instanceKlass org/springframework/boot/autoconfigure/cache/CacheAutoConfiguration$CacheConfigurationImportSelector
instanceKlass org/springframework/boot/web/servlet/RegistrationBean
instanceKlass org/springframework/boot/web/servlet/ServletContextInitializer
instanceKlass org/springframework/boot/autoconfigure/web/servlet/ConditionalOnMissingFilterBean
instanceKlass org/springframework/boot/autoconfigure/condition/ConditionalOnCheckpointRestore
instanceKlass org/springframework/boot/jdbc/DataSourceBuilder$MappedDataSourceProperty
instanceKlass org/springframework/boot/jdbc/DataSourceBuilder$Setter
instanceKlass org/springframework/boot/jdbc/DataSourceBuilder$Getter
instanceKlass com/zaxxer/hikari/HikariConfig
instanceKlass com/zaxxer/hikari/HikariConfigMXBean
instanceKlass org/springframework/boot/jdbc/DataSourceBuilder$MappedDataSourceProperties
instanceKlass org/springframework/boot/jdbc/DataSourceBuilder$DataSourceProperties
instanceKlass org/springframework/boot/jdbc/DataSourceBuilder
instanceKlass org/springframework/boot/autoconfigure/condition/AbstractNestedCondition$MemberOutcomes
instanceKlass org/springframework/boot/autoconfigure/condition/AbstractNestedCondition$MemberMatchOutcomes
instanceKlass org/springframework/boot/autoconfigure/condition/AbstractNestedCondition$MemberConditions
instanceKlass javax/naming/spi/NamingManager
instanceKlass com/sun/naming/internal/VersionHelper$InputStreamEnumeration
instanceKlass javax/naming/NamingEnumeration
instanceKlass com/sun/naming/internal/VersionHelper
instanceKlass com/sun/naming/internal/ResourceManager
instanceKlass javax/naming/InitialContext
instanceKlass org/springframework/jndi/JndiAccessor
instanceKlass org/springframework/transaction/support/AbstractPlatformTransactionManager
instanceKlass org/springframework/transaction/ConfigurableTransactionManager
instanceKlass org/springframework/transaction/jta/TransactionFactory
instanceKlass org/springframework/boot/autoconfigure/condition/ConditionalOnJndi
instanceKlass org/springframework/context/annotation/AspectJAutoProxyRegistrar
instanceKlass org/springframework/context/annotation/EnableAspectJAutoProxy
instanceKlass org/aspectj/weaver/ShadowMunger
instanceKlass org/aspectj/weaver/IHasPosition
instanceKlass org/aspectj/util/PartialOrder$PartialComparable
instanceKlass org/springframework/boot/autoconfigure/condition/OnPropertyCondition$Spec
instanceKlass org/springframework/boot/autoconfigure/condition/ConditionalOnMissingClass
instanceKlass org/springframework/boot/autoconfigure/condition/ConditionalOnProperty
instanceKlass org/springframework/core/annotation/MergedAnnotationCollectors
instanceKlass org/springframework/core/annotation/MergedAnnotationPredicates$UniquePredicate
instanceKlass org/springframework/boot/context/properties/ConfigurationProperties
instanceKlass org/springframework/boot/context/properties/EnableConfigurationPropertiesRegistrar
instanceKlass org/springframework/boot/context/properties/EnableConfigurationProperties
instanceKlass org/springframework/boot/autoconfigure/AutoConfigureOrder
instanceKlass org/springframework/boot/autoconfigure/condition/ConditionalOnMissingBean
instanceKlass org/springframework/boot/autoconfigure/AutoConfigureBefore
instanceKlass org/springframework/boot/autoconfigure/AutoConfigureAfter
instanceKlass org/springframework/context/annotation/DeferredImportSelector$Group$Entry
instanceKlass org/springframework/boot/autoconfigure/AutoConfigurationSorter$AutoConfigurationClass
instanceKlass org/springframework/boot/autoconfigure/AutoConfigurationSorter$AutoConfigurationClasses
instanceKlass org/springframework/boot/autoconfigure/AutoConfigurationSorter
instanceKlass java/util/HashMap$HashMapSpliterator
instanceKlass org/springframework/boot/autoconfigure/condition/ConditionEvaluationReportAutoConfigurationImportListener
instanceKlass org/springframework/boot/autoconfigure/AutoConfigurationImportListener
instanceKlass org/springframework/boot/jdbc/XADataSourceWrapper
instanceKlass org/springframework/jdbc/core/namedparam/NamedParameterJdbcTemplate
instanceKlass org/springframework/jdbc/core/namedparam/NamedParameterJdbcOperations
instanceKlass org/springframework/cache/interceptor/AbstractCacheInvoker
instanceKlass org/springframework/boot/autoconfigure/condition/ConditionalOnSingleCandidate
instanceKlass org/springframework/boot/autoconfigure/condition/ConditionalOnBean
instanceKlass org/springframework/boot/autoconfigure/condition/ConditionalOnWebApplication
instanceKlass org/springframework/boot/autoconfigure/condition/ConditionEvaluationReport$ConditionAndOutcome
instanceKlass org/springframework/boot/autoconfigure/condition/ConditionEvaluationReport$ConditionAndOutcomes
instanceKlass jakarta/transaction/Transaction
instanceKlass org/springframework/transaction/PlatformTransactionManager
instanceKlass org/springframework/scheduling/TaskScheduler
instanceKlass org/springframework/util/CustomizableThreadCreator
instanceKlass org/springframework/scheduling/SchedulingTaskExecutor
instanceKlass org/springframework/core/task/AsyncListenableTaskExecutor
instanceKlass org/springframework/core/task/AsyncTaskExecutor
instanceKlass org/springframework/core/task/TaskExecutor
instanceKlass org/springframework/orm/jpa/AbstractEntityManagerFactoryBean
instanceKlass org/springframework/dao/support/PersistenceExceptionTranslator
instanceKlass org/springframework/orm/jpa/EntityManagerFactoryInfo
instanceKlass org/springframework/transaction/TransactionManager
instanceKlass jakarta/transaction/TransactionManager
instanceKlass org/springframework/context/weaving/LoadTimeWeaverAware
instanceKlass org/springframework/jdbc/support/JdbcAccessor
instanceKlass org/hibernate/engine/spi/SessionImplementor
instanceKlass org/springframework/jdbc/core/JdbcOperations
instanceKlass org/hibernate/engine/spi/SharedSessionContractImplementor
instanceKlass org/hibernate/type/descriptor/java/JavaType$CoercionContext
instanceKlass org/hibernate/query/spi/QueryProducerImplementor
instanceKlass org/hibernate/type/descriptor/WrapperOptions
instanceKlass org/hibernate/engine/jdbc/LobCreationContext
instanceKlass org/hibernate/resource/transaction/spi/TransactionCoordinatorBuilder$Options
instanceKlass org/hibernate/resource/jdbc/spi/JdbcSessionOwner
instanceKlass org/hibernate/Session
instanceKlass org/hibernate/SharedSessionContract
instanceKlass org/hibernate/query/QueryProducer
instanceKlass javax/naming/ldap/LdapContext
instanceKlass javax/naming/directory/DirContext
instanceKlass javax/naming/Context
instanceKlass org/springframework/data/jpa/repository/JpaRepository
instanceKlass org/springframework/data/repository/query/QueryByExampleExecutor
instanceKlass org/springframework/data/repository/ListPagingAndSortingRepository
instanceKlass org/springframework/data/repository/PagingAndSortingRepository
instanceKlass org/springframework/data/repository/ListCrudRepository
instanceKlass org/springframework/data/repository/CrudRepository
instanceKlass org/springframework/data/repository/Repository
instanceKlass jakarta/persistence/EntityManager
instanceKlass org/springframework/aop/framework/ProxyConfig
instanceKlass jakarta/activation/MimeType
instanceKlass org/springframework/jmx/support/MBeanRegistrationSupport
instanceKlass org/springframework/cache/CacheManager
instanceKlass javax/sql/DataSource
instanceKlass java/sql/Wrapper
instanceKlass javax/sql/CommonDataSource
instanceKlass org/springframework/jmx/export/MBeanExportOperations
instanceKlass org/springframework/boot/autoconfigure/condition/ConditionMessage$ItemsBuilder
instanceKlass org/springframework/boot/autoconfigure/condition/ConditionMessage$Builder
instanceKlass org/springframework/boot/autoconfigure/condition/ConditionMessage
instanceKlass org/springframework/boot/autoconfigure/condition/ConditionalOnClass
instanceKlass org/springframework/boot/autoconfigure/condition/ConditionOutcome
instanceKlass org/springframework/boot/autoconfigure/condition/OnClassCondition$ThreadedOutcomesResolver
instanceKlass org/springframework/boot/autoconfigure/condition/OnClassCondition$StandardOutcomesResolver
instanceKlass org/springframework/boot/autoconfigure/AutoConfigurationMetadataLoader$PropertiesAutoConfigurationMetadata
instanceKlass org/springframework/boot/autoconfigure/AutoConfigurationMetadata
instanceKlass org/springframework/boot/autoconfigure/AutoConfigurationMetadataLoader
instanceKlass org/springframework/boot/autoconfigure/AutoConfigurationImportSelector$ConfigurationClassFilter
instanceKlass org/springframework/boot/autoconfigure/condition/OnClassCondition$OutcomesResolver
instanceKlass org/springframework/boot/autoconfigure/condition/OnBeanCondition$Spec
instanceKlass org/springframework/boot/autoconfigure/condition/SpringBootCondition
instanceKlass org/springframework/context/annotation/ConfigurationCondition
instanceKlass org/springframework/boot/autoconfigure/AutoConfigurationImportFilter
instanceKlass org/springframework/context/annotation/ConfigurationClassParser$DeferredImportSelectorGrouping
instanceKlass org/springframework/boot/autoconfigure/AutoConfigurationImportSelector$AutoConfigurationGroup
instanceKlass org/springframework/context/annotation/DeferredImportSelector$Group
instanceKlass org/springframework/context/annotation/ConfigurationClassParser$DeferredImportSelectorGroupingHandler
instanceKlass javafx/stage/Window
instanceKlass javafx/event/EventTarget
instanceKlass org/springframework/boot/autoconfigure/AutoConfigurationImportSelector$AutoConfigurationEntry
instanceKlass javafx/fxml/Initializable
instanceKlass org/springframework/data/repository/config/RepositoryConfigurationExtension
instanceKlass org/springframework/data/repository/config/RepositoryConfigurationSource
instanceKlass org/springframework/context/annotation/ConfigurationMethod
instanceKlass org/springframework/context/annotation/ImportRuntimeHints
instanceKlass org/springframework/transaction/annotation/AbstractTransactionManagementConfiguration
instanceKlass org/springframework/context/annotation/ImportAware
instanceKlass org/springframework/context/annotation/AutoProxyRegistrar
instanceKlass org/springframework/transaction/annotation/TransactionManagementConfigurationSelector$1
instanceKlass org/springframework/data/repository/core/support/RepositoryFactoryBeanSupport
instanceKlass org/springframework/data/repository/core/support/RepositoryFactoryInformation
instanceKlass org/springframework/data/repository/config/DefaultRepositoryBaseClass
instanceKlass org/springframework/core/annotation/MergedAnnotationsCollection$AnnotationsSpliterator
instanceKlass org/springframework/aot/hint/annotation/SimpleReflectiveProcessor
instanceKlass org/springframework/aot/hint/annotation/ReflectiveProcessor
instanceKlass org/springframework/aot/hint/annotation/Reflective
instanceKlass org/springframework/transaction/annotation/Transactional
instanceKlass org/springframework/stereotype/Service
instanceKlass org/springframework/beans/factory/annotation/Lookup
instanceKlass org/springframework/data/annotation/QueryAnnotation
instanceKlass org/springframework/data/jpa/repository/Query
instanceKlass org/springframework/stereotype/Repository
instanceKlass jakarta/persistence/UniqueConstraint
instanceKlass jakarta/persistence/Index
instanceKlass jakarta/persistence/Table
instanceKlass jakarta/persistence/Entity
instanceKlass javafx/fxml/FXML
instanceKlass org/springframework/boot/context/annotation/ImportCandidates
instanceKlass org/springframework/boot/autoconfigure/AutoConfiguration
instanceKlass org/springframework/context/annotation/Bean
instanceKlass org/springframework/data/repository/config/RepositoryBeanDefinitionRegistrarSupport
instanceKlass org/springframework/data/jpa/repository/config/EnableJpaRepositories
instanceKlass org/springframework/boot/autoconfigure/domain/EntityScanPackages$Registrar
instanceKlass org/springframework/boot/autoconfigure/domain/EntityScan
instanceKlass org/springframework/context/annotation/AdviceModeImportSelector
instanceKlass org/springframework/transaction/annotation/EnableTransactionManagement
instanceKlass org/springframework/asm/AnnotationVisitor
instanceKlass org/springframework/core/type/classreading/SimpleAnnotationMetadataReadingVisitor$Source
instanceKlass java/lang/StrictMath
instanceKlass org/springframework/core/type/classreading/SimpleAnnotationMetadata
instanceKlass org/springframework/core/type/classreading/SimpleMethodMetadataReadingVisitor$Source
instanceKlass org/springframework/core/annotation/MergedAnnotationsCollection
instanceKlass org/springframework/asm/Type
instanceKlass org/springframework/core/type/classreading/SimpleMethodMetadata
instanceKlass org/springframework/core/type/MethodMetadata
instanceKlass org/springframework/asm/Context
instanceKlass org/springframework/asm/Attribute
instanceKlass org/springframework/asm/ClassReader
instanceKlass org/springframework/asm/MethodVisitor
instanceKlass org/springframework/asm/ClassVisitor
instanceKlass org/springframework/core/type/classreading/SimpleMetadataReader
instanceKlass org/springframework/util/AntPathMatcher$AntPathStringMatcher
instanceKlass sun/nio/fs/BasicFileAttributesHolder
instanceKlass java/nio/file/FileTreeWalker$Event
instanceKlass sun/nio/fs/WindowsDirectoryStream$WindowsDirectoryIterator
instanceKlass java/nio/file/FileTreeWalker$DirectoryNode
instanceKlass java/nio/file/Files$AcceptAllFilter
instanceKlass java/nio/file/DirectoryStream$Filter
instanceKlass java/nio/file/FileTreeWalker
instanceKlass java/nio/file/FileTreeIterator
instanceKlass sun/nio/fs/WindowsDirectoryStream
instanceKlass java/nio/file/DirectoryStream
instanceKlass sun/nio/fs/WindowsUriSupport
instanceKlass org/springframework/context/annotation/ParserStrategyUtils
instanceKlass org/springframework/context/annotation/TypeFilterUtils$1
instanceKlass org/springframework/context/annotation/TypeFilterUtils
instanceKlass java/util/stream/SortedOps
instanceKlass java/util/Collections$ReverseComparator2
instanceKlass java/util/Collections$ReverseComparator
instanceKlass java/util/function/ToIntFunction
instanceKlass org/springframework/core/annotation/MergedAnnotationPredicates
instanceKlass org/springframework/context/annotation/PropertySources
instanceKlass org/springframework/context/annotation/PropertySource
instanceKlass org/springframework/context/annotation/ConfigurationClass
instanceKlass org/springframework/context/annotation/ComponentScanAnnotationParser
instanceKlass org/springframework/core/io/support/DefaultPropertySourceFactory
instanceKlass org/springframework/core/io/support/PropertySourceFactory
instanceKlass org/springframework/core/io/support/PropertySourceProcessor
instanceKlass org/springframework/context/annotation/PropertySourceRegistry
instanceKlass org/springframework/context/annotation/ConfigurationClassParser$SourceClass
instanceKlass org/springframework/context/annotation/ConfigurationClassParser$DeferredImportSelectorHandler
instanceKlass org/springframework/context/annotation/ConfigurationClassParser$DeferredImportSelectorHolder
instanceKlass org/springframework/beans/factory/parsing/Problem
instanceKlass org/springframework/context/annotation/ImportRegistry
instanceKlass org/springframework/context/annotation/ConfigurationClassParser
instanceKlass org/springframework/aop/framework/AopInfrastructureBean
instanceKlass org/springframework/beans/AbstractNestablePropertyAccessor$PropertyTokenHolder
instanceKlass org/springframework/beans/factory/config/TypedStringValue
instanceKlass org/springframework/context/annotation/ConfigurationClassBeanDefinitionReader
instanceKlass org/springframework/core/convert/Property
instanceKlass com/sun/beans/WildcardTypeImpl
instanceKlass com/sun/beans/WeakCache
instanceKlass com/sun/beans/TypeResolver
instanceKlass org/springframework/core/BridgeMethodResolver
instanceKlass java/beans/SimpleBeanInfo
instanceKlass java/beans/MethodRef
instanceKlass org/springframework/beans/factory/aot/BeanFactoryInitializationAotContribution
instanceKlass org/springframework/beans/factory/aot/BeanRegistrationAotContribution
instanceKlass org/springframework/beans/factory/support/RegisteredBean
instanceKlass org/springframework/beans/PropertyDescriptorUtils
instanceKlass org/springframework/beans/SimpleBeanInfoFactory
instanceKlass java/beans/BeanInfo
instanceKlass org/springframework/data/util/KotlinBeanInfoFactory
instanceKlass org/springframework/beans/BeanInfoFactory
instanceKlass java/beans/FeatureDescriptor
instanceKlass org/springframework/beans/CachedIntrospectionResults
instanceKlass org/springframework/beans/PropertyAccessorUtils
instanceKlass org/springframework/beans/factory/support/DisposableBeanAdapter
instanceKlass org/springframework/beans/factory/InitializingBean
instanceKlass org/springframework/expression/spel/support/StandardTypeConverter
instanceKlass org/springframework/expression/spel/support/StandardTypeLocator
instanceKlass org/springframework/context/expression/BeanFactoryResolver
instanceKlass org/springframework/context/expression/EnvironmentAccessor
instanceKlass org/springframework/context/expression/MapAccessor
instanceKlass org/springframework/expression/spel/CompilablePropertyAccessor
instanceKlass org/springframework/asm/Opcodes
instanceKlass org/springframework/context/expression/BeanFactoryAccessor
instanceKlass org/springframework/expression/spel/support/ReflectivePropertyAccessor
instanceKlass org/springframework/context/expression/BeanExpressionContextAccessor
instanceKlass org/springframework/expression/TypedValue
instanceKlass org/springframework/expression/spel/support/StandardOperatorOverloader
instanceKlass org/springframework/expression/spel/support/StandardTypeComparator
instanceKlass org/springframework/expression/OperatorOverloader
instanceKlass org/springframework/expression/TypeComparator
instanceKlass org/springframework/expression/spel/support/StandardEvaluationContext
instanceKlass org/springframework/expression/common/LiteralExpression
instanceKlass org/springframework/beans/factory/config/AutowiredPropertyMarker
instanceKlass org/springframework/beans/factory/support/BeanDefinitionValueResolver
instanceKlass org/springframework/beans/AbstractNestablePropertyAccessor$PropertyHandler
instanceKlass org/springframework/beans/factory/parsing/PassThroughSourceExtractor
instanceKlass org/springframework/beans/factory/aot/BeanRegistrationCodeFragments
instanceKlass org/springframework/beans/factory/support/NullBean
instanceKlass org/springframework/beans/factory/support/AbstractBeanFactory$BeanPostProcessorCache
instanceKlass org/springframework/beans/factory/config/RuntimeBeanReference
instanceKlass org/springframework/beans/factory/config/BeanReference
instanceKlass org/springframework/beans/MutablePropertyValues
instanceKlass org/springframework/beans/factory/support/InstanceSupplier
instanceKlass org/springframework/util/function/ThrowingSupplier
instanceKlass org/springframework/beans/factory/support/BeanDefinitionBuilder
instanceKlass org/springframework/boot/autoconfigure/SharedMetadataReaderFactoryContextInitializer$SharedMetadataReaderFactoryBean
instanceKlass org/springframework/beans/factory/FactoryBean
instanceKlass org/springframework/context/support/PostProcessorRegistrationDelegate
instanceKlass org/springframework/context/support/ApplicationListenerDetector
instanceKlass org/springframework/context/MessageSourceAware
instanceKlass org/springframework/context/ApplicationEventPublisherAware
instanceKlass org/springframework/beans/factory/config/BeanExpressionContext
instanceKlass org/springframework/beans/factory/config/EmbeddedValueResolver
instanceKlass org/springframework/util/StringValueResolver
instanceKlass org/springframework/context/support/ApplicationContextAwareProcessor
instanceKlass org/springframework/beans/support/ResourceEditorRegistrar
instanceKlass org/springframework/expression/Expression
instanceKlass org/springframework/expression/common/TemplateAwareExpressionParser
instanceKlass org/springframework/expression/spel/SpelParserConfiguration
instanceKlass org/springframework/context/expression/StandardBeanExpressionResolver$1
instanceKlass org/springframework/expression/EvaluationContext
instanceKlass org/springframework/expression/TypeConverter
instanceKlass org/springframework/expression/TypeLocator
instanceKlass org/springframework/expression/BeanResolver
instanceKlass org/springframework/expression/PropertyAccessor
instanceKlass org/springframework/expression/ExpressionParser
instanceKlass org/springframework/expression/ParserContext
instanceKlass org/springframework/context/expression/StandardBeanExpressionResolver
instanceKlass org/springframework/boot/context/logging/LoggingApplicationListener$Lifecycle
instanceKlass org/springframework/context/SmartLifecycle
instanceKlass org/springframework/context/Phased
instanceKlass org/springframework/beans/factory/BeanFactoryUtils
instanceKlass org/springframework/boot/logging/DeferredLog$1
instanceKlass org/springframework/beans/factory/support/BeanDefinitionReaderUtils
instanceKlass org/springframework/context/annotation/Description
instanceKlass org/springframework/context/annotation/Role
instanceKlass org/springframework/context/annotation/DependsOn
instanceKlass org/springframework/context/annotation/Primary
instanceKlass org/springframework/context/annotation/Lazy
instanceKlass org/springframework/core/annotation/TypeMappedAnnotations$Aggregate
instanceKlass org/springframework/core/annotation/TypeMappedAnnotations$AggregatesCollector
instanceKlass org/springframework/core/annotation/TypeMappedAnnotations$AggregatesSpliterator
instanceKlass org/springframework/context/annotation/ScopeMetadata
instanceKlass org/springframework/beans/BeanMetadataAttribute
instanceKlass org/springframework/context/annotation/ImportResource
instanceKlass org/springframework/core/Conventions
instanceKlass org/springframework/context/annotation/ConfigurationClassUtils
instanceKlass org/springframework/boot/autoconfigure/AutoConfigurationPackages$Registrar
instanceKlass org/springframework/boot/context/annotation/DeterminableImports
instanceKlass org/springframework/context/annotation/ImportBeanDefinitionRegistrar
instanceKlass org/springframework/context/annotation/ComponentScans
instanceKlass org/springframework/boot/autoconfigure/AutoConfigurationImportSelector
instanceKlass org/springframework/context/annotation/DeferredImportSelector
instanceKlass org/springframework/context/annotation/ImportSelector
instanceKlass org/springframework/boot/autoconfigure/AutoConfigurationExcludeFilter
instanceKlass org/springframework/boot/context/TypeExcludeFilter
instanceKlass java/lang/annotation/Repeatable
instanceKlass org/springframework/context/annotation/Import
instanceKlass org/springframework/boot/autoconfigure/AutoConfigurationPackage
instanceKlass org/springframework/context/annotation/Configuration
instanceKlass org/springframework/context/annotation/ComponentScan$Filter
instanceKlass org/springframework/context/annotation/ComponentScan
instanceKlass org/springframework/boot/autoconfigure/EnableAutoConfiguration
instanceKlass org/springframework/boot/SpringBootConfiguration
instanceKlass org/springframework/boot/autoconfigure/SpringBootApplication
instanceKlass org/springframework/core/annotation/TypeMappedAnnotations$IsPresent
instanceKlass org/springframework/context/annotation/Conditional
instanceKlass org/springframework/core/type/StandardClassMetadata
instanceKlass org/springframework/core/type/AnnotationMetadata
instanceKlass org/springframework/core/type/ClassMetadata
instanceKlass org/springframework/util/xml/XmlValidationModeDetector
instanceKlass org/springframework/util/xml/SimpleSaxErrorHandler
instanceKlass org/springframework/beans/factory/xml/DefaultDocumentLoader
instanceKlass org/springframework/beans/factory/parsing/NullSourceExtractor
instanceKlass org/springframework/beans/factory/parsing/EmptyReaderEventListener
instanceKlass org/springframework/beans/factory/parsing/FailFastProblemReporter
instanceKlass org/springframework/beans/factory/xml/DefaultBeanDefinitionDocumentReader
instanceKlass org/springframework/beans/factory/xml/BeanDefinitionDocumentReader
instanceKlass org/springframework/beans/factory/support/DefaultBeanNameGenerator
instanceKlass org/xml/sax/EntityResolver
instanceKlass org/springframework/beans/factory/xml/NamespaceHandlerResolver
instanceKlass org/xml/sax/ErrorHandler
instanceKlass org/springframework/beans/factory/xml/DocumentLoader
instanceKlass org/springframework/beans/factory/parsing/SourceExtractor
instanceKlass org/springframework/beans/factory/parsing/ReaderEventListener
instanceKlass org/springframework/beans/factory/parsing/ProblemReporter
instanceKlass org/springframework/beans/factory/support/AbstractBeanDefinitionReader
instanceKlass org/springframework/beans/factory/support/BeanDefinitionReader
instanceKlass org/springframework/boot/BeanDefinitionLoader
instanceKlass org/springframework/boot/SpringApplication$PropertySourceOrderingBeanFactoryPostProcessor
instanceKlass ch/qos/logback/core/pattern/SpacePadder
instanceKlass java/time/format/DateTimeFormatterBuilder$2
instanceKlass java/time/temporal/TemporalQueries$7
instanceKlass java/time/temporal/TemporalQueries$6
instanceKlass java/time/temporal/TemporalQueries$5
instanceKlass java/time/temporal/TemporalQueries$4
instanceKlass java/time/temporal/TemporalQueries$3
instanceKlass java/time/temporal/TemporalQueries$2
instanceKlass java/time/temporal/TemporalQueries$1
instanceKlass java/time/temporal/TemporalQueries
instanceKlass ch/qos/logback/core/util/StringUtil
instanceKlass ch/qos/logback/classic/spi/EventArgUtil
instanceKlass ch/qos/logback/classic/spi/IThrowableProxy
instanceKlass ch/qos/logback/classic/spi/LoggingEvent
instanceKlass java/util/Base64$Encoder
instanceKlass java/util/Base64$Decoder
instanceKlass java/util/Base64
instanceKlass java/security/cert/CertPathValidatorException$Reason
instanceKlass java/time/Instant$1
instanceKlass java/time/format/DateTimePrintContext
instanceKlass javax/crypto/SecretKey
instanceKlass sun/security/util/Length
instanceKlass sun/security/util/KeyUtil
instanceKlass java/security/interfaces/XECKey
instanceKlass java/security/interfaces/ECKey
instanceKlass sun/security/util/JarConstraintsParameters
instanceKlass sun/security/util/ConstraintsParameters
instanceKlass java/security/spec/DSAParameterSpec
instanceKlass java/security/interfaces/DSAParams
instanceKlass java/security/interfaces/DSAPrivateKey
instanceKlass java/security/Timestamp
instanceKlass sun/security/timestamp/TimestampToken
instanceKlass java/security/cert/CertPath
instanceKlass java/math/MutableBigInteger
instanceKlass sun/security/rsa/RSAPadding
instanceKlass sun/security/rsa/RSACore
instanceKlass java/security/interfaces/RSAPrivateCrtKey
instanceKlass sun/security/pkcs/PKCS8Key
instanceKlass java/security/interfaces/RSAPrivateKey
instanceKlass java/security/PrivateKey
instanceKlass javax/security/auth/Destroyable
instanceKlass sun/security/jca/ServiceId
instanceKlass java/security/Signature$1
instanceKlass jdk/internal/access/JavaSecuritySignatureAccess
instanceKlass java/security/SignatureSpi
instanceKlass jdk/internal/icu/util/CodePointTrie$Data
instanceKlass jdk/internal/icu/util/CodePointTrie$1
instanceKlass jdk/internal/icu/util/CodePointMap
instanceKlass jdk/internal/icu/util/VersionInfo
instanceKlass jdk/internal/icu/impl/ICUBinary$1
instanceKlass jdk/internal/icu/impl/ICUBinary
instanceKlass jdk/internal/icu/impl/NormalizerImpl$IsAcceptable
instanceKlass jdk/internal/icu/impl/ICUBinary$Authenticate
instanceKlass jdk/internal/icu/impl/NormalizerImpl
instanceKlass jdk/internal/icu/impl/Norm2AllModes$Norm2AllModesSingleton
instanceKlass jdk/internal/icu/impl/Norm2AllModes$NFKCSingleton
instanceKlass jdk/internal/icu/impl/Norm2AllModes
instanceKlass jdk/internal/icu/text/Normalizer2
instanceKlass jdk/internal/icu/text/NormalizerBase$ModeImpl
instanceKlass jdk/internal/icu/text/NormalizerBase$NFKDModeImpl
instanceKlass jdk/internal/icu/text/NormalizerBase$1
instanceKlass jdk/internal/icu/text/NormalizerBase$Mode
instanceKlass jdk/internal/icu/text/NormalizerBase
instanceKlass java/text/Normalizer
instanceKlass sun/security/x509/AVAKeyword
instanceKlass sun/security/util/SignatureUtil
instanceKlass sun/security/provider/ByteArrayAccess$BE
instanceKlass sun/security/pkcs/ESSCertId
instanceKlass sun/security/pkcs/SigningCertificateInfo
instanceKlass sun/security/x509/AccessDescription
instanceKlass sun/security/x509/DNSName
instanceKlass sun/security/x509/URIName
instanceKlass sun/security/x509/DistributionPoint
instanceKlass java/security/cert/PolicyQualifierInfo
instanceKlass sun/security/x509/CertificatePolicyId
instanceKlass sun/security/x509/PolicyInformation
instanceKlass sun/security/rsa/RSAUtil
instanceKlass java/security/interfaces/RSAPublicKey
instanceKlass java/security/interfaces/RSAKey
instanceKlass java/security/spec/PSSParameterSpec
instanceKlass java/security/spec/RSAPrivateKeySpec
instanceKlass java/security/spec/RSAPublicKeySpec
instanceKlass sun/security/rsa/SunRsaSignEntries
instanceKlass sun/security/pkcs/PKCS9Attribute
instanceKlass sun/security/pkcs/PKCS9Attributes
instanceKlass sun/security/util/DisabledAlgorithmConstraints$Constraints$Holder
instanceKlass sun/security/util/DisabledAlgorithmConstraints$1
instanceKlass sun/security/util/DisabledAlgorithmConstraints$Constraint
instanceKlass java/security/spec/ECFieldF2m
instanceKlass java/security/spec/ECParameterSpec
instanceKlass java/security/spec/AlgorithmParameterSpec
instanceKlass java/security/spec/ECPoint
instanceKlass java/security/spec/EllipticCurve
instanceKlass java/security/spec/ECFieldFp
instanceKlass java/security/spec/ECField
instanceKlass sun/security/util/CurveDB
instanceKlass sun/security/util/DisabledAlgorithmConstraints$Constraints
instanceKlass sun/security/util/AbstractAlgorithmConstraints$1
instanceKlass sun/security/util/AlgorithmDecomposer
instanceKlass sun/security/util/DisabledAlgorithmConstraints$JarHolder
instanceKlass sun/security/util/AbstractAlgorithmConstraints
instanceKlass java/security/AlgorithmConstraints
instanceKlass sun/security/pkcs/SignerInfo
instanceKlass sun/security/x509/RFC822Name
instanceKlass sun/security/x509/GeneralName
instanceKlass jdk/internal/misc/ThreadTracker
instanceKlass jdk/internal/event/EventHelper$ThreadTrackHolder
instanceKlass jdk/internal/event/EventHelper
instanceKlass sun/security/jca/JCAUtil
instanceKlass sun/security/util/MemoryCache$CacheEntry
instanceKlass sun/security/x509/X509AttributeName
instanceKlass sun/security/x509/GeneralNames
instanceKlass sun/security/x509/KeyIdentifier
instanceKlass sun/security/x509/NetscapeCertTypeExtension$MapEntry
instanceKlass sun/security/x509/OIDMap$OIDInfo
instanceKlass sun/security/x509/PKIXExtensions
instanceKlass sun/security/x509/OIDMap
instanceKlass sun/security/x509/Extension
instanceKlass java/security/cert/Extension
instanceKlass sun/security/x509/CertificateExtensions
instanceKlass sun/security/util/IOUtils
instanceKlass java/security/interfaces/DSAPublicKey
instanceKlass java/security/interfaces/DSAKey
instanceKlass java/security/spec/DSAPublicKeySpec
instanceKlass java/security/KeyFactorySpi
instanceKlass sun/security/jca/ProviderList$ServiceList$1
instanceKlass java/security/KeyFactory
instanceKlass java/security/spec/EncodedKeySpec$1
instanceKlass jdk/internal/access/JavaSecuritySpecAccess
instanceKlass java/security/spec/EncodedKeySpec
instanceKlass java/security/spec/KeySpec
instanceKlass sun/security/util/BitArray
instanceKlass java/security/AlgorithmParametersSpi
instanceKlass java/security/AlgorithmParameters
instanceKlass sun/security/x509/X509Key
instanceKlass java/security/PublicKey
instanceKlass java/security/Key
instanceKlass sun/security/x509/CertificateX509Key
instanceKlass sun/util/calendar/CalendarUtils
instanceKlass sun/util/calendar/CalendarDate
instanceKlass sun/util/calendar/CalendarSystem$GregorianHolder
instanceKlass sun/util/calendar/CalendarSystem
instanceKlass sun/security/x509/CertificateValidity
instanceKlass sun/security/x509/AVA
instanceKlass sun/security/x509/RDN
instanceKlass javax/security/auth/x500/X500Principal
instanceKlass sun/security/x509/X500Name$1
instanceKlass sun/security/x509/X500Name
instanceKlass sun/security/x509/GeneralNameInterface
instanceKlass sun/security/x509/CertificateAlgorithmId
instanceKlass sun/security/x509/SerialNumber
instanceKlass sun/security/x509/CertificateSerialNumber
instanceKlass sun/security/x509/CertificateVersion
instanceKlass sun/security/x509/X509CertInfo
instanceKlass sun/security/x509/CertAttrSet
instanceKlass sun/security/util/Cache$EqualByteArray
instanceKlass java/security/cert/X509Extension
instanceKlass sun/security/util/Cache
instanceKlass java/security/cert/CertificateFactorySpi
instanceKlass java/security/cert/CertificateFactory
instanceKlass sun/security/x509/AlgorithmId
instanceKlass sun/security/util/ByteArrayTagOrder
instanceKlass sun/security/util/ByteArrayLexOrder
instanceKlass sun/security/util/DerEncoder
instanceKlass sun/security/util/DerValue
instanceKlass sun/security/util/ObjectIdentifier
instanceKlass sun/security/pkcs/ContentInfo
instanceKlass sun/security/util/DerInputStream
instanceKlass sun/security/pkcs/PKCS7
instanceKlass sun/security/util/ManifestDigester$Section
instanceKlass sun/security/util/ManifestDigester$Entry
instanceKlass sun/security/util/ManifestDigester$Position
instanceKlass sun/security/util/ManifestDigester
instanceKlass sun/security/util/ManifestEntryVerifier
instanceKlass java/security/CodeSigner
instanceKlass java/util/jar/JarVerifier
instanceKlass org/springframework/boot/system/ApplicationHome
instanceKlass org/springframework/boot/StartupInfoLogger
instanceKlass org/springframework/boot/autoconfigure/logging/ConditionEvaluationReportLogger
instanceKlass org/springframework/boot/autoconfigure/condition/ConditionEvaluationReport$AncestorsMatchedCondition
instanceKlass org/springframework/context/annotation/Condition
instanceKlass org/springframework/boot/autoconfigure/condition/ConditionEvaluationReport
instanceKlass org/springframework/boot/autoconfigure/logging/ConditionEvaluationReportLoggingListener$ConditionEvaluationReportListener
instanceKlass org/springframework/boot/rsocket/context/RSocketPortInfoApplicationContextInitializer$Listener
instanceKlass org/springframework/boot/context/ConfigurationWarningsApplicationContextInitializer$ComponentScanPackageCheck
instanceKlass org/springframework/boot/context/ConfigurationWarningsApplicationContextInitializer$Check
instanceKlass org/springframework/boot/context/ConfigurationWarningsApplicationContextInitializer$ConfigurationWarningsPostProcessor
instanceKlass org/springframework/boot/context/ContextIdApplicationContextInitializer$ContextId
instanceKlass org/springframework/boot/autoconfigure/SharedMetadataReaderFactoryContextInitializer$CachingMetadataReaderFactoryPostProcessor
instanceKlass org/springframework/context/index/CandidateComponentsIndex
instanceKlass org/springframework/context/index/CandidateComponentsIndexLoader
instanceKlass org/springframework/core/type/classreading/MetadataReader
instanceKlass org/springframework/core/type/classreading/SimpleMetadataReaderFactory
instanceKlass org/springframework/core/io/support/ResourcePatternUtils
instanceKlass jakarta/inject/Named
instanceKlass java/lang/Deprecated
instanceKlass jakarta/annotation/ManagedBean
instanceKlass org/springframework/stereotype/Indexed
instanceKlass org/springframework/stereotype/Component
instanceKlass org/springframework/core/type/filter/AbstractTypeHierarchyTraversingFilter
instanceKlass org/springframework/core/type/filter/TypeFilter
instanceKlass org/springframework/beans/factory/support/BeanDefinitionDefaults
instanceKlass org/springframework/core/type/classreading/MetadataReaderFactory
instanceKlass org/springframework/context/annotation/ClassPathScanningCandidateComponentProvider
instanceKlass org/springframework/context/event/DefaultEventListenerFactory
instanceKlass org/springframework/context/event/EventListenerFactory
instanceKlass org/springframework/context/event/EventListenerMethodProcessor
instanceKlass org/springframework/beans/factory/SmartInitializingSingleton
instanceKlass org/springframework/beans/factory/annotation/InitDestroyAnnotationBeanPostProcessor
instanceKlass org/springframework/beans/factory/annotation/AutowiredAnnotationBeanPostProcessor
instanceKlass org/springframework/beans/factory/config/SmartInstantiationAwareBeanPostProcessor
instanceKlass org/springframework/beans/factory/config/BeanDefinitionHolder
instanceKlass org/springframework/beans/factory/support/MethodOverrides
instanceKlass org/springframework/context/annotation/ConfigurationClassPostProcessor
instanceKlass org/springframework/context/EnvironmentAware
instanceKlass org/springframework/context/ApplicationStartupAware
instanceKlass org/springframework/context/ResourceLoaderAware
instanceKlass org/springframework/beans/factory/support/BeanDefinitionRegistryPostProcessor
instanceKlass jakarta/inject/Qualifier
instanceKlass org/springframework/beans/factory/annotation/Qualifier
instanceKlass org/springframework/beans/factory/annotation/Value
instanceKlass org/springframework/aop/TargetSource
instanceKlass org/springframework/orm/jpa/support/PersistenceAnnotationBeanPostProcessor
instanceKlass org/springframework/beans/factory/aot/BeanRegistrationAotProcessor
instanceKlass org/springframework/beans/factory/support/MergedBeanDefinitionPostProcessor
instanceKlass org/springframework/beans/factory/config/DestructionAwareBeanPostProcessor
instanceKlass org/springframework/beans/factory/config/InstantiationAwareBeanPostProcessor
instanceKlass jakarta/persistence/EntityManagerFactory
instanceKlass jakarta/annotation/PostConstruct
instanceKlass org/springframework/context/annotation/AnnotationConfigUtils
instanceKlass org/springframework/context/annotation/ConditionEvaluator$ConditionContextImpl
instanceKlass org/springframework/context/annotation/ConditionContext
instanceKlass org/springframework/context/annotation/ConditionEvaluator
instanceKlass org/springframework/context/annotation/Scope
instanceKlass org/springframework/context/annotation/AnnotationScopeMetadataResolver
instanceKlass java/util/RegularEnumSet$EnumSetIterator
instanceKlass org/springframework/context/annotation/AnnotationBeanNameGenerator
instanceKlass org/springframework/beans/factory/annotation/AnnotatedBeanDefinition
instanceKlass org/springframework/core/type/AnnotatedTypeMetadata
instanceKlass org/springframework/context/annotation/ScopeMetadataResolver
instanceKlass org/springframework/beans/factory/support/BeanNameGenerator
instanceKlass org/springframework/context/annotation/AnnotatedBeanDefinitionReader
instanceKlass org/springframework/beans/factory/support/SimpleAutowireCandidateResolver
instanceKlass org/springframework/beans/factory/support/SimpleInstantiationStrategy
instanceKlass org/springframework/beans/factory/BeanNameAware
instanceKlass jakarta/inject/Provider
instanceKlass org/springframework/beans/factory/ObjectProvider
instanceKlass org/springframework/beans/factory/ObjectFactory
instanceKlass org/springframework/beans/factory/support/AutowireCandidateResolver
instanceKlass org/springframework/beans/factory/InjectionPoint
instanceKlass org/springframework/core/AttributeAccessorSupport
instanceKlass org/springframework/util/ReflectionUtils$MethodCallback
instanceKlass org/springframework/beans/PropertyValues
instanceKlass org/springframework/beans/BeanWrapper
instanceKlass org/springframework/beans/ConfigurablePropertyAccessor
instanceKlass org/springframework/beans/PropertyAccessor
instanceKlass org/springframework/beans/factory/support/InstantiationStrategy
instanceKlass org/springframework/beans/factory/DisposableBean
instanceKlass org/springframework/core/SimpleAliasRegistry
instanceKlass org/springframework/beans/factory/config/BeanDefinition
instanceKlass org/springframework/beans/BeanMetadataElement
instanceKlass org/springframework/core/AttributeAccessor
instanceKlass org/springframework/beans/factory/config/ConfigurableListableBeanFactory
instanceKlass org/springframework/beans/PropertyEditorRegistrar
instanceKlass org/springframework/beans/factory/config/BeanExpressionResolver
instanceKlass org/springframework/context/LifecycleProcessor
instanceKlass org/springframework/core/SmartClassLoader
instanceKlass org/springframework/beans/factory/config/BeanPostProcessor
instanceKlass org/springframework/beans/factory/config/AutowireCapableBeanFactory
instanceKlass org/springframework/beans/factory/support/BeanDefinitionRegistry
instanceKlass org/springframework/core/AliasRegistry
instanceKlass org/springframework/context/annotation/AnnotationConfigRegistry
instanceKlass org/springframework/boot/SpringApplicationBannerPrinter$PrintedBanner
instanceKlass java/io/Console$2
instanceKlass jdk/internal/access/JavaIOAccess
instanceKlass java/io/Console
instanceKlass org/springframework/boot/SpringBootVersion
instanceKlass org/springframework/core/io/ContextResource
instanceKlass org/springframework/boot/SpringBootBanner
instanceKlass org/springframework/boot/autoconfigure/BackgroundPreinitializer$JdkInitializer
instanceKlass org/springframework/boot/Banner
instanceKlass org/springframework/boot/SpringApplicationBannerPrinter
instanceKlass org/springframework/boot/autoconfigure/BackgroundPreinitializer$TomcatInitializer
instanceKlass org/springframework/boot/autoconfigure/BackgroundPreinitializer$CharsetInitializer
instanceKlass org/springframework/boot/autoconfigure/BackgroundPreinitializer$JacksonInitializer
instanceKlass org/springframework/boot/autoconfigure/BackgroundPreinitializer$MessageConverterInitializer
instanceKlass org/springframework/boot/EnvironmentConverter
instanceKlass org/springframework/boot/autoconfigure/BackgroundPreinitializer$ValidationInitializer
instanceKlass org/springframework/boot/autoconfigure/BackgroundPreinitializer$ConversionServiceInitializer
instanceKlass org/springframework/boot/autoconfigure/BackgroundPreinitializer$1
instanceKlass org/springframework/core/convert/support/ConversionUtils
instanceKlass org/springframework/boot/convert/LenientObjectToEnumConverterFactory$LenientToEnumConverter
instanceKlass java/lang/Short$ShortCache
instanceKlass java/lang/Byte$ByteCache
instanceKlass org/springframework/beans/BeanUtils
instanceKlass org/springframework/util/AntPathMatcher$PathSeparatorPatternCache
instanceKlass org/springframework/util/AntPathMatcher
instanceKlass sun/nio/fs/ExtendedFileSystemProvider
instanceKlass org/springframework/util/PathMatcher
instanceKlass org/springframework/core/io/support/PathMatchingResourcePatternResolver
instanceKlass org/xml/sax/InputSource
instanceKlass java/util/concurrent/ConcurrentLinkedDeque$AbstractItr
instanceKlass org/springframework/core/convert/support/GenericConversionService$ConverterCacheKey
instanceKlass org/springframework/util/PropertyPlaceholderHelper$PlaceholderResolver
instanceKlass org/springframework/boot/context/properties/source/ConfigurationProperty
instanceKlass org/springframework/boot/origin/PropertySourceOrigin
instanceKlass ch/qos/logback/classic/pattern/TargetLengthBasedClassNameAbbreviator
instanceKlass ch/qos/logback/core/pattern/ConverterUtil
instanceKlass ch/qos/logback/classic/pattern/NamedConverter$CacheMissCalculator
instanceKlass ch/qos/logback/classic/pattern/Abbreviator
instanceKlass ch/qos/logback/core/pattern/FormatInfo
instanceKlass ch/qos/logback/core/pattern/util/AsIsEscapeUtil
instanceKlass ch/qos/logback/core/pattern/parser/OptionTokenizer
instanceKlass ch/qos/logback/core/pattern/util/RestrictedEscapeUtil
instanceKlass ch/qos/logback/core/pattern/parser/TokenStream
instanceKlass ch/qos/logback/core/pattern/util/RegularEscapeUtil
instanceKlass ch/qos/logback/classic/pattern/EnsureExceptionHandling
instanceKlass ch/qos/logback/core/pattern/parser/Token
instanceKlass ch/qos/logback/core/pattern/parser/Node
instanceKlass ch/qos/logback/core/pattern/util/IEscapeUtil
instanceKlass ch/qos/logback/core/pattern/PostCompileProcessor
instanceKlass java/util/logging/Logger$SystemLoggerHelper$1
instanceKlass java/util/logging/Logger$SystemLoggerHelper
instanceKlass ch/qos/logback/classic/jul/JULHelper
instanceKlass java/util/Vector$Itr
instanceKlass ch/qos/logback/core/subst/NodeToStringTransformer$1
instanceKlass ch/qos/logback/core/CoreConstants
instanceKlass ch/qos/logback/core/subst/Node
instanceKlass ch/qos/logback/core/subst/Parser$1
instanceKlass ch/qos/logback/core/subst/Parser
instanceKlass ch/qos/logback/core/subst/Token
instanceKlass ch/qos/logback/core/subst/Tokenizer
instanceKlass ch/qos/logback/core/subst/NodeToStringTransformer
instanceKlass ch/qos/logback/core/rolling/RollingPolicy
instanceKlass org/springframework/boot/logging/logback/DefaultLogbackConfiguration
instanceKlass ch/qos/logback/core/util/ExecutorServiceUtil$1
instanceKlass java/util/concurrent/ScheduledExecutorService
instanceKlass ch/qos/logback/core/util/ExecutorServiceUtil
instanceKlass ch/qos/logback/core/LifeCycleManager
instanceKlass org/springframework/aot/AotDetector
instanceKlass org/springframework/boot/logging/LoggingInitializationContext
instanceKlass org/springframework/boot/logging/LoggerGroup
instanceKlass org/springframework/boot/logging/LoggerGroups
instanceKlass org/springframework/boot/logging/LogFile
instanceKlass java/util/concurrent/SynchronousQueue$TransferStack$SNode
instanceKlass java/util/concurrent/SynchronousQueue$Transferer
instanceKlass jdk/internal/util/random/RandomSupport
instanceKlass java/lang/ProcessHandleImpl
instanceKlass java/lang/ProcessHandle
instanceKlass org/springframework/boot/system/ApplicationPid
instanceKlass org/jboss/logging/Logger
instanceKlass org/jboss/logging/BasicLogger
instanceKlass org/springframework/boot/ansi/AnsiElement
instanceKlass org/springframework/boot/ansi/AnsiOutput
instanceKlass org/springframework/boot/context/properties/bind/MapBinder$EntryBinder
instanceKlass org/springframework/core/CollectionFactory
instanceKlass org/springframework/boot/context/config/Profiles
instanceKlass org/springframework/boot/context/config/ConfigDataEnvironmentContributors$InactiveSourceChecker
instanceKlass org/springframework/boot/context/properties/bind/DefaultValue
instanceKlass org/springframework/boot/context/properties/bind/DataObjectPropertyName
instanceKlass org/springframework/boot/context/properties/bind/ValueObjectBinder$ConstructorParameter
instanceKlass org/springframework/core/SerializableTypeWrapper$MethodInvokeTypeProvider
instanceKlass org/springframework/core/SerializableTypeWrapper$TypeProxyInvocationHandler
instanceKlass sun/reflect/generics/tree/MethodTypeSignature
instanceKlass sun/reflect/generics/tree/VoidDescriptor
instanceKlass org/springframework/core/SerializableTypeWrapper$MethodParameterTypeProvider
instanceKlass org/springframework/core/MethodParameter
instanceKlass org/springframework/boot/context/properties/bind/Name
instanceKlass org/springframework/boot/context/properties/bind/ConstructorBinding
instanceKlass org/springframework/beans/factory/annotation/Autowired
instanceKlass org/springframework/boot/context/config/ConfigDataProperties$Activate
instanceKlass org/springframework/boot/context/properties/bind/DefaultBindConstructorProvider$Constructors
instanceKlass org/springframework/boot/context/properties/bind/AbstractBindHandler
instanceKlass org/springframework/boot/context/config/ConfigDataEnvironmentContributorPlaceholdersResolver
instanceKlass org/springframework/boot/origin/OriginTrackedValue
instanceKlass org/springframework/boot/origin/TextResourceOrigin
instanceKlass org/springframework/boot/origin/TextResourceOrigin$Location
instanceKlass sun/net/DefaultProgressMeteringPolicy
instanceKlass sun/net/ProgressMeteringPolicy
instanceKlass sun/net/ProgressMonitor
instanceKlass org/springframework/boot/env/OriginTrackedPropertiesLoader$CharacterReader
instanceKlass org/springframework/boot/env/OriginTrackedPropertiesLoader$Document
instanceKlass org/springframework/boot/env/OriginTrackedPropertiesLoader
instanceKlass org/springframework/boot/origin/OriginTrackedResource
instanceKlass org/springframework/boot/context/config/ConfigData
instanceKlass org/springframework/boot/context/config/ConfigDataResolutionResult
instanceKlass org/springframework/core/io/WritableResource
instanceKlass org/springframework/boot/context/config/StandardConfigDataReference
instanceKlass org/springframework/boot/context/config/ConfigDataEnvironmentContributors$ContributorDataLoaderContext
instanceKlass org/springframework/boot/context/config/ConfigDataEnvironmentContributors$ContributorConfigDataLocationResolverContext
instanceKlass org/springframework/boot/context/config/ConfigDataEnvironmentContributor$ContributorIterator
instanceKlass org/springframework/boot/BootstrapRegistry$InstanceSupplier$1
instanceKlass org/springframework/boot/BootstrapRegistry$InstanceSupplier
instanceKlass org/springframework/boot/context/config/ConfigDataActivationContext
instanceKlass org/springframework/boot/context/config/ConfigDataImporter
instanceKlass org/springframework/boot/context/config/ConfigDataLocationResolverContext
instanceKlass org/springframework/boot/context/config/ConfigDataLoaderContext
instanceKlass org/springframework/boot/context/config/ConfigDataEnvironmentContributors
instanceKlass org/springframework/boot/context/config/ConfigDataProperties
instanceKlass org/springframework/boot/context/config/ConfigDataEnvironmentContributor
instanceKlass org/springframework/boot/context/config/ConfigData$Options
instanceKlass org/springframework/boot/context/config/ConfigData$AlwaysPropertySourceOptions
instanceKlass org/springframework/boot/context/config/ConfigData$PropertySourceOptions
instanceKlass org/springframework/boot/context/config/StandardConfigDataLoader
instanceKlass org/springframework/boot/context/config/ConfigDataResource
instanceKlass org/springframework/boot/context/config/ConfigTreeConfigDataLoader
instanceKlass org/springframework/boot/context/config/ConfigDataLoader
instanceKlass org/springframework/boot/context/config/ConfigDataLoaders
instanceKlass org/springframework/boot/context/config/ConfigDataEnvironmentUpdateListener$1
instanceKlass org/springframework/boot/context/config/ConfigDataEnvironmentUpdateListener
instanceKlass java/util/function/BooleanSupplier
instanceKlass java/util/stream/StreamSpliterators
instanceKlass java/util/stream/StreamSpliterators$AbstractWrappingSpliterator
instanceKlass org/springframework/boot/context/properties/source/FilteredConfigurationPropertiesSource
instanceKlass org/springframework/boot/context/properties/bind/AggregateBinder$AggregateSupplier
instanceKlass org/springframework/boot/context/properties/bind/AggregateElementBinder
instanceKlass org/springframework/boot/env/YamlPropertySourceLoader
instanceKlass org/springframework/boot/env/PropertiesPropertySourceLoader
instanceKlass org/springframework/boot/env/PropertySourceLoader
instanceKlass org/springframework/boot/context/config/StandardConfigDataLocationResolver
instanceKlass org/springframework/boot/context/config/LocationResourceLoader
instanceKlass org/springframework/boot/context/config/ConfigTreeConfigDataLocationResolver
instanceKlass org/springframework/boot/context/config/ConfigDataLocationResolver
instanceKlass org/springframework/boot/context/config/ConfigDataLocationResolvers
instanceKlass org/springframework/boot/context/properties/bind/BindResult
instanceKlass org/springframework/boot/context/properties/bind/JavaBeanBinder$BeanProperties
instanceKlass org/springframework/boot/context/properties/bind/ValueObjectBinder$ValueObject
instanceKlass org/springframework/core/StandardReflectionParameterNameDiscoverer
instanceKlass org/springframework/core/PrioritizedParameterNameDiscoverer
instanceKlass org/springframework/boot/context/properties/bind/ValueObjectBinder$Discoverer
instanceKlass org/springframework/core/ParameterNameDiscoverer
instanceKlass java/util/AbstractList$RandomAccessSpliterator
instanceKlass org/springframework/boot/context/properties/bind/DataObjectPropertyBinder
instanceKlass org/springframework/boot/context/properties/bind/Binder$Context
instanceKlass org/springframework/boot/context/properties/bind/JavaBeanBinder
instanceKlass org/springframework/boot/context/properties/bind/ValueObjectBinder
instanceKlass org/springframework/boot/context/properties/bind/DataObjectBinder
instanceKlass org/springframework/boot/context/properties/bind/DefaultBindConstructorProvider
instanceKlass org/springframework/boot/context/properties/bind/BindConstructorProvider
instanceKlass org/springframework/boot/context/properties/bind/BindHandler$1
instanceKlass org/springframework/boot/context/properties/bind/BindHandler
instanceKlass org/springframework/beans/TypeConverterDelegate
instanceKlass org/springframework/beans/PropertyEditorRegistrySupport
instanceKlass org/springframework/beans/PropertyEditorRegistry
instanceKlass org/springframework/beans/TypeConverter
instanceKlass java/beans/PropertyEditorSupport
instanceKlass java/beans/PropertyEditor
instanceKlass org/springframework/boot/context/properties/bind/BindConverter$TypeConverterConverter
instanceKlass org/springframework/boot/context/properties/bind/BindConverter
instanceKlass org/springframework/util/PropertyPlaceholderHelper
instanceKlass org/springframework/boot/context/properties/bind/PropertySourcesPlaceholdersResolver
instanceKlass org/springframework/boot/context/properties/bind/AggregateBinder
instanceKlass org/springframework/boot/context/properties/bind/BindContext
instanceKlass org/springframework/boot/context/properties/bind/Binder
instanceKlass org/springframework/boot/context/config/ConfigDataLocation
instanceKlass org/springframework/boot/context/properties/bind/PlaceholdersResolver
instanceKlass org/springframework/boot/origin/OriginProvider
instanceKlass org/springframework/boot/context/config/ConfigDataEnvironment
instanceKlass org/springframework/core/io/DefaultResourceLoader
instanceKlass org/springframework/boot/env/SpringApplicationJsonEnvironmentPostProcessor$JsonPropertyValue
instanceKlass java/util/stream/MatchOps$BooleanTerminalSink
instanceKlass java/util/stream/MatchOps$MatchOp
instanceKlass java/util/stream/MatchOps
instanceKlass org/springframework/boot/context/properties/source/ConfigurationPropertyName$ElementCharPredicate
instanceKlass java/util/function/UnaryOperator
instanceKlass org/springframework/boot/context/properties/source/SpringIterableConfigurationPropertySource$Mappings
instanceKlass org/springframework/boot/context/properties/source/DefaultPropertyMapper$LastMapping
instanceKlass org/springframework/boot/context/properties/source/SoftReferenceConfigurationPropertyCache
instanceKlass org/springframework/boot/context/properties/source/ConfigurationPropertyCaching
instanceKlass org/springframework/boot/context/properties/source/SystemEnvironmentPropertyMapper
instanceKlass java/util/function/BiPredicate
instanceKlass org/springframework/boot/context/properties/source/DefaultPropertyMapper
instanceKlass org/springframework/boot/context/properties/source/PropertyMapper
instanceKlass org/springframework/boot/context/properties/source/CachingConfigurationPropertySource
instanceKlass org/springframework/boot/context/properties/source/IterableConfigurationPropertySource
instanceKlass org/springframework/boot/context/properties/source/SpringConfigurationPropertySource
instanceKlass org/springframework/boot/context/properties/source/SpringConfigurationPropertySources$SourcesIterator
instanceKlass org/springframework/boot/origin/Origin
instanceKlass org/springframework/boot/logging/DeferredLog$Line
instanceKlass java/util/Random
instanceKlass java/util/random/RandomGenerator
instanceKlass org/springframework/boot/autoconfigure/integration/IntegrationPropertiesEnvironmentPostProcessor
instanceKlass org/springframework/boot/reactor/ReactorEnvironmentPostProcessor
instanceKlass org/springframework/boot/env/SystemEnvironmentPropertySourceEnvironmentPostProcessor
instanceKlass org/springframework/boot/env/SpringApplicationJsonEnvironmentPostProcessor
instanceKlass org/springframework/boot/env/RandomValuePropertySourceEnvironmentPostProcessor
instanceKlass org/springframework/boot/context/config/ConfigDataEnvironmentPostProcessor
instanceKlass org/springframework/boot/logging/DeferredLog
instanceKlass org/springframework/boot/cloud/CloudFoundryVcapEnvironmentPostProcessor
instanceKlass org/springframework/boot/env/EnvironmentPostProcessor
instanceKlass org/springframework/boot/env/SpringFactoriesEnvironmentPostProcessorsFactory
instanceKlass org/springframework/boot/context/properties/source/ConfigurationPropertySource
instanceKlass org/springframework/boot/context/properties/source/SpringConfigurationPropertySources
instanceKlass org/springframework/boot/convert/CharSequenceToObjectConverter
instanceKlass org/springframework/boot/convert/LenientObjectToEnumConverterFactory
instanceKlass sun/reflect/generics/tree/ByteSignature
instanceKlass org/springframework/boot/convert/InputStreamSourceToByteArrayConverter
instanceKlass org/springframework/boot/convert/StringToFileConverter
instanceKlass org/springframework/boot/convert/NumberToDataSizeConverter
instanceKlass org/springframework/util/unit/DataSize
instanceKlass org/springframework/boot/convert/StringToDataSizeConverter
instanceKlass org/springframework/boot/convert/NumberToPeriodConverter
instanceKlass org/springframework/boot/convert/PeriodToStringConverter
instanceKlass org/springframework/boot/convert/StringToPeriodConverter
instanceKlass org/springframework/boot/convert/DurationToNumberConverter
instanceKlass org/springframework/boot/convert/NumberToDurationConverter
instanceKlass org/springframework/boot/convert/DurationToStringConverter
instanceKlass org/springframework/boot/convert/StringToDurationConverter
instanceKlass org/springframework/boot/convert/DelimitedStringToCollectionConverter
instanceKlass org/springframework/boot/convert/DelimitedStringToArrayConverter
instanceKlass org/springframework/boot/convert/CollectionToDelimitedStringConverter
instanceKlass org/springframework/boot/convert/ArrayToDelimitedStringConverter
instanceKlass org/springframework/boot/convert/IsoOffsetFormatter
instanceKlass org/springframework/boot/convert/InetAddressFormatter
instanceKlass sun/reflect/generics/tree/ArrayTypeSignature
instanceKlass sun/reflect/generics/tree/CharSignature
instanceKlass org/springframework/boot/convert/CharArrayFormatter
instanceKlass org/springframework/format/annotation/DateTimeFormat
instanceKlass org/springframework/format/datetime/standard/MonthDayFormatter
instanceKlass java/time/MonthDay
instanceKlass org/springframework/format/datetime/standard/YearMonthFormatter
instanceKlass java/time/YearMonth
instanceKlass org/springframework/format/datetime/standard/MonthFormatter
instanceKlass org/springframework/format/datetime/standard/YearFormatter
instanceKlass java/time/Year
instanceKlass org/springframework/format/datetime/standard/DurationFormatter
instanceKlass org/springframework/format/datetime/standard/PeriodFormatter
instanceKlass org/springframework/format/datetime/standard/InstantFormatter
instanceKlass java/time/OffsetTime
instanceKlass org/springframework/format/support/FormattingConversionService$ParserConverter
instanceKlass org/springframework/format/support/FormattingConversionService$PrinterConverter
instanceKlass org/springframework/format/datetime/standard/TemporalAccessorParser
instanceKlass org/springframework/format/datetime/standard/TemporalAccessorPrinter
instanceKlass java/time/format/DateTimeFormatterBuilder$LocalizedPrinterParser
instanceKlass org/springframework/format/datetime/standard/DateTimeFormatterRegistrar$1
instanceKlass org/springframework/format/datetime/standard/DateTimeConverters$InstantToLongConverter
instanceKlass org/springframework/format/datetime/standard/DateTimeConverters$LongToInstantConverter
instanceKlass org/springframework/format/datetime/standard/DateTimeConverters$CalendarToInstantConverter
instanceKlass org/springframework/format/datetime/standard/DateTimeConverters$CalendarToLocalDateTimeConverter
instanceKlass org/springframework/format/datetime/standard/DateTimeConverters$CalendarToLocalTimeConverter
instanceKlass org/springframework/format/datetime/standard/DateTimeConverters$CalendarToLocalDateConverter
instanceKlass org/springframework/format/datetime/standard/DateTimeConverters$CalendarToOffsetDateTimeConverter
instanceKlass org/springframework/format/datetime/standard/DateTimeConverters$CalendarToZonedDateTimeConverter
instanceKlass org/springframework/format/datetime/standard/DateTimeConverters$OffsetDateTimeToInstantConverter
instanceKlass org/springframework/format/datetime/standard/DateTimeConverters$OffsetDateTimeToZonedDateTimeConverter
instanceKlass org/springframework/format/datetime/standard/DateTimeConverters$OffsetDateTimeToLocalDateTimeConverter
instanceKlass org/springframework/format/datetime/standard/DateTimeConverters$OffsetDateTimeToLocalTimeConverter
instanceKlass org/springframework/format/datetime/standard/DateTimeConverters$OffsetDateTimeToLocalDateConverter
instanceKlass org/springframework/format/datetime/standard/DateTimeConverters$ZonedDateTimeToInstantConverter
instanceKlass java/time/OffsetDateTime
instanceKlass org/springframework/format/datetime/standard/DateTimeConverters$ZonedDateTimeToOffsetDateTimeConverter
instanceKlass org/springframework/format/datetime/standard/DateTimeConverters$ZonedDateTimeToLocalDateTimeConverter
instanceKlass org/springframework/format/datetime/standard/DateTimeConverters$ZonedDateTimeToLocalTimeConverter
instanceKlass org/springframework/format/datetime/standard/DateTimeConverters$ZonedDateTimeToLocalDateConverter
instanceKlass org/springframework/format/datetime/standard/DateTimeConverters$LocalDateTimeToLocalTimeConverter
instanceKlass org/springframework/format/datetime/standard/DateTimeConverters$LocalDateTimeToLocalDateConverter
instanceKlass org/springframework/format/datetime/DateFormatterRegistrar$LongToCalendarConverter
instanceKlass org/springframework/format/datetime/DateFormatterRegistrar$LongToDateConverter
instanceKlass org/springframework/format/datetime/DateFormatterRegistrar$CalendarToLongConverter
instanceKlass org/springframework/format/datetime/DateFormatterRegistrar$CalendarToDateConverter
instanceKlass org/springframework/format/datetime/DateFormatterRegistrar$DateToCalendarConverter
instanceKlass org/springframework/format/datetime/DateFormatterRegistrar$DateToLongConverter
instanceKlass org/springframework/format/datetime/DateFormatterRegistrar
instanceKlass org/springframework/format/datetime/standard/DateTimeConverters
instanceKlass org/springframework/format/datetime/standard/DateTimeFormatterFactory
instanceKlass org/springframework/format/datetime/standard/DateTimeFormatterRegistrar
instanceKlass org/springframework/format/FormatterRegistrar
instanceKlass org/springframework/format/support/FormattingConversionService$AnnotationParserConverter
instanceKlass org/springframework/format/support/FormattingConversionService$AnnotationPrinterConverter
instanceKlass org/springframework/util/NumberUtils
instanceKlass org/springframework/format/annotation/NumberFormat
instanceKlass org/springframework/core/GenericTypeResolver
instanceKlass org/springframework/context/support/EmbeddedValueResolutionSupport
instanceKlass org/springframework/format/AnnotationFormatterFactory
instanceKlass org/springframework/core/convert/support/ObjectToOptionalConverter
instanceKlass org/springframework/core/convert/support/FallbackObjectToStringConverter
instanceKlass org/springframework/core/convert/support/IdToEntityConverter
instanceKlass org/springframework/core/convert/support/ObjectToObjectConverter
instanceKlass org/springframework/core/convert/support/ZonedDateTimeToCalendarConverter
instanceKlass org/springframework/core/convert/support/ZoneIdToTimeZoneConverter
instanceKlass org/springframework/core/convert/support/StringToTimeZoneConverter
instanceKlass org/springframework/core/convert/support/ByteBufferConverter
instanceKlass org/springframework/core/convert/TypeDescriptor$AnnotatedElementAdapter
instanceKlass org/springframework/core/convert/TypeDescriptor
instanceKlass org/springframework/core/convert/support/StreamConverter
instanceKlass org/springframework/core/convert/support/ObjectToCollectionConverter
instanceKlass org/springframework/core/convert/support/CollectionToObjectConverter
instanceKlass org/springframework/core/convert/support/StringToCollectionConverter
instanceKlass org/springframework/core/convert/support/ObjectToArrayConverter
instanceKlass org/springframework/core/convert/support/ArrayToObjectConverter
instanceKlass org/springframework/core/convert/support/StringToArrayConverter
instanceKlass org/springframework/core/convert/support/CollectionToStringConverter
instanceKlass org/springframework/core/convert/support/ArrayToStringConverter
instanceKlass org/springframework/core/convert/support/MapToMapConverter
instanceKlass org/springframework/core/convert/support/CollectionToCollectionConverter
instanceKlass org/springframework/core/convert/support/ArrayToArrayConverter
instanceKlass org/springframework/core/convert/support/CollectionToArrayConverter
instanceKlass org/springframework/core/convert/support/ArrayToCollectionConverter
instanceKlass org/springframework/core/convert/support/StringToPatternConverter
instanceKlass java/util/UUID
instanceKlass org/springframework/core/convert/support/StringToUUIDConverter
instanceKlass org/springframework/core/convert/support/PropertiesToStringConverter
instanceKlass org/springframework/core/convert/support/StringToPropertiesConverter
instanceKlass java/util/Currency
instanceKlass org/springframework/core/convert/support/StringToCurrencyConverter
instanceKlass org/springframework/core/convert/support/StringToCharsetConverter
instanceKlass org/springframework/core/convert/support/StringToLocaleConverter
instanceKlass org/springframework/core/convert/support/IntegerToEnumConverterFactory
instanceKlass sun/reflect/generics/tree/Wildcard
instanceKlass sun/reflect/generics/tree/BottomSignature
instanceKlass org/springframework/core/convert/support/AbstractConditionalEnumConverter
instanceKlass org/springframework/core/convert/support/StringToEnumConverterFactory
instanceKlass org/springframework/core/convert/support/StringToBooleanConverter
instanceKlass org/springframework/core/convert/support/CharacterToNumberFactory
instanceKlass org/springframework/core/convert/support/NumberToCharacterConverter
instanceKlass org/springframework/core/convert/support/StringToCharacterConverter
instanceKlass org/springframework/core/convert/support/GenericConversionService$ConverterAdapter
instanceKlass org/springframework/core/convert/support/ObjectToStringConverter
instanceKlass org/springframework/core/convert/support/StringToNumberConverterFactory
instanceKlass java/util/concurrent/ConcurrentLinkedDeque$Node
instanceKlass org/springframework/core/convert/support/GenericConversionService$ConvertersForPair
instanceKlass org/springframework/core/convert/converter/GenericConverter$ConvertiblePair
instanceKlass org/springframework/core/convert/support/GenericConversionService$ConverterFactoryAdapter
instanceKlass org/springframework/core/convert/converter/ConditionalGenericConverter
instanceKlass org/springframework/core/convert/support/NumberToNumberConverterFactory
instanceKlass org/springframework/core/convert/converter/ConditionalConverter
instanceKlass org/springframework/core/convert/support/GenericConversionService$Converters
instanceKlass org/springframework/core/convert/support/GenericConversionService$NoOpConverter
instanceKlass org/springframework/core/convert/converter/ConverterFactory
instanceKlass org/springframework/core/convert/converter/Converter
instanceKlass org/springframework/format/Formatter
instanceKlass org/springframework/format/Parser
instanceKlass org/springframework/format/Printer
instanceKlass org/springframework/core/convert/converter/GenericConverter
instanceKlass org/springframework/core/convert/support/GenericConversionService
instanceKlass org/springframework/context/EmbeddedValueResolverAware
instanceKlass org/springframework/format/FormatterRegistry
instanceKlass org/springframework/core/SpringProperties
instanceKlass org/springframework/core/env/AbstractPropertyResolver
instanceKlass org/springframework/boot/origin/OriginLookup
instanceKlass org/springframework/boot/context/properties/source/ConfigurationPropertySources
instanceKlass org/springframework/core/env/MutablePropertySources
instanceKlass org/springframework/core/env/PropertySources
instanceKlass org/springframework/core/env/AbstractEnvironment
instanceKlass org/springframework/boot/web/servlet/context/ServletWebServerApplicationContextFactory
instanceKlass org/springframework/boot/web/reactive/context/ReactiveWebServerApplicationContextFactory
instanceKlass org/springframework/core/env/CommandLineArgs
instanceKlass org/springframework/core/env/SimpleCommandLineArgsParser
instanceKlass org/springframework/boot/DefaultApplicationArguments
instanceKlass org/springframework/core/NativeDetector
instanceKlass org/springframework/boot/logging/AbstractLoggingSystem$LogLevels
instanceKlass org/springframework/boot/logging/LoggerConfigurationComparator
instanceKlass ch/qos/logback/classic/spi/LoggerContextListener
instanceKlass org/springframework/boot/logging/logback/LogbackConfigurator
instanceKlass org/springframework/boot/logging/LoggingSystemProperties
instanceKlass org/springframework/core/annotation/AnnotationUtils
instanceKlass org/springframework/core/annotation/ValueExtractor
instanceKlass org/springframework/core/annotation/AliasFor
instanceKlass org/springframework/core/annotation/AnnotationTypeMapping$MirrorSets
instanceKlass org/springframework/core/annotation/AnnotationTypeMapping$MirrorSets$MirrorSet
instanceKlass org/springframework/core/annotation/AnnotationTypeMapping
instanceKlass org/springframework/core/annotation/AnnotationTypeMappings$Cache
instanceKlass org/springframework/core/annotation/AnnotationTypeMappings
instanceKlass org/springframework/core/annotation/AttributeMethods
instanceKlass org/springframework/boot/logging/java/JavaLoggingSystem$Factory
instanceKlass org/springframework/boot/logging/log4j2/Log4J2LoggingSystem$Factory
instanceKlass org/springframework/beans/factory/aot/BeanFactoryInitializationAotProcessor
instanceKlass org/springframework/boot/logging/logback/LogbackLoggingSystem$Factory
instanceKlass org/springframework/boot/logging/DelegatingLoggingSystemFactory
instanceKlass org/springframework/boot/logging/LoggingSystemFactory
instanceKlass org/springframework/boot/logging/LoggingSystem
instanceKlass org/springframework/aop/SpringProxy
instanceKlass org/springframework/aop/support/AopUtils
instanceKlass org/springframework/context/event/GenericApplicationListenerAdapter
instanceKlass org/springframework/context/event/AbstractApplicationEventMulticaster$CachedListenerRetriever
instanceKlass org/springframework/context/event/AbstractApplicationEventMulticaster$ListenerCacheKey
instanceKlass org/springframework/core/ResolvableTypeProvider
instanceKlass org/springframework/aop/framework/Advised
instanceKlass org/springframework/aop/TargetClassAware
instanceKlass org/springframework/aop/framework/AopProxyUtils
instanceKlass org/springframework/boot/SpringApplicationRunListeners
instanceKlass java/util/stream/Nodes$ArrayNode
instanceKlass org/springframework/util/ErrorHandler
instanceKlass org/springframework/boot/availability/AvailabilityState
instanceKlass org/springframework/boot/context/event/EventPublishingRunListener
instanceKlass org/springframework/boot/SpringApplicationRunListener
instanceKlass org/springframework/core/io/support/SpringFactoriesLoader$ArgumentResolver$1
instanceKlass org/springframework/core/io/support/SpringFactoriesLoader$ArgumentResolver
instanceKlass org/springframework/context/event/AbstractApplicationEventMulticaster$DefaultListenerRetriever
instanceKlass org/springframework/context/event/AbstractApplicationEventMulticaster
instanceKlass org/springframework/beans/factory/BeanFactoryAware
instanceKlass org/springframework/beans/factory/BeanClassLoaderAware
instanceKlass org/springframework/context/event/ApplicationEventMulticaster
instanceKlass org/springframework/boot/DefaultBootstrapContext
instanceKlass org/springframework/boot/SpringApplication$Startup
instanceKlass java/lang/invoke/MethodHandle$1
instanceKlass org/springframework/boot/autoconfigure/BackgroundPreinitializer
instanceKlass org/springframework/boot/logging/DeferredLog$Lines
instanceKlass org/springframework/boot/logging/DeferredLogs
instanceKlass org/springframework/boot/env/EnvironmentPostProcessorsFactory
instanceKlass org/springframework/boot/logging/DeferredLogFactory
instanceKlass org/springframework/boot/env/EnvironmentPostProcessorApplicationListener
instanceKlass org/springframework/util/MultiValueMapAdapter
instanceKlass org/springframework/core/ResolvableType$DefaultVariableResolver
instanceKlass sun/reflect/generics/reflectiveObjects/ParameterizedTypeImpl
instanceKlass sun/reflect/generics/tree/TypeVariableSignature
instanceKlass org/springframework/core/ResolvableType$TypeVariablesVariableResolver
instanceKlass org/springframework/core/ResolvableType$SyntheticParameterizedType
instanceKlass org/springframework/core/SerializableTypeWrapper$SerializableTypeProxy
instanceKlass java/lang/reflect/WildcardType
instanceKlass java/lang/reflect/ParameterizedType
instanceKlass org/springframework/core/SerializableTypeWrapper
instanceKlass sun/reflect/generics/reflectiveObjects/LazyReflectiveObjectGenerator
instanceKlass java/lang/reflect/TypeVariable
instanceKlass sun/reflect/generics/tree/ClassSignature
instanceKlass sun/reflect/generics/tree/Signature
instanceKlass sun/reflect/generics/tree/FormalTypeParameter
instanceKlass sun/reflect/generics/repository/AbstractRepository
instanceKlass org/springframework/core/ResolvableType$EmptyType
instanceKlass org/springframework/core/ResolvableType$VariableResolver
instanceKlass org/springframework/core/SerializableTypeWrapper$TypeProvider
instanceKlass org/springframework/core/ResolvableType
instanceKlass org/springframework/boot/context/properties/bind/Bindable
instanceKlass org/springframework/boot/context/properties/source/ConfigurationPropertyName$ElementsParser
instanceKlass org/springframework/boot/context/properties/source/ConfigurationPropertyName$Elements
instanceKlass org/springframework/boot/context/properties/source/ConfigurationPropertyName
instanceKlass org/springframework/boot/context/logging/LoggingApplicationListener
instanceKlass org/springframework/context/event/GenericApplicationListener
instanceKlass org/springframework/context/event/SmartApplicationListener
instanceKlass org/springframework/boot/context/config/DelegatingApplicationListener
instanceKlass org/springframework/boot/context/config/AnsiOutputApplicationListener
instanceKlass org/springframework/boot/context/FileEncodingApplicationListener
instanceKlass org/springframework/boot/builder/ParentContextCloserApplicationListener
instanceKlass org/springframework/context/ApplicationContextAware
instanceKlass org/springframework/beans/factory/Aware
instanceKlass org/springframework/boot/ClearCachesApplicationListener
instanceKlass org/springframework/core/DecoratingProxy
instanceKlass org/springframework/core/annotation/AbstractMergedAnnotation
instanceKlass java/lang/annotation/Target
instanceKlass java/lang/reflect/Proxy$ProxyBuilder$1
instanceKlass jdk/internal/org/objectweb/asm/Edge
instanceKlass java/lang/reflect/ProxyGenerator$PrimitiveTypeInfo
instanceKlass java/util/StringJoiner
instanceKlass java/lang/reflect/ProxyGenerator$ProxyMethod
instanceKlass java/lang/module/ModuleDescriptor$Builder
instanceKlass java/lang/PublicMethods
instanceKlass java/lang/reflect/Proxy$ProxyBuilder
instanceKlass java/lang/reflect/Proxy
instanceKlass sun/reflect/annotation/AnnotationInvocationHandler
instanceKlass java/lang/reflect/InvocationHandler
instanceKlass sun/reflect/annotation/AnnotationParser$1
instanceKlass sun/reflect/annotation/ExceptionProxy
instanceKlass java/lang/annotation/Documented
instanceKlass java/lang/annotation/Inherited
instanceKlass java/lang/annotation/Retention
instanceKlass sun/reflect/annotation/AnnotationType$1
instanceKlass sun/reflect/annotation/AnnotationType
instanceKlass java/lang/reflect/GenericArrayType
instanceKlass java/lang/FunctionalInterface
instanceKlass sun/reflect/generics/visitor/Reifier
instanceKlass sun/reflect/generics/visitor/TypeTreeVisitor
instanceKlass sun/reflect/generics/factory/CoreReflectionFactory
instanceKlass sun/reflect/generics/factory/GenericsFactory
instanceKlass sun/reflect/generics/scope/AbstractScope
instanceKlass sun/reflect/generics/scope/Scope
instanceKlass sun/reflect/generics/tree/ClassTypeSignature
instanceKlass sun/reflect/generics/tree/SimpleClassTypeSignature
instanceKlass sun/reflect/generics/tree/FieldTypeSignature
instanceKlass sun/reflect/generics/tree/BaseType
instanceKlass sun/reflect/generics/tree/TypeSignature
instanceKlass sun/reflect/generics/tree/ReturnType
instanceKlass sun/reflect/generics/tree/TypeArgument
instanceKlass sun/reflect/generics/tree/TypeTree
instanceKlass sun/reflect/generics/tree/Tree
instanceKlass sun/reflect/generics/parser/SignatureParser
instanceKlass java/lang/Class$AnnotationData
instanceKlass org/springframework/core/annotation/AnnotationsScanner$1
instanceKlass org/springframework/core/annotation/MergedAnnotationSelectors$FirstDirectlyDeclared
instanceKlass org/springframework/core/annotation/MergedAnnotationSelectors$Nearest
instanceKlass org/springframework/core/annotation/MergedAnnotationSelector
instanceKlass org/springframework/core/annotation/MergedAnnotationSelectors
instanceKlass org/springframework/core/annotation/MergedAnnotation
instanceKlass org/springframework/core/annotation/TypeMappedAnnotations$MergedAnnotationFinder
instanceKlass org/springframework/core/annotation/Order
instanceKlass org/springframework/core/annotation/OrderUtils
instanceKlass org/springframework/core/annotation/AnnotationsScanner
instanceKlass org/springframework/core/annotation/AnnotationsProcessor
instanceKlass org/springframework/core/annotation/TypeMappedAnnotations
instanceKlass org/springframework/core/annotation/MergedAnnotations$Search
instanceKlass org/springframework/core/annotation/AnnotationFilter$2
instanceKlass org/springframework/core/annotation/AnnotationFilter$1
instanceKlass org/springframework/core/annotation/PackagesAnnotationFilter
instanceKlass org/springframework/core/annotation/AnnotationFilter
instanceKlass org/springframework/core/annotation/RepeatableContainers
instanceKlass org/springframework/core/annotation/MergedAnnotations
instanceKlass org/springframework/core/PriorityOrdered
instanceKlass org/springframework/boot/logging/LogLevel$LogMethod
instanceKlass org/springframework/boot/autoconfigure/logging/ConditionEvaluationReportLoggingListener
instanceKlass org/springframework/boot/autoconfigure/SharedMetadataReaderFactoryContextInitializer
instanceKlass org/springframework/beans/factory/aot/BeanRegistrationExcludeFilter
instanceKlass org/springframework/boot/web/context/ServerPortInfoApplicationContextInitializer
instanceKlass org/springframework/boot/rsocket/context/RSocketPortInfoApplicationContextInitializer
instanceKlass org/springframework/boot/context/config/DelegatingApplicationContextInitializer
instanceKlass org/springframework/boot/context/ContextIdApplicationContextInitializer
instanceKlass org/springframework/core/Ordered
instanceKlass org/springframework/util/ReflectionUtils$FieldFilter
instanceKlass org/springframework/util/ReflectionUtils$MethodFilter
instanceKlass org/springframework/util/ReflectionUtils
instanceKlass org/springframework/core/KotlinDetector
instanceKlass org/springframework/core/io/support/SpringFactoriesLoader$FactoryInstantiator
instanceKlass org/springframework/boot/context/ConfigurationWarningsApplicationContextInitializer
instanceKlass org/springframework/util/ObjectUtils
instanceKlass org/springframework/context/ApplicationContextInitializer
instanceKlass org/springframework/core/log/LogMessage
instanceKlass java/util/stream/AbstractSpinedBuffer
instanceKlass java/util/stream/Node$Builder
instanceKlass java/util/stream/Node$OfDouble
instanceKlass java/util/stream/Node$OfLong
instanceKlass java/util/stream/Node$OfInt
instanceKlass java/util/stream/Node$OfPrimitive
instanceKlass java/util/stream/Nodes$EmptyNode
instanceKlass java/util/stream/Node
instanceKlass java/util/stream/Nodes
instanceKlass java/util/function/IntFunction
instanceKlass java/util/ImmutableCollections$Access$1
instanceKlass jdk/internal/access/JavaUtilCollectionAccess
instanceKlass java/util/ImmutableCollections$Access
instanceKlass java/util/stream/DistinctOps
instanceKlass java/util/stream/ForEachOps$ForEachOp
instanceKlass java/util/stream/ForEachOps
instanceKlass java/util/BitSet
instanceKlass java/net/URLEncoder
instanceKlass java/net/URLDecoder
instanceKlass org/springframework/util/MultiValueMap
instanceKlass org/springframework/util/CollectionUtils
instanceKlass org/springframework/util/ResourceUtils
instanceKlass org/springframework/util/PropertiesPersister
instanceKlass org/springframework/core/io/support/PropertiesLoaderUtils
instanceKlass org/springframework/core/io/AbstractResource
instanceKlass org/springframework/util/ConcurrentReferenceHashMap$Entry
instanceKlass org/springframework/util/ConcurrentReferenceHashMap$Entries
instanceKlass org/springframework/util/StringUtils
instanceKlass org/springframework/core/io/support/SpringFactoriesLoader$FailureHandler
instanceKlass org/springframework/core/io/Resource
instanceKlass org/springframework/core/io/InputStreamSource
instanceKlass org/springframework/core/io/support/SpringFactoriesLoader
instanceKlass org/springframework/boot/BootstrapRegistryInitializer
instanceKlass java/util/IdentityHashMap$EntryIterator$Entry
instanceKlass java/util/IdentityHashMap$IdentityHashMapIterator
instanceKlass org/springframework/util/ConcurrentReferenceHashMap$Reference
instanceKlass org/springframework/util/ConcurrentReferenceHashMap$ReferenceManager
instanceKlass org/springframework/util/ConcurrentReferenceHashMap$Task
instanceKlass org/springframework/util/ClassUtils
instanceKlass org/springframework/util/Assert
instanceKlass org/springframework/core/metrics/DefaultApplicationStartup$DefaultStartupStep$DefaultTags
instanceKlass org/springframework/core/metrics/StartupStep$Tags
instanceKlass org/springframework/core/metrics/DefaultApplicationStartup$DefaultStartupStep
instanceKlass org/springframework/core/metrics/StartupStep
instanceKlass org/springframework/core/metrics/DefaultApplicationStartup
instanceKlass org/springframework/core/metrics/ApplicationStartup
instanceKlass org/springframework/context/ConfigurableApplicationContext
instanceKlass org/springframework/context/Lifecycle
instanceKlass org/springframework/boot/DefaultApplicationContextFactory
instanceKlass org/springframework/boot/ApplicationContextFactory
instanceKlass org/springframework/boot/SpringApplicationShutdownHook$ApplicationContextClosedListener
instanceKlass org/springframework/boot/SpringApplicationShutdownHook$Handlers
instanceKlass org/springframework/boot/SpringApplicationShutdownHandlers
instanceKlass org/springframework/boot/SpringApplicationShutdownHook
instanceKlass org/apache/commons/logging/LogAdapter$Slf4jLog
instanceKlass ch/qos/logback/classic/util/LoggerNameUtil
instanceKlass ch/qos/logback/classic/util/LogbackMDCAdapter
instanceKlass ch/qos/logback/core/util/StatusPrinter2
instanceKlass ch/qos/logback/core/util/StatusPrinter
instanceKlass ch/qos/logback/core/status/StatusUtil
instanceKlass ch/qos/logback/core/spi/AppenderAttachableImpl
instanceKlass ch/qos/logback/core/pattern/Converter
instanceKlass ch/qos/logback/core/util/CachingDateFormatter$CacheTuple
instanceKlass java/time/Period
instanceKlass java/time/chrono/ChronoPeriod
instanceKlass java/time/format/DateTimeFormatterBuilder$TextPrinterParser
instanceKlass java/time/format/DateTimeTextProvider$1
instanceKlass java/time/format/DateTimeTextProvider
instanceKlass java/util/Collections$1
instanceKlass java/util/AbstractMap$SimpleImmutableEntry
instanceKlass java/time/format/DateTimeTextProvider$LocaleStore
instanceKlass java/time/format/DateTimeFormatterBuilder$InstantPrinterParser
instanceKlass java/time/format/DateTimeFormatterBuilder$StringLiteralPrinterParser
instanceKlass java/time/format/DateTimeFormatterBuilder$ZoneIdPrinterParser
instanceKlass java/time/format/DateTimeFormatterBuilder$OffsetIdPrinterParser
instanceKlass java/time/format/DecimalStyle
instanceKlass java/time/format/DateTimeFormatterBuilder$CompositePrinterParser
instanceKlass java/time/chrono/AbstractChronology
instanceKlass java/time/chrono/Chronology
instanceKlass java/time/format/DateTimeFormatterBuilder$CharLiteralPrinterParser
instanceKlass java/time/format/DateTimeFormatterBuilder$NumberPrinterParser
instanceKlass java/time/format/DateTimeFormatterBuilder$DateTimePrinterParser
instanceKlass java/time/temporal/JulianFields
instanceKlass java/time/temporal/IsoFields
instanceKlass java/lang/Character$CharacterCache
instanceKlass java/time/temporal/TemporalQuery
instanceKlass java/time/format/DateTimeFormatterBuilder
instanceKlass java/time/format/DateTimeFormatter
instanceKlass ch/qos/logback/core/util/CachingDateFormatter
instanceKlass ch/qos/logback/core/util/COWArrayList
instanceKlass ch/qos/logback/core/spi/FilterAttachableImpl
instanceKlass ch/qos/logback/core/Appender
instanceKlass ch/qos/logback/core/spi/FilterAttachable
instanceKlass ch/qos/logback/core/encoder/Encoder
instanceKlass ch/qos/logback/core/Layout
instanceKlass java/util/TimSort
instanceKlass ch/qos/logback/core/spi/ContextAwareBase
instanceKlass ch/qos/logback/classic/util/ClassicEnvUtil
instanceKlass ch/qos/logback/core/status/StatusListener
instanceKlass ch/qos/logback/core/util/StatusListenerConfigHelper
instanceKlass ch/qos/logback/core/status/StatusBase
instanceKlass ch/qos/logback/core/util/EnvUtil
instanceKlass java/security/PermissionsEnumerator
instanceKlass java/io/FilePermissionCollection$1
instanceKlass java/util/PropertyPermissionCollection$1
instanceKlass java/net/SocketPermissionCollection$1
instanceKlass sun/security/provider/PolicyFile$8
instanceKlass sun/security/provider/PolicyFile$6
instanceKlass sun/security/util/PolicyUtil
instanceKlass sun/security/provider/PolicyFile$4
instanceKlass java/util/ComparableTimSort
instanceKlass java/util/Arrays$LegacyMergeSort
instanceKlass java/net/HostPortrange
instanceKlass java/net/URLPermission$Authority
instanceKlass sun/security/provider/PolicyFile$PolicyEntry
instanceKlass java/util/Vector$1
instanceKlass sun/security/util/PropertyExpander
instanceKlass sun/security/provider/PolicyParser$PermissionEntry
instanceKlass sun/security/provider/PolicyParser$GrantEntry
instanceKlass sun/nio/ch/IOStatus
instanceKlass java/io/StreamTokenizer
instanceKlass sun/security/provider/PolicyParser
instanceKlass java/nio/channels/Channels
instanceKlass sun/nio/ch/FileChannelImpl$Closer
instanceKlass sun/nio/ch/NativeThreadSet
instanceKlass java/nio/channels/spi/AbstractInterruptibleChannel
instanceKlass java/nio/channels/InterruptibleChannel
instanceKlass java/nio/channels/ScatteringByteChannel
instanceKlass java/nio/channels/GatheringByteChannel
instanceKlass java/nio/channels/SeekableByteChannel
instanceKlass java/nio/channels/ByteChannel
instanceKlass java/nio/channels/WritableByteChannel
instanceKlass java/nio/channels/ReadableByteChannel
instanceKlass java/nio/channels/Channel
instanceKlass sun/nio/fs/WindowsChannelFactory$Flags
instanceKlass sun/nio/fs/WindowsChannelFactory$1
instanceKlass sun/nio/fs/WindowsChannelFactory
instanceKlass sun/nio/fs/WindowsSecurityDescriptor
instanceKlass java/nio/file/attribute/FileAttribute
instanceKlass sun/security/provider/PolicyFile$2
instanceKlass java/security/ProtectionDomain$JavaSecurityAccessImpl$1
instanceKlass jdk/internal/access/JavaSecurityAccess$ProtectionDomainCache
instanceKlass sun/security/provider/PolicyFile$PolicyInfo
instanceKlass sun/security/provider/PolicyFile$1
instanceKlass java/security/Policy$1
instanceKlass java/security/Policy$PolicyInfo
instanceKlass java/security/Policy
instanceKlass ch/qos/logback/core/util/Loader$1
instanceKlass ch/qos/logback/core/util/OptionHelper
instanceKlass ch/qos/logback/core/util/Loader
instanceKlass ch/qos/logback/classic/spi/Configurator
instanceKlass ch/qos/logback/core/spi/ContextAwareImpl
instanceKlass ch/qos/logback/classic/util/ContextInitializer$1
instanceKlass ch/qos/logback/core/spi/ContextAware
instanceKlass ch/qos/logback/classic/util/ContextInitializer
instanceKlass ch/qos/logback/classic/Level
instanceKlass ch/qos/logback/classic/spi/ILoggingEvent
instanceKlass ch/qos/logback/core/spi/DeferredProcessingAware
instanceKlass org/slf4j/spi/LoggingEventBuilder
instanceKlass ch/qos/logback/classic/Logger
instanceKlass ch/qos/logback/core/spi/AppenderAttachable
instanceKlass org/slf4j/spi/LoggingEventAware
instanceKlass ch/qos/logback/classic/spi/LoggerContextVO
instanceKlass ch/qos/logback/core/spi/LogbackLock
instanceKlass ch/qos/logback/core/helpers/CyclicBuffer
instanceKlass ch/qos/logback/core/BasicStatusManager
instanceKlass ch/qos/logback/core/status/Status
instanceKlass ch/qos/logback/core/status/StatusManager
instanceKlass ch/qos/logback/core/ContextBase
instanceKlass ch/qos/logback/core/spi/LifeCycle
instanceKlass ch/qos/logback/core/Context
instanceKlass ch/qos/logback/core/spi/PropertyContainer
instanceKlass ch/qos/logback/classic/spi/LogbackServiceProvider
instanceKlass org/slf4j/helpers/Util
instanceKlass org/slf4j/helpers/NOPMDCAdapter
instanceKlass org/slf4j/helpers/NOPLoggerFactory
instanceKlass org/slf4j/helpers/NOP_FallbackServiceProvider
instanceKlass org/slf4j/helpers/ThreadLocalMapOfStacks
instanceKlass org/slf4j/helpers/BasicMDCAdapter
instanceKlass org/slf4j/Marker
instanceKlass org/slf4j/helpers/BasicMarkerFactory
instanceKlass org/slf4j/helpers/SubstituteLoggerFactory
instanceKlass org/slf4j/ILoggerFactory
instanceKlass org/slf4j/spi/MDCAdapter
instanceKlass org/slf4j/IMarkerFactory
instanceKlass org/slf4j/helpers/SubstituteServiceProvider
instanceKlass org/slf4j/event/LoggingEvent
instanceKlass org/slf4j/spi/SLF4JServiceProvider
instanceKlass org/slf4j/LoggerFactory
instanceKlass org/apache/commons/logging/Log
instanceKlass org/apache/commons/logging/LogAdapter$Slf4jAdapter
instanceKlass org/slf4j/spi/LocationAwareLogger
instanceKlass org/slf4j/Logger
instanceKlass org/apache/logging/log4j/spi/Provider
instanceKlass org/apache/logging/log4j/spi/ExtendedLogger
instanceKlass org/apache/logging/log4j/Logger
instanceKlass org/apache/commons/logging/LogAdapter
instanceKlass org/apache/commons/logging/LogFactory
instanceKlass org/springframework/core/OrderComparator
instanceKlass org/springframework/core/OrderComparator$OrderSourceProvider
instanceKlass org/springframework/beans/factory/config/ConfigurableBeanFactory
instanceKlass org/springframework/beans/factory/config/SingletonBeanRegistry
instanceKlass org/springframework/context/ApplicationListener
instanceKlass java/util/EventListener
instanceKlass org/springframework/beans/factory/config/BeanFactoryPostProcessor
instanceKlass org/springframework/core/env/PropertySource
instanceKlass org/springframework/core/convert/support/ConfigurableConversionService
instanceKlass org/springframework/core/convert/converter/ConverterRegistry
instanceKlass org/springframework/core/env/ConfigurableEnvironment
instanceKlass org/springframework/core/env/ConfigurablePropertyResolver
instanceKlass org/springframework/core/env/Environment
instanceKlass org/springframework/core/env/PropertyResolver
instanceKlass org/springframework/core/convert/ConversionService
instanceKlass java/util/EventObject
instanceKlass org/springframework/boot/ApplicationArguments
instanceKlass org/springframework/boot/ConfigurableBootstrapContext
instanceKlass org/springframework/boot/BootstrapContext
instanceKlass org/springframework/boot/BootstrapRegistry
instanceKlass org/springframework/boot/SpringApplication
instanceKlass org/springframework/context/ApplicationContext
instanceKlass org/springframework/core/io/support/ResourcePatternResolver
instanceKlass org/springframework/core/io/ResourceLoader
instanceKlass org/springframework/context/ApplicationEventPublisher
instanceKlass org/springframework/context/MessageSource
instanceKlass org/springframework/beans/factory/HierarchicalBeanFactory
instanceKlass org/springframework/beans/factory/ListableBeanFactory
instanceKlass org/springframework/beans/factory/BeanFactory
instanceKlass org/springframework/core/env/EnvironmentCapable
instanceKlass org/springframework/boot/builder/SpringApplicationBuilder
instanceKlass com/sun/glass/ui/InvokeLaterDispatcher$Future
instanceKlass com/sun/scenario/animation/AbstractPrimaryTimer$MainLoop
instanceKlass com/sun/scenario/DelayedRunnable
instanceKlass com/sun/scenario/animation/shared/TimerReceiver
instanceKlass java/util/concurrent/LinkedBlockingDeque$Node
instanceKlass com/sun/scenario/animation/shared/PulseReceiver
instanceKlass com/sun/javafx/animation/TickCalculation
instanceKlass com/sun/scenario/Settings
instanceKlass com/sun/javafx/application/LauncherImpl$1
instanceKlass java/util/AbstractList$Itr
instanceKlass javafx/collections/ListChangeBuilder$SubChange
instanceKlass javafx/collections/ListChangeBuilder
instanceKlass javafx/geometry/Rectangle2D
instanceKlass com/sun/javafx/tk/TKScreenConfigurationListener
instanceKlass com/sun/javafx/binding/ExpressionHelperBase
instanceKlass javafx/collections/WeakListChangeListener
instanceKlass javafx/beans/WeakListener
instanceKlass javafx/collections/ListChangeListener
instanceKlass javafx/collections/ListChangeListener$Change
instanceKlass javafx/util/Callback
instanceKlass com/sun/javafx/collections/SortableList
instanceKlass javafx/collections/FXCollections$EmptyObservableSet$1
instanceKlass javafx/collections/FXCollections$EmptyObservableList$1
instanceKlass javafx/collections/ObservableIntegerArray
instanceKlass javafx/collections/ObservableFloatArray
instanceKlass javafx/collections/ObservableArray
instanceKlass javafx/collections/ObservableSet
instanceKlass javafx/collections/ObservableList
instanceKlass javafx/collections/ObservableMap
instanceKlass javafx/collections/FXCollections
instanceKlass javafx/stage/Screen
instanceKlass com/sun/prism/impl/ps/BaseShaderContext$State
instanceKlass com/sun/javafx/geom/Vec3d
instanceKlass com/sun/prism/impl/VertexBuffer
instanceKlass com/sun/javafx/geom/BaseBounds
instanceKlass com/sun/javafx/geom/transform/GeneralTransform3D
instanceKlass com/sun/javafx/geom/transform/BaseTransform
instanceKlass com/sun/javafx/geom/transform/CanTransformVec3d
instanceKlass com/sun/prism/MaskTextureGraphics
instanceKlass com/sun/prism/ReadbackGraphics
instanceKlass com/sun/prism/ps/ShaderGraphics
instanceKlass com/sun/prism/impl/BaseGraphics
instanceKlass com/sun/prism/RectShadowGraphics
instanceKlass com/sun/prism/Graphics
instanceKlass com/sun/prism/impl/BaseContext
instanceKlass com/sun/prism/ps/Shader
instanceKlass com/sun/prism/Mesh
instanceKlass com/sun/prism/MeshView
instanceKlass com/sun/prism/Presentable
instanceKlass com/sun/prism/RTTexture
instanceKlass com/sun/prism/RenderTarget
instanceKlass com/sun/prism/Surface
instanceKlass com/sun/prism/Texture
instanceKlass com/sun/prism/PhongMaterial
instanceKlass com/sun/prism/Material
instanceKlass com/sun/prism/impl/TextureResourcePool
instanceKlass com/sun/prism/impl/ResourcePool
instanceKlass com/sun/prism/shape/ShapeRep
instanceKlass java/util/concurrent/Executors$RunnableAdapter
instanceKlass java/util/concurrent/FutureTask$WaitNode
instanceKlass java/util/concurrent/FutureTask
instanceKlass java/util/concurrent/BlockingDeque
instanceKlass java/lang/ProcessEnvironment$CheckedEntry
instanceKlass java/lang/ProcessEnvironment$CheckedEntrySet$1
instanceKlass java/lang/ProcessEnvironment$EntryComparator
instanceKlass java/lang/ProcessEnvironment$NameComparator
instanceKlass com/sun/glass/ui/win/WinApplication$1
instanceKlass com/sun/glass/ui/Accessible
instanceKlass com/sun/glass/ui/View
instanceKlass com/sun/glass/ui/Cursor
instanceKlass com/sun/glass/ui/Timer
instanceKlass com/sun/glass/ui/GlassRobot
instanceKlass com/sun/glass/ui/Pixels
instanceKlass com/sun/glass/ui/Window
instanceKlass com/sun/glass/ui/delegate/MenuDelegate
instanceKlass com/sun/glass/ui/delegate/ClipboardDelegate
instanceKlass com/sun/glass/ui/delegate/MenuItemDelegate
instanceKlass com/sun/glass/ui/delegate/MenuBarDelegate
instanceKlass com/sun/glass/ui/InvokeLaterDispatcher$InvokeLaterSubmitter
instanceKlass com/sun/glass/ui/Platform
instanceKlass com/sun/glass/ui/PlatformFactory
instanceKlass com/sun/javafx/tk/quantum/GlassScene
instanceKlass com/sun/javafx/tk/TKScene
instanceKlass java/util/concurrent/ForkJoinPool$WorkQueue
instanceKlass java/util/concurrent/ForkJoinPool$DefaultCommonPoolForkJoinWorkerThreadFactory
instanceKlass java/util/concurrent/ForkJoinPool$1
instanceKlass java/util/concurrent/ForkJoinPool$DefaultForkJoinWorkerThreadFactory
instanceKlass java/util/concurrent/ForkJoinPool$ForkJoinWorkerThreadFactory
instanceKlass com/sun/javafx/tk/quantum/PaintCollector
instanceKlass com/sun/javafx/tk/CompletionListener
instanceKlass java/util/concurrent/ForkJoinPool$ManagedBlocker
instanceKlass com/sun/glass/ui/View$Capability
instanceKlass com/sun/glass/ui/Screen
instanceKlass com/sun/prism/impl/BaseResourceFactory
instanceKlass com/sun/prism/ps/ShaderFactory
instanceKlass com/sun/prism/ResourceFactory
instanceKlass com/sun/prism/GraphicsResource
instanceKlass com/sun/javafx/font/FontFactory
instanceKlass com/sun/prism/GraphicsPipeline
instanceKlass com/sun/javafx/tk/quantum/QuantumRenderer$PipelineRunnable
instanceKlass com/sun/javafx/tk/quantum/QuantumRenderer$QuantumThreadFactory
instanceKlass java/util/concurrent/Executors$DefaultThreadFactory
instanceKlass java/util/concurrent/Executors
instanceKlass java/util/concurrent/LinkedBlockingQueue$Node
instanceKlass java/util/concurrent/locks/AbstractQueuedSynchronizer$ConditionObject
instanceKlass java/util/concurrent/locks/Condition
instanceKlass java/util/concurrent/atomic/AtomicReference
instanceKlass java/util/concurrent/ThreadPoolExecutor$AbortPolicy
instanceKlass java/util/concurrent/RejectedExecutionHandler
instanceKlass java/util/concurrent/RunnableFuture
instanceKlass java/util/concurrent/Future
instanceKlass java/util/concurrent/BlockingQueue
instanceKlass java/util/concurrent/AbstractExecutorService
instanceKlass java/util/concurrent/ExecutorService
instanceKlass java/util/concurrent/Executor
instanceKlass com/sun/glass/ui/MenuItem$Callback
instanceKlass javafx/scene/input/KeyCombination
instanceKlass com/sun/glass/ui/Menu$EventHandler
instanceKlass com/sun/javafx/menu/MenuItemBase
instanceKlass com/sun/javafx/tk/quantum/GlassSystemMenu
instanceKlass com/sun/prism/impl/PrismSettings
instanceKlass com/sun/javafx/tk/quantum/PerformanceTrackerHelper$1
instanceKlass com/sun/javafx/tk/quantum/PerformanceTrackerHelper
instanceKlass com/sun/javafx/tk/quantum/QuantumToolkit$PulseTask
instanceKlass com/sun/javafx/geom/PathConsumer2D
instanceKlass com/sun/javafx/geom/Shape
instanceKlass com/sun/prism/BasicStroke
instanceKlass com/sun/javafx/tk/quantum/QuantumToolkit$3
instanceKlass com/sun/glass/ui/Application$EventHandler
instanceKlass com/sun/scenario/effect/Filterable
instanceKlass com/sun/scenario/effect/LockableResource
instanceKlass com/sun/javafx/tk/FontLoader
instanceKlass com/sun/scenario/effect/FilterContext
instanceKlass com/sun/scenario/animation/AbstractPrimaryTimer
instanceKlass com/sun/javafx/tk/TKSystemMenu
instanceKlass com/sun/javafx/runtime/async/AbstractAsyncOperation
instanceKlass java/util/concurrent/Callable
instanceKlass com/sun/javafx/runtime/async/AsyncOperation
instanceKlass com/sun/javafx/tk/ImageLoader
instanceKlass com/sun/glass/ui/Screen$EventHandler
instanceKlass com/sun/javafx/tk/PlatformImage
instanceKlass com/sun/javafx/scene/text/TextLayoutFactory
instanceKlass javafx/scene/shape/PathElement
instanceKlass com/sun/javafx/tk/TKStage
instanceKlass com/sun/javafx/tk/ScreenConfigurationAccessor
instanceKlass com/sun/javafx/perf/PerformanceTracker
instanceKlass jdk/internal/reflect/ClassDefiner$1
instanceKlass jdk/internal/reflect/ClassDefiner
instanceKlass jdk/internal/reflect/MethodAccessorGenerator$1
instanceKlass jdk/internal/reflect/Label$PatchInfo
instanceKlass jdk/internal/reflect/Label
instanceKlass jdk/internal/reflect/UTF8
instanceKlass jdk/internal/reflect/ClassFileAssembler
instanceKlass jdk/internal/reflect/ByteVectorImpl
instanceKlass jdk/internal/reflect/ByteVector
instanceKlass jdk/internal/reflect/ByteVectorFactory
instanceKlass jdk/internal/reflect/AccessorGenerator
instanceKlass jdk/internal/reflect/ClassFileConstants
instanceKlass jdk/internal/misc/ScopedMemoryAccess$Scope
instanceKlass sun/security/provider/ByteArrayAccess
instanceKlass java/lang/constant/DynamicConstantDesc
instanceKlass java/lang/constant/DirectMethodHandleDesc$1
instanceKlass java/lang/constant/DirectMethodHandleDescImpl$1
instanceKlass java/lang/constant/DirectMethodHandleDescImpl
instanceKlass java/lang/constant/DirectMethodHandleDesc
instanceKlass java/lang/constant/MethodHandleDesc$1
instanceKlass java/lang/constant/MethodHandleDesc
instanceKlass java/lang/constant/MethodTypeDescImpl
instanceKlass java/lang/constant/MethodTypeDesc
instanceKlass java/lang/constant/ReferenceClassDescImpl
instanceKlass java/lang/constant/ConstantUtils
instanceKlass java/lang/constant/ClassDesc
instanceKlass java/lang/constant/ConstantDescs
instanceKlass java/lang/invoke/VarHandle$2
instanceKlass java/lang/invoke/VarHandle$TypesAndInvokers
instanceKlass java/lang/invoke/VarHandleByteArrayBase
instanceKlass sun/security/provider/ByteArrayAccess$LE
instanceKlass sun/security/util/MessageDigestSpi2
instanceKlass sun/security/jca/GetInstance$Instance
instanceKlass jdk/internal/event/Event
instanceKlass java/util/LinkedHashMap$LinkedHashIterator
instanceKlass sun/security/util/SecurityProviderConstants
instanceKlass java/security/Provider$UString
instanceKlass java/security/Provider$Service
instanceKlass sun/security/provider/NativePRNG$NonBlocking
instanceKlass sun/security/provider/NativePRNG$Blocking
instanceKlass sun/security/provider/NativePRNG
instanceKlass sun/security/provider/SunEntries$1
instanceKlass sun/security/provider/SunEntries
instanceKlass sun/security/jca/ProviderList$2
instanceKlass java/security/Provider$EngineDescription
instanceKlass java/security/Provider$ServiceKey
instanceKlass sun/security/jca/ProviderConfig
instanceKlass sun/security/jca/ProviderList
instanceKlass sun/security/jca/Providers
instanceKlass sun/security/jca/GetInstance
instanceKlass java/security/MessageDigestSpi
instanceKlass sun/net/www/MessageHeader
instanceKlass sun/net/www/protocol/jar/JarFileFactory
instanceKlass sun/net/www/protocol/jar/URLJarFile$URLJarFileCloseController
instanceKlass java/net/URLConnection
instanceKlass com/sun/glass/utils/NativeLibLoader
instanceKlass jdk/internal/math/FloatingDecimal$ASCIIToBinaryBuffer
instanceKlass jdk/internal/math/FloatingDecimal$PreparedASCIIToBinaryBuffer
instanceKlass jdk/internal/math/FloatingDecimal$ASCIIToBinaryConverter
instanceKlass jdk/internal/math/FloatingDecimal$BinaryToASCIIBuffer
instanceKlass jdk/internal/math/FloatingDecimal$ExceptionalBinaryToASCIIBuffer
instanceKlass jdk/internal/math/FloatingDecimal$BinaryToASCIIConverter
instanceKlass jdk/internal/math/FloatingDecimal
instanceKlass com/sun/javafx/PlatformUtil
instanceKlass com/sun/javafx/runtime/VersionInfo
instanceKlass javafx/scene/image/Image$1
instanceKlass javafx/scene/image/PixelReader
instanceKlass javafx/beans/binding/NumberExpressionBase
instanceKlass javafx/beans/binding/NumberExpression
instanceKlass javafx/beans/value/ObservableDoubleValue
instanceKlass javafx/beans/value/ObservableNumberValue
instanceKlass com/sun/javafx/tk/Toolkit$ImageAccessor
instanceKlass javafx/geometry/Bounds
instanceKlass com/sun/javafx/util/Utils
instanceKlass javafx/scene/image/Image
instanceKlass javafx/animation/Interpolatable
instanceKlass javafx/scene/paint/Paint
instanceKlass com/sun/javafx/tk/TKClipboard
instanceKlass com/sun/javafx/tk/Toolkit
instanceKlass com/sun/javafx/application/PlatformImpl$1
instanceKlass java/util/Formattable
instanceKlass java/time/LocalTime$1
instanceKlass java/lang/StringUTF16$CharsSpliterator
instanceKlass java/util/stream/Sink$ChainedInt
instanceKlass java/util/OptionalInt
instanceKlass java/util/stream/Sink$OfInt
instanceKlass java/util/function/IntConsumer
instanceKlass java/util/function/IntPredicate
instanceKlass java/util/stream/IntStream
instanceKlass java/lang/StringLatin1$CharsSpliterator
instanceKlass sun/util/locale/provider/LocaleResources
instanceKlass java/text/DecimalFormatSymbols
instanceKlass sun/util/resources/Bundles$2
instanceKlass sun/util/resources/Bundles$CacheKeyReference
instanceKlass java/util/ArrayList$SubList$1
instanceKlass sun/util/resources/LocaleData$LocaleDataResourceBundleProvider
instanceKlass java/util/spi/ResourceBundleProvider
instanceKlass sun/util/resources/Bundles$CacheKey
instanceKlass sun/util/resources/Bundles
instanceKlass sun/util/resources/LocaleData$LocaleDataStrategy
instanceKlass sun/util/resources/Bundles$Strategy
instanceKlass sun/util/resources/LocaleData$1
instanceKlass sun/util/resources/LocaleData
instanceKlass java/util/Locale$Builder
instanceKlass sun/util/locale/provider/CalendarDataUtility
instanceKlass java/util/StringTokenizer
instanceKlass sun/util/locale/provider/AvailableLanguageTags
instanceKlass sun/util/resources/cldr/provider/CLDRLocaleDataMetaInfo
instanceKlass jdk/internal/module/ModulePatcher$PatchedModuleReader
instanceKlass sun/util/locale/InternalLocaleBuilder$CaseInsensitiveChar
instanceKlass sun/util/locale/InternalLocaleBuilder
instanceKlass sun/util/locale/StringTokenIterator
instanceKlass sun/util/locale/ParseStatus
instanceKlass sun/util/locale/LanguageTag
instanceKlass sun/util/cldr/CLDRBaseLocaleDataMetaInfo
instanceKlass sun/util/locale/provider/LocaleDataMetaInfo
instanceKlass sun/util/locale/provider/ResourceBundleBasedAdapter
instanceKlass sun/util/locale/provider/LocaleProviderAdapter$1
instanceKlass sun/util/locale/provider/LocaleProviderAdapter
instanceKlass java/util/spi/LocaleServiceProvider
instanceKlass java/text/DateFormatSymbols
instanceKlass java/time/LocalDate$1
instanceKlass java/time/ZonedDateTime$1
instanceKlass java/util/Calendar
instanceKlass java/util/Date
instanceKlass java/util/Formatter$FixedString
instanceKlass java/util/Formatter$DateTime
instanceKlass java/util/Formatter$Flags
instanceKlass java/util/Formatter$FormatSpecifier
instanceKlass java/util/Formatter$FormatString
instanceKlass java/util/regex/ASCII
instanceKlass java/util/regex/IntHashSet
instanceKlass java/util/regex/Matcher
instanceKlass java/util/regex/MatchResult
instanceKlass java/util/Formatter$Conversion
instanceKlass java/util/regex/Pattern$TreeInfo
instanceKlass java/util/regex/Pattern$BitClass
instanceKlass java/util/regex/CharPredicates
instanceKlass java/util/regex/Pattern$BmpCharPredicate
instanceKlass java/util/regex/Pattern$CharPredicate
instanceKlass java/util/regex/Pattern$Node
instanceKlass java/util/regex/Pattern
instanceKlass java/util/Formatter
instanceKlass jdk/internal/module/Checks
instanceKlass java/util/ResourceBundle$ResourceBundleProviderHelper
instanceKlass java/util/ResourceBundle$3
instanceKlass java/util/ResourceBundle$CacheKeyReference
instanceKlass java/util/ResourceBundle$CacheKey
instanceKlass java/util/ResourceBundle$Control
instanceKlass java/util/ResourceBundle$1
instanceKlass jdk/internal/access/JavaUtilResourceBundleAccess
instanceKlass java/util/ResourceBundle
instanceKlass java/util/logging/Level$RbAccess
instanceKlass java/lang/invoke/LambdaFormEditor$1
instanceKlass java/lang/StackStreamFactory$FrameBuffer
instanceKlass java/lang/StackStreamFactory$1
instanceKlass java/lang/StackStreamFactory
instanceKlass java/util/logging/LogRecord$CallerFinder
instanceKlass java/time/ZonedDateTime
instanceKlass java/time/chrono/ChronoZonedDateTime
instanceKlass java/time/LocalTime
instanceKlass java/time/temporal/ValueRange
instanceKlass java/time/Duration
instanceKlass java/time/temporal/TemporalAmount
instanceKlass java/time/temporal/TemporalUnit
instanceKlass java/time/temporal/TemporalField
instanceKlass java/time/LocalDate
instanceKlass java/time/chrono/ChronoLocalDate
instanceKlass java/time/zone/ZoneOffsetTransition
instanceKlass java/time/LocalDateTime
instanceKlass java/time/chrono/ChronoLocalDateTime
instanceKlass java/time/zone/ZoneOffsetTransitionRule
instanceKlass java/time/zone/ZoneRules
instanceKlass java/time/zone/Ser
instanceKlass java/io/Externalizable
instanceKlass java/time/zone/ZoneRulesProvider$1
instanceKlass java/time/zone/ZoneRulesProvider
instanceKlass sun/util/calendar/ZoneInfoFile$ZoneOffsetTransitionRule
instanceKlass sun/util/calendar/ZoneInfoFile$1
instanceKlass sun/util/calendar/ZoneInfoFile
instanceKlass java/util/TimeZone
instanceKlass java/time/ZoneId
instanceKlass java/util/logging/LogManager$CloseOnReset
instanceKlass java/util/logging/StreamHandler$1
instanceKlass java/util/logging/Handler$1
instanceKlass java/util/logging/ErrorManager
instanceKlass jdk/internal/logger/SimpleConsoleLogger$Formatting
instanceKlass sun/util/logging/PlatformLogger
instanceKlass java/util/logging/Formatter
instanceKlass java/time/Clock
instanceKlass java/time/InstantSource
instanceKlass java/time/Instant
instanceKlass java/time/temporal/TemporalAdjuster
instanceKlass java/time/temporal/Temporal
instanceKlass java/time/temporal/TemporalAccessor
instanceKlass java/util/logging/LogRecord
instanceKlass sun/util/logging/PlatformLogger$ConfigurableBridge$LoggerConfiguration
instanceKlass java/util/logging/LogManager$4
instanceKlass java/util/stream/Streams
instanceKlass java/util/stream/Stream$Builder
instanceKlass java/util/stream/Streams$AbstractStreamBuilderImpl
instanceKlass java/util/ArrayList$ArrayListSpliterator
instanceKlass java/util/Hashtable$Enumerator
instanceKlass java/util/Collections$SynchronizedCollection
instanceKlass java/util/Properties$EntrySet
instanceKlass java/util/Collections$3
instanceKlass java/util/logging/LogManager$LoggerContext$1
instanceKlass java/util/logging/LogManager$VisitedLoggers
instanceKlass java/util/logging/Logger$ConfigurationData
instanceKlass java/util/logging/Logger$LoggerBundle
instanceKlass java/util/logging/Handler
instanceKlass java/util/logging/Logger
instanceKlass java/util/logging/LogManager$2
instanceKlass java/util/logging/LogManager$LoggingProviderAccess
instanceKlass java/lang/Shutdown$Lock
instanceKlass java/lang/Shutdown
instanceKlass java/lang/ApplicationShutdownHooks$1
instanceKlass java/lang/ApplicationShutdownHooks
instanceKlass java/util/Collections$SynchronizedMap
instanceKlass java/util/logging/LogManager$LogNode
instanceKlass java/util/logging/LogManager$LoggerContext
instanceKlass java/util/logging/LogManager$1
instanceKlass java/util/logging/Level
instanceKlass java/util/logging/LogManager
instanceKlass jdk/internal/logger/BootstrapLogger$BootstrapExecutors
instanceKlass jdk/internal/logger/BootstrapLogger$RedirectedLoggers
instanceKlass java/util/ServiceLoader$ProviderImpl
instanceKlass java/util/ServiceLoader$Provider
instanceKlass java/util/ServiceLoader$1
instanceKlass sun/util/logging/internal/LoggingProviderImpl$LogManagerAccess
instanceKlass java/util/concurrent/CopyOnWriteArrayList$COWIterator
instanceKlass java/util/zip/ZipFile$ZipEntryIterator
instanceKlass jdk/internal/loader/URLClassPath$1
instanceKlass java/lang/CompoundEnumeration
instanceKlass jdk/internal/loader/BuiltinClassLoader$1
instanceKlass java/util/Collections$EmptyEnumeration
instanceKlass java/util/Collections$EmptyIterator
instanceKlass jdk/internal/jimage/ImageLocation
instanceKlass jdk/internal/jimage/decompressor/Decompressor
instanceKlass jdk/internal/jimage/ImageStringsReader
instanceKlass jdk/internal/jimage/ImageStrings
instanceKlass jdk/internal/jimage/ImageHeader
instanceKlass jdk/internal/jimage/NativeImageBuffer$1
instanceKlass jdk/internal/jimage/NativeImageBuffer
instanceKlass jdk/internal/jimage/BasicImageReader$1
instanceKlass jdk/internal/jimage/BasicImageReader
instanceKlass jdk/internal/jimage/ImageReader
instanceKlass jdk/internal/jimage/ImageReaderFactory$1
instanceKlass java/nio/file/FileSystems$DefaultFileSystemHolder$1
instanceKlass java/nio/file/FileSystems$DefaultFileSystemHolder
instanceKlass java/nio/file/FileSystems
instanceKlass java/nio/file/Paths
instanceKlass jdk/internal/jimage/ImageReaderFactory
instanceKlass jdk/internal/module/SystemModuleFinders$SystemImage
instanceKlass jdk/internal/module/SystemModuleFinders$SystemModuleReader
instanceKlass java/lang/module/ModuleReader
instanceKlass jdk/internal/loader/BuiltinClassLoader$5
instanceKlass jdk/internal/loader/BuiltinClassLoader$2
instanceKlass jdk/internal/module/Resources
instanceKlass java/util/ServiceLoader$3
instanceKlass java/util/ServiceLoader$2
instanceKlass java/util/ServiceLoader$LazyClassPathLookupIterator
instanceKlass java/util/Spliterators$1Adapter
instanceKlass java/util/Spliterators$ArraySpliterator
instanceKlass java/util/ServiceLoader$ModuleServicesLookupIterator
instanceKlass java/util/ServiceLoader
instanceKlass jdk/internal/logger/BootstrapLogger$DetectBackend$1
instanceKlass jdk/internal/logger/BootstrapLogger$DetectBackend
instanceKlass jdk/internal/logger/BootstrapLogger
instanceKlass sun/util/logging/PlatformLogger$ConfigurableBridge
instanceKlass sun/util/logging/PlatformLogger$Bridge
instanceKlass java/io/FilePermission$1
instanceKlass jdk/internal/access/JavaIOFilePermissionAccess
instanceKlass sun/security/util/SecurityConstants
instanceKlass jdk/internal/logger/LoggerFinderLoader
instanceKlass java/security/Security$2
instanceKlass jdk/internal/access/JavaSecurityPropertiesAccess
instanceKlass java/util/concurrent/ConcurrentHashMap$MapEntry
instanceKlass java/security/Security$1
instanceKlass java/security/Security
instanceKlass sun/security/util/SecurityProperties
instanceKlass sun/security/util/FilePermCompat
instanceKlass jdk/internal/logger/DefaultLoggerFinder$1
instanceKlass java/lang/System$LoggerFinder
instanceKlass jdk/internal/logger/LazyLoggers$LazyLoggerFactories
instanceKlass jdk/internal/logger/LazyLoggers$1
instanceKlass jdk/internal/logger/LazyLoggers
instanceKlass com/sun/javafx/logging/PlatformLogger
instanceKlass java/lang/System$Logger
instanceKlass com/sun/javafx/util/Logging
instanceKlass java/lang/invoke/MethodHandles$1
instanceKlass java/lang/Long$LongCache
instanceKlass javafx/beans/InvalidationListener
instanceKlass javafx/beans/value/WritableObjectValue
instanceKlass java/nio/DirectByteBuffer$Deallocator
instanceKlass sun/nio/ch/Util$BufferCache
instanceKlass sun/nio/ch/Util
instanceKlass javafx/beans/binding/ObjectExpression
instanceKlass javafx/beans/value/ObservableObjectValue
instanceKlass sun/nio/ch/NativeThread
instanceKlass javafx/beans/binding/Binding
instanceKlass sun/net/NetHooks
instanceKlass sun/net/spi/DefaultProxySelector$3
instanceKlass sun/net/spi/DefaultProxySelector$NonProxyInfo
instanceKlass java/net/URI$Parser
instanceKlass com/sun/javafx/tk/TKListener
instanceKlass sun/net/spi/DefaultProxySelector$1
instanceKlass java/net/Proxy
instanceKlass java/net/ProxySelector
instanceKlass java/net/SocksSocketImpl$3
instanceKlass javafx/beans/binding/BooleanExpression
instanceKlass javafx/beans/value/ObservableBooleanValue
instanceKlass javafx/beans/value/WritableBooleanValue
instanceKlass javafx/beans/property/Property
instanceKlass javafx/beans/value/WritableValue
instanceKlass javafx/beans/property/ReadOnlyProperty
instanceKlass javafx/beans/value/ObservableValue
instanceKlass jdk/net/ExtendedSocketOptions$PlatformSocketOptions$1
instanceKlass javafx/beans/Observable
instanceKlass jdk/net/ExtendedSocketOptions$PlatformSocketOptions
instanceKlass jdk/net/ExtendedSocketOptions$ExtSocketOption
instanceKlass java/net/SocketOption
instanceKlass jdk/net/ExtendedSocketOptions
instanceKlass sun/net/ext/ExtendedSocketOptions
instanceKlass java/net/Inet6Address$Inet6AddressHolder
instanceKlass sun/nio/ch/Net$1
instanceKlass java/net/ProtocolFamily
instanceKlass com/sun/javafx/application/PlatformImpl
instanceKlass sun/nio/ch/Net
instanceKlass java/net/SocksConsts
instanceKlass java/util/concurrent/locks/AbstractQueuedSynchronizer$Node
instanceKlass sun/nio/ch/IOUtil
instanceKlass sun/nio/ch/NativeDispatcher
instanceKlass sun/net/PlatformSocketImpl
instanceKlass java/util/concurrent/CountDownLatch
instanceKlass java/lang/invoke/VarHandle$AccessDescriptor
instanceKlass com/sun/glass/ui/Application
instanceKlass java/util/Properties$LineReader
instanceKlass java/util/concurrent/atomic/AtomicBoolean
instanceKlass sun/net/NetProperties$1
instanceKlass sun/net/NetProperties
instanceKlass jdk/internal/org/objectweb/asm/ClassReader
instanceKlass javafx/application/Application$Parameters
instanceKlass com/sun/javafx/application/PlatformImpl$FinishListener
instanceKlass com/sun/javafx/application/LauncherImpl
instanceKlass java/net/SocketImpl
instanceKlass java/net/SocketOptions
instanceKlass javafx/application/Application
instanceKlass java/net/InetSocketAddress$InetSocketAddressHolder
instanceKlass java/net/InetAddress$PlatformNameService
instanceKlass java/net/InetAddress$NameService
instanceKlass java/net/Inet6AddressImpl
instanceKlass java/net/InetAddressImpl
instanceKlass java/net/InetAddressImplFactory
instanceKlass java/util/concurrent/ConcurrentSkipListMap$Node
instanceKlass java/util/concurrent/ConcurrentSkipListMap$Index
instanceKlass java/util/concurrent/ConcurrentNavigableMap
instanceKlass java/net/InetAddress$InetAddressHolder
instanceKlass com/jobwork/AppLauncher
instanceKlass java/io/FileInputStream$1
instanceKlass java/net/InetAddress$1
instanceKlass jdk/internal/access/JavaNetInetAddressAccess
instanceKlass java/net/InetAddress
instanceKlass java/net/SocketAddress
instanceKlass java/lang/invoke/VarForm
instanceKlass java/lang/invoke/VarHandleGuards
instanceKlass jdk/internal/util/Preconditions$1
instanceKlass java/lang/invoke/VarHandle$1
instanceKlass java/lang/ClassValue$Version
instanceKlass java/lang/ClassValue$Identity
instanceKlass java/lang/ClassValue
instanceKlass java/lang/invoke/VarHandles
instanceKlass java/net/Socket
instanceKlass sun/nio/cs/SingleByte
instanceKlass sun/nio/cs/MS1252$Holder
instanceKlass sun/nio/cs/ArrayDecoder
instanceKlass sun/launcher/LauncherHelper
instanceKlass jdk/internal/vm/PostVMInitHook$1
instanceKlass jdk/internal/util/EnvUtils
instanceKlass jdk/internal/vm/PostVMInitHook$2
instanceKlass jdk/internal/vm/PostVMInitHook
instanceKlass com/intellij/rt/execution/application/AppMainV2
instanceKlass com/intellij/rt/execution/application/AppMainV2$Agent
instanceKlass java/security/SecureClassLoader$DebugHolder
instanceKlass java/security/PermissionCollection
instanceKlass java/security/SecureClassLoader$1
instanceKlass java/security/SecureClassLoader$CodeSourceKey
instanceKlass java/util/zip/Checksum$1
instanceKlass java/util/zip/CRC32
instanceKlass java/util/zip/Checksum
instanceKlass sun/nio/ByteBuffered
instanceKlass java/lang/Package$VersionInfo
instanceKlass java/lang/NamedPackage
instanceKlass jdk/internal/loader/Resource
instanceKlass java/util/jar/Attributes$Name
instanceKlass java/util/jar/Attributes
instanceKlass java/util/TreeMap$PrivateEntryIterator
instanceKlass java/util/TreeMap$Entry
instanceKlass java/util/NavigableMap
instanceKlass java/util/SortedMap
instanceKlass java/util/NavigableSet
instanceKlass java/util/SortedSet
instanceKlass java/util/LinkedList$Node
instanceKlass java/nio/charset/CoderResult
instanceKlass java/nio/charset/CharsetDecoder
instanceKlass java/io/Reader
instanceKlass java/lang/Readable
instanceKlass sun/security/action/GetIntegerAction
instanceKlass sun/security/util/Debug
instanceKlass sun/security/util/SignatureFileVerifier
instanceKlass java/util/zip/ZipFile$InflaterCleanupAction
instanceKlass java/util/zip/Inflater$InflaterZStreamRef
instanceKlass java/util/zip/Inflater
instanceKlass java/util/zip/ZipEntry
instanceKlass java/lang/StringCoding
instanceKlass jdk/internal/util/jar/JarIndex
instanceKlass java/nio/Bits$1
instanceKlass jdk/internal/misc/VM$BufferPool
instanceKlass java/nio/Bits
instanceKlass sun/nio/ch/DirectBuffer
instanceKlass jdk/internal/perf/PerfCounter$CoreCounters
instanceKlass jdk/internal/perf/Perf
instanceKlass jdk/internal/perf/Perf$GetPerfAction
instanceKlass jdk/internal/perf/PerfCounter
instanceKlass java/nio/file/attribute/FileTime
instanceKlass java/util/zip/ZipUtils
instanceKlass java/util/zip/ZipFile$Source$End
instanceKlass java/io/RandomAccessFile$2
instanceKlass jdk/internal/access/JavaIORandomAccessFileAccess
instanceKlass java/io/RandomAccessFile
instanceKlass java/io/DataInput
instanceKlass java/io/DataOutput
instanceKlass sun/nio/fs/WindowsNativeDispatcher$CompletionStatus
instanceKlass sun/nio/fs/WindowsNativeDispatcher$AclInformation
instanceKlass sun/nio/fs/WindowsNativeDispatcher$Account
instanceKlass sun/nio/fs/WindowsNativeDispatcher$DiskFreeSpace
instanceKlass sun/nio/fs/WindowsNativeDispatcher$VolumeInformation
instanceKlass sun/nio/fs/WindowsNativeDispatcher$FirstStream
instanceKlass sun/nio/fs/WindowsNativeDispatcher$FirstFile
instanceKlass java/util/Enumeration
instanceKlass java/util/concurrent/ConcurrentHashMap$Traverser
instanceKlass java/util/concurrent/ConcurrentHashMap$CollectionView
instanceKlass sun/nio/fs/WindowsNativeDispatcher
instanceKlass sun/nio/fs/NativeBuffer$Deallocator
instanceKlass sun/nio/fs/NativeBuffer
instanceKlass java/lang/ThreadLocal$ThreadLocalMap
instanceKlass sun/nio/fs/NativeBuffers
instanceKlass sun/nio/fs/WindowsFileAttributes
instanceKlass java/nio/file/attribute/DosFileAttributes
instanceKlass sun/nio/fs/AbstractBasicFileAttributeView
instanceKlass sun/nio/fs/DynamicFileAttributeView
instanceKlass sun/nio/fs/WindowsFileAttributeViews
instanceKlass java/lang/Class$1
instanceKlass java/nio/charset/StandardCharsets
instanceKlass sun/nio/fs/Util
instanceKlass java/nio/file/attribute/BasicFileAttributeView
instanceKlass java/nio/file/attribute/FileAttributeView
instanceKlass java/nio/file/attribute/AttributeView
instanceKlass java/nio/file/Files
instanceKlass java/nio/file/CopyOption
instanceKlass java/nio/file/attribute/BasicFileAttributes
instanceKlass sun/nio/fs/WindowsPath
instanceKlass java/util/zip/ZipFile$Source$Key
instanceKlass sun/nio/fs/WindowsPathParser$Result
instanceKlass sun/nio/fs/WindowsPathParser
instanceKlass java/util/Arrays$ArrayItr
instanceKlass java/nio/file/FileSystem
instanceKlass java/nio/file/OpenOption
instanceKlass java/nio/file/spi/FileSystemProvider
instanceKlass sun/nio/fs/DefaultFileSystemProvider
instanceKlass java/util/zip/ZipFile$Source
instanceKlass java/util/zip/ZipCoder
instanceKlass java/util/zip/ZipFile$CleanableResource
instanceKlass java/lang/Runtime$Version
instanceKlass java/util/jar/JavaUtilJarAccessImpl
instanceKlass jdk/internal/access/JavaUtilJarAccess
instanceKlass jdk/internal/loader/FileURLMapper
instanceKlass jdk/internal/loader/URLClassPath$JarLoader$1
instanceKlass java/util/zip/ZipFile$1
instanceKlass jdk/internal/access/JavaUtilZipFileAccess
instanceKlass java/util/zip/ZipFile
instanceKlass java/util/zip/ZipConstants
instanceKlass jdk/internal/loader/URLClassPath$Loader
instanceKlass jdk/internal/loader/URLClassPath$3
instanceKlass java/security/PrivilegedExceptionAction
instanceKlass sun/util/locale/LocaleObjectCache
instanceKlass sun/util/locale/BaseLocale$Key
instanceKlass sun/util/locale/LocaleUtils
instanceKlass sun/util/locale/BaseLocale
instanceKlass java/util/Locale
instanceKlass sun/net/util/URLUtil
instanceKlass sun/instrument/TransformerManager$TransformerInfo
instanceKlass sun/instrument/TransformerManager
instanceKlass jdk/internal/loader/NativeLibraries$NativeLibraryImpl
instanceKlass jdk/internal/loader/NativeLibrary
instanceKlass java/util/ArrayDeque$DeqIterator
instanceKlass jdk/internal/loader/NativeLibraries$1
instanceKlass jdk/internal/loader/NativeLibraries$LibraryPaths
instanceKlass sun/instrument/InstrumentationImpl
instanceKlass java/lang/instrument/Instrumentation
instanceKlass java/lang/invoke/StringConcatFactory$3
instanceKlass java/lang/invoke/StringConcatFactory$2
instanceKlass java/lang/invoke/StringConcatFactory$1
instanceKlass java/lang/invoke/StringConcatFactory
instanceKlass jdk/internal/module/ModuleBootstrap$SafeModuleFinder
instanceKlass java/lang/ModuleLayer$Controller
instanceKlass java/util/concurrent/CopyOnWriteArrayList
instanceKlass jdk/internal/module/ServicesCatalog$ServiceProvider
instanceKlass jdk/internal/loader/AbstractClassLoaderValue$Memoizer
instanceKlass jdk/internal/module/ModuleLoaderMap$Modules
instanceKlass jdk/internal/module/ModuleLoaderMap$Mapper
instanceKlass jdk/internal/module/ModuleLoaderMap
instanceKlass java/lang/module/ResolvedModule
instanceKlass java/util/Collections$UnmodifiableCollection$1
instanceKlass java/lang/ModuleLayer
instanceKlass java/util/ImmutableCollections$ListItr
instanceKlass java/util/ListIterator
instanceKlass java/lang/module/ModuleFinder$1
instanceKlass java/nio/file/Path
instanceKlass java/nio/file/Watchable
instanceKlass java/lang/module/Resolver
instanceKlass java/lang/module/Configuration
instanceKlass java/util/ImmutableCollections$Set12$1
instanceKlass java/util/stream/FindOps$FindOp
instanceKlass java/util/stream/FindOps$FindSink
instanceKlass java/util/stream/FindOps
instanceKlass java/util/stream/Sink$ChainedReference
instanceKlass java/util/stream/ReduceOps$AccumulatingSink
instanceKlass java/util/stream/TerminalSink
instanceKlass java/util/stream/Sink
instanceKlass java/util/function/Consumer
instanceKlass java/util/stream/ReduceOps$Box
instanceKlass java/util/stream/ReduceOps$ReduceOp
instanceKlass java/util/stream/TerminalOp
instanceKlass java/util/stream/ReduceOps
instanceKlass java/util/function/BinaryOperator
instanceKlass java/util/function/BiFunction
instanceKlass java/util/function/BiConsumer
instanceKlass java/util/stream/Collectors$CollectorImpl
instanceKlass java/util/stream/Collector
instanceKlass java/util/Collections$UnmodifiableCollection
instanceKlass java/util/stream/Collectors
instanceKlass java/lang/ref/Cleaner$Cleanable
instanceKlass jdk/internal/ref/CleanerImpl
instanceKlass java/lang/ref/Cleaner$1
instanceKlass java/lang/ref/Cleaner
instanceKlass jdk/internal/ref/CleanerFactory$1
instanceKlass java/util/concurrent/ThreadFactory
instanceKlass jdk/internal/ref/CleanerFactory
instanceKlass java/lang/invoke/MethodHandles$Lookup$ClassDefiner
instanceKlass java/lang/invoke/MethodHandles$Lookup$ClassFile
instanceKlass jdk/internal/org/objectweb/asm/Handler
instanceKlass jdk/internal/org/objectweb/asm/Attribute
instanceKlass jdk/internal/org/objectweb/asm/FieldVisitor
instanceKlass java/util/ArrayList$Itr
instanceKlass java/lang/invoke/InvokerBytecodeGenerator$ClassData
instanceKlass jdk/internal/org/objectweb/asm/AnnotationVisitor
instanceKlass jdk/internal/org/objectweb/asm/Frame
instanceKlass jdk/internal/org/objectweb/asm/Label
instanceKlass jdk/internal/org/objectweb/asm/MethodVisitor
instanceKlass java/lang/invoke/LambdaFormBuffer
instanceKlass java/lang/invoke/LambdaFormEditor$TransformKey
instanceKlass java/lang/invoke/LambdaFormEditor
instanceKlass sun/invoke/util/Wrapper$1
instanceKlass java/lang/invoke/DelegatingMethodHandle$Holder
instanceKlass java/lang/invoke/DirectMethodHandle$2
instanceKlass sun/invoke/empty/Empty
instanceKlass sun/invoke/util/VerifyType
instanceKlass java/lang/invoke/ClassSpecializer$Factory
instanceKlass java/lang/invoke/ClassSpecializer$SpeciesData
instanceKlass java/lang/invoke/ClassSpecializer$1
instanceKlass java/util/function/Function
instanceKlass java/lang/invoke/ClassSpecializer
instanceKlass java/lang/invoke/InnerClassLambdaMetafactory$1
instanceKlass java/lang/invoke/LambdaProxyClassArchive
instanceKlass jdk/internal/org/objectweb/asm/ByteVector
instanceKlass jdk/internal/org/objectweb/asm/Symbol
instanceKlass jdk/internal/org/objectweb/asm/SymbolTable
instanceKlass jdk/internal/org/objectweb/asm/ClassVisitor
instanceKlass java/lang/invoke/InfoFromMemberName
instanceKlass java/lang/invoke/MethodHandleInfo
instanceKlass jdk/internal/org/objectweb/asm/ConstantDynamic
instanceKlass sun/invoke/util/BytecodeDescriptor
instanceKlass jdk/internal/org/objectweb/asm/Handle
instanceKlass sun/security/action/GetBooleanAction
instanceKlass jdk/internal/org/objectweb/asm/Type
instanceKlass java/lang/invoke/AbstractValidatingLambdaMetafactory
instanceKlass java/lang/invoke/MethodHandleImpl$1
instanceKlass jdk/internal/access/JavaLangInvokeAccess
instanceKlass java/lang/invoke/Invokers$Holder
instanceKlass java/lang/invoke/BootstrapMethodInvoker
instanceKlass java/util/function/Predicate
instanceKlass java/lang/WeakPairMap$Pair$Lookup
instanceKlass java/lang/WeakPairMap$Pair
instanceKlass java/lang/WeakPairMap
instanceKlass java/lang/Module$ReflectionData
instanceKlass java/lang/invoke/InvokerBytecodeGenerator$2
instanceKlass java/lang/invoke/InvokerBytecodeGenerator
instanceKlass java/lang/invoke/LambdaForm$Holder
instanceKlass java/lang/invoke/LambdaForm$Name
instanceKlass java/lang/reflect/Array
instanceKlass java/lang/invoke/Invokers
instanceKlass java/lang/invoke/MethodHandleImpl
instanceKlass sun/invoke/util/ValueConversions
instanceKlass java/lang/invoke/DirectMethodHandle$Holder
instanceKlass java/lang/invoke/LambdaForm$NamedFunction
instanceKlass sun/invoke/util/Wrapper$Format
instanceKlass java/lang/invoke/MethodTypeForm
instanceKlass java/lang/Void
instanceKlass java/lang/invoke/MethodType$ConcurrentWeakInternSet
instanceKlass java/lang/invoke/LambdaMetafactory
instanceKlass sun/reflect/annotation/AnnotationParser
instanceKlass java/lang/Class$3
instanceKlass java/lang/PublicMethods$Key
instanceKlass java/lang/PublicMethods$MethodList
instanceKlass java/lang/Class$Atomic
instanceKlass java/lang/Class$ReflectionData
instanceKlass java/util/EnumMap$1
instanceKlass java/util/stream/StreamOpFlag$MaskBuilder
instanceKlass java/util/stream/Stream
instanceKlass java/util/stream/BaseStream
instanceKlass java/util/stream/PipelineHelper
instanceKlass java/util/stream/StreamSupport
instanceKlass java/util/Spliterators$IteratorSpliterator
instanceKlass java/util/Spliterator$OfDouble
instanceKlass java/util/Spliterator$OfLong
instanceKlass java/util/Spliterator$OfInt
instanceKlass java/util/Spliterator$OfPrimitive
instanceKlass java/util/Spliterator
instanceKlass java/util/Spliterators$EmptySpliterator
instanceKlass java/util/Spliterators
instanceKlass jdk/internal/module/DefaultRoots
instanceKlass java/util/ImmutableCollections$SetN$SetNIterator
instanceKlass jdk/internal/loader/BuiltinClassLoader$LoadedModule
instanceKlass jdk/internal/loader/AbstractClassLoaderValue
instanceKlass jdk/internal/module/ServicesCatalog
instanceKlass jdk/internal/util/Preconditions
instanceKlass sun/net/util/IPAddressUtil
instanceKlass java/net/URLStreamHandler
instanceKlass java/lang/StringUTF16
instanceKlass java/util/HexFormat
instanceKlass sun/net/www/ParseUtil
instanceKlass java/net/URL$3
instanceKlass jdk/internal/access/JavaNetURLAccess
instanceKlass java/net/URL$DefaultFactory
instanceKlass java/net/URLStreamHandlerFactory
instanceKlass jdk/internal/loader/URLClassPath
instanceKlass java/security/Principal
instanceKlass java/security/ProtectionDomain$Key
instanceKlass java/security/ProtectionDomain$JavaSecurityAccessImpl
instanceKlass jdk/internal/access/JavaSecurityAccess
instanceKlass java/lang/ClassLoader$ParallelLoaders
instanceKlass java/security/cert/Certificate
instanceKlass jdk/internal/loader/ArchivedClassLoaders
instanceKlass java/util/Deque
instanceKlass java/util/Queue
instanceKlass jdk/internal/loader/ClassLoaderHelper
instanceKlass jdk/internal/loader/NativeLibraries
instanceKlass jdk/internal/loader/BootLoader
instanceKlass java/util/Optional
instanceKlass jdk/internal/module/SystemModuleFinders$SystemModuleFinder
instanceKlass java/lang/module/ModuleFinder
instanceKlass jdk/internal/module/SystemModuleFinders$3
instanceKlass jdk/internal/module/ModuleHashes$HashSupplier
instanceKlass jdk/internal/module/SystemModuleFinders$2
instanceKlass java/util/function/Supplier
instanceKlass java/lang/module/ModuleReference
instanceKlass jdk/internal/module/ModuleResolution
instanceKlass java/util/Collections$UnmodifiableMap
instanceKlass jdk/internal/module/ModuleHashes$Builder
instanceKlass jdk/internal/module/ModuleHashes
instanceKlass jdk/internal/module/ModuleTarget
instanceKlass java/lang/Enum
instanceKlass java/lang/module/ModuleDescriptor$Version
instanceKlass java/lang/module/ModuleDescriptor$Provides
instanceKlass java/lang/module/ModuleDescriptor$Opens
instanceKlass java/lang/module/ModuleDescriptor$Exports
instanceKlass java/lang/module/ModuleDescriptor$Requires
instanceKlass jdk/internal/module/Builder
instanceKlass jdk/internal/module/SystemModules$all
instanceKlass jdk/internal/module/SystemModules
instanceKlass jdk/internal/module/SystemModulesMap
instanceKlass java/net/URI$1
instanceKlass jdk/internal/access/JavaNetUriAccess
instanceKlass java/net/URI
instanceKlass jdk/internal/module/SystemModuleFinders
instanceKlass jdk/internal/module/ArchivedModuleGraph
instanceKlass jdk/internal/module/ArchivedBootLayer
instanceKlass jdk/internal/module/ModuleBootstrap$Counters
instanceKlass jdk/internal/module/ModulePatcher
instanceKlass jdk/internal/util/ArraysSupport
instanceKlass java/io/FileSystem
instanceKlass java/io/DefaultFileSystem
instanceKlass java/io/File
instanceKlass java/lang/module/ModuleDescriptor$1
instanceKlass jdk/internal/access/JavaLangModuleAccess
instanceKlass java/lang/reflect/Modifier
instanceKlass sun/invoke/util/VerifyAccess
instanceKlass java/lang/module/ModuleDescriptor
instanceKlass jdk/internal/module/ModuleBootstrap
instanceKlass java/lang/invoke/MethodHandleStatics
instanceKlass java/util/Collections
instanceKlass sun/io/Win32ErrorMode
instanceKlass jdk/internal/misc/OSEnvironment
instanceKlass jdk/internal/misc/Signal$NativeHandler
instanceKlass java/util/Hashtable$Entry
instanceKlass jdk/internal/misc/Signal
instanceKlass java/lang/Terminator$1
instanceKlass jdk/internal/misc/Signal$Handler
instanceKlass java/lang/Terminator
instanceKlass java/nio/ByteOrder
instanceKlass java/nio/Buffer$1
instanceKlass jdk/internal/access/JavaNioAccess
instanceKlass jdk/internal/misc/ScopedMemoryAccess
instanceKlass java/nio/charset/CodingErrorAction
instanceKlass java/nio/charset/CharsetEncoder
instanceKlass sun/nio/cs/HistoricallyNamedCharset
instanceKlass sun/security/action/GetPropertyAction
instanceKlass java/lang/ThreadLocal
instanceKlass java/nio/charset/spi/CharsetProvider
instanceKlass java/nio/charset/Charset
instanceKlass java/io/Writer
instanceKlass java/io/OutputStream
instanceKlass java/io/Flushable
instanceKlass java/io/FileDescriptor$1
instanceKlass jdk/internal/access/JavaIOFileDescriptorAccess
instanceKlass java/io/FileDescriptor
instanceKlass jdk/internal/util/StaticProperty
instanceKlass java/util/HashMap$HashIterator
instanceKlass java/lang/Integer$IntegerCache
instanceKlass java/lang/CharacterData
instanceKlass java/util/Arrays
instanceKlass java/lang/VersionProps
instanceKlass java/lang/StringConcatHelper
instanceKlass jdk/internal/misc/VM
instanceKlass jdk/internal/util/SystemProps$Raw
instanceKlass jdk/internal/util/SystemProps
instanceKlass java/lang/System$2
instanceKlass jdk/internal/access/JavaLangAccess
instanceKlass java/lang/ref/Reference$1
instanceKlass jdk/internal/access/JavaLangRefAccess
instanceKlass java/lang/ref/ReferenceQueue$Lock
instanceKlass java/lang/ref/ReferenceQueue
instanceKlass jdk/internal/reflect/ReflectionFactory
instanceKlass jdk/internal/reflect/ReflectionFactory$GetReflectionFactoryAction
instanceKlass java/security/PrivilegedAction
instanceKlass java/util/concurrent/locks/LockSupport
instanceKlass java/util/concurrent/ConcurrentHashMap$Node
instanceKlass java/util/concurrent/ConcurrentHashMap$CounterCell
instanceKlass java/util/concurrent/locks/ReentrantLock
instanceKlass java/util/concurrent/locks/Lock
instanceKlass java/lang/Runtime
instanceKlass java/util/HashMap$Node
instanceKlass java/util/KeyValueHolder
instanceKlass java/util/Map$Entry
instanceKlass java/util/ImmutableCollections$MapN$MapNIterator
instanceKlass java/lang/Math
instanceKlass jdk/internal/reflect/Reflection
instanceKlass java/lang/invoke/MethodHandles$Lookup
instanceKlass java/lang/StringLatin1
instanceKlass java/security/Permission
instanceKlass java/security/Guard
instanceKlass java/lang/invoke/MemberName$Factory
instanceKlass java/lang/invoke/MethodHandles
instanceKlass jdk/internal/access/SharedSecrets
instanceKlass java/lang/reflect/ReflectAccess
instanceKlass jdk/internal/access/JavaLangReflectAccess
instanceKlass java/util/ImmutableCollections
instanceKlass java/util/Objects
instanceKlass java/util/Set
instanceKlass jdk/internal/misc/CDS
instanceKlass java/lang/Module$ArchivedData
instanceKlass java/lang/String$CaseInsensitiveComparator
instanceKlass java/util/Comparator
instanceKlass java/io/ObjectStreamField
instanceKlass jdk/internal/vm/vector/VectorSupport$VectorPayload
instanceKlass jdk/internal/vm/vector/VectorSupport
instanceKlass java/lang/reflect/RecordComponent
instanceKlass java/util/Iterator
instanceKlass java/lang/Number
instanceKlass java/lang/Character
instanceKlass java/lang/Boolean
instanceKlass java/util/concurrent/locks/AbstractOwnableSynchronizer
instanceKlass java/lang/LiveStackFrame
instanceKlass java/lang/StackFrameInfo
instanceKlass java/lang/StackWalker$StackFrame
instanceKlass java/lang/StackStreamFactory$AbstractStackWalker
instanceKlass java/lang/StackWalker
instanceKlass java/nio/Buffer
instanceKlass java/lang/StackTraceElement
instanceKlass java/util/RandomAccess
instanceKlass java/util/List
instanceKlass java/util/AbstractCollection
instanceKlass java/util/Collection
instanceKlass java/lang/Iterable
instanceKlass java/util/concurrent/ConcurrentMap
instanceKlass java/util/AbstractMap
instanceKlass java/security/CodeSource
instanceKlass jdk/internal/loader/ClassLoaders
instanceKlass java/util/jar/Manifest
instanceKlass java/net/URL
instanceKlass java/io/InputStream
instanceKlass java/io/Closeable
instanceKlass java/lang/AutoCloseable
instanceKlass jdk/internal/module/Modules
instanceKlass jdk/internal/misc/Unsafe
instanceKlass jdk/internal/misc/UnsafeConstants
instanceKlass java/lang/AbstractStringBuilder
instanceKlass java/lang/Appendable
instanceKlass java/lang/AssertionStatusDirectives
instanceKlass java/lang/invoke/MethodHandleNatives$CallSiteContext
instanceKlass jdk/internal/invoke/NativeEntryPoint
instanceKlass java/lang/invoke/CallSite
instanceKlass java/lang/invoke/MethodType
instanceKlass java/lang/invoke/TypeDescriptor$OfMethod
instanceKlass java/lang/invoke/LambdaForm
instanceKlass java/lang/invoke/MethodHandleNatives
instanceKlass java/lang/invoke/ResolvedMethodName
instanceKlass java/lang/invoke/MemberName
instanceKlass java/lang/invoke/VarHandle
instanceKlass java/lang/invoke/MethodHandle
instanceKlass jdk/internal/reflect/CallerSensitive
instanceKlass java/lang/annotation/Annotation
instanceKlass jdk/internal/reflect/FieldAccessor
instanceKlass jdk/internal/reflect/ConstantPool
instanceKlass jdk/internal/reflect/ConstructorAccessor
instanceKlass jdk/internal/reflect/MethodAccessor
instanceKlass jdk/internal/reflect/MagicAccessorImpl
instanceKlass java/lang/reflect/Parameter
instanceKlass java/lang/reflect/Member
instanceKlass java/lang/reflect/AccessibleObject
instanceKlass java/lang/Module
instanceKlass java/util/Map
instanceKlass java/util/Dictionary
instanceKlass java/lang/ThreadGroup
instanceKlass java/lang/Thread$UncaughtExceptionHandler
instanceKlass java/lang/Thread
instanceKlass java/lang/Runnable
instanceKlass java/lang/ref/Reference
instanceKlass java/lang/Record
instanceKlass java/security/AccessController
instanceKlass java/security/AccessControlContext
instanceKlass java/security/ProtectionDomain
instanceKlass java/lang/SecurityManager
instanceKlass java/lang/Throwable
instanceKlass java/lang/System
instanceKlass java/lang/ClassLoader
instanceKlass java/lang/Cloneable
instanceKlass java/lang/Class
instanceKlass java/lang/invoke/TypeDescriptor$OfField
instanceKlass java/lang/invoke/TypeDescriptor
instanceKlass java/lang/reflect/Type
instanceKlass java/lang/reflect/GenericDeclaration
instanceKlass java/lang/reflect/AnnotatedElement
instanceKlass java/lang/String
instanceKlass java/lang/constant/ConstantDesc
instanceKlass java/lang/constant/Constable
instanceKlass java/lang/CharSequence
instanceKlass java/lang/Comparable
instanceKlass java/io/Serializable
ciInstanceKlass java/lang/Object 1 1 92 7 1 10 12 1 1 10 7 12 1 1 1 10 7 12 1 1 1 10 12 1 1 8 1 10 12 1 1 10 7 12 1 1 1 10 12 1 10 12 1 1 100 1 8 1 10 12 1 3 8 1 100 1 5 0 1 1 1 1 1 1 1 1 1 1 1 1 1 1 1 1 7 1 1 1 7 1 1 1 1 1 1 1 7 1 1 1 1 1 1 1
ciInstanceKlass java/lang/Class 1 1 1611 10 7 12 1 1 1 9 7 12 1 1 1 9 12 1 1 7 1 10 10 12 1 1 8 1 10 12 1 8 1 8 1 10 12 1 1 10 12 1 1 10 12 1 10 10 12 1 10 12 1 1 10 12 1 1 10 7 12 1 1 10 12 1 10 12 1 10 12 1 8 1 10 12 1 8 1 10 12 1 8 1 8 1 10 12 1 1 10 7 12 1 1 1 18 12 1 1 11 7 12 1 1 1 8 1 8 1 8 1 10 7 12 1 1 1 11 12 1 1 7 1 8 1 10 12 1 11 7 12 1 1 1 10 12 1 1 11 8 1 18 8 1 10 12 1 10 7 12 1 1 10 7 12 1 1 1 10 12 1 1 10 7 12 1 1 1 9 100 12 1 1 1 10 100 12 1 1 1 10 7 12 1 1 1 10 12 1 1 18 12 1 1 10 7 12 1 1 1 10 7 12 1 1 10 12 1 1 10 7 1 100 1 10 12 1 1 9 12 1 1 7 1 8 1 10 12 1 10 12 1 1 10 12 1 1 10 7 12 1 1 1 7 1 10 12 1 7 1 7 1 10 10 12 1 1 10 12 1 1 100 1 10 100 12 1 1 1 10 12 1 1 10 12 1 1 9 12 1 1 10 12 1 10 12 1 10 12 1 1 9 12 1 1 9 12 1 1 10 12 1 1 10 7 1 10 12 1 10 12 1 10 12 1 1 10 9 12 1 10 12 1 8 1 10 12 1 1 10 12 1 1 10 12 1 10 12 1 1 10 12 1 1 10 12 1 1 9 7 12 1 1 1 10 7 12 1 1 10 12 10 12 1 10 12 1 1 10 100 12 1 1 10 12 1 10 12 1 1 10 100 12 1 1 1 10 12 1 10 12 1 1 10 12 1 10 12 1 10 12 1 1 10 7 1 10 10 10 12 1 1 10 12 1 1 10 12 10 12 1 1 100 1 8 1 10 10 12 1 1 10 12 1 100 1 11 12 1 10 7 12 1 1 10 12 1 10 12 1 10 100 12 1 1 10 10 12 1 1 8 1 10 12 1 10 12 1 1 8 1 9 12 1 10 12 1 10 12 1 10 12 1 10 12 100 1 9 12 1 10 12 1 9 12 1 10 12 1 10 12 1 10 12 1 10 10 12 1 10 12 1 10 12 1 10 12 1 10 12 1 10 12 1 100 1 10 12 1 10 12 1 1 10 12 1 1 10 12 1 1 10 12 1 1 10 12 1 1 10 12 1 1 7 1 10 10 12 1 1 10 12 1 1 10 12 1 1 10 10 12 1 10 12 1 1 10 12 1 1 10 12 1 1 10 12 1 1 7 1 10 10 12 11 100 12 1 1 10 12 1 1 10 12 1 10 7 12 1 1 1 10 12 1 1 10 10 12 1 1 100 1 10 10 12 1 1 10 100 12 1 1 1 100 1 7 1 10 12 1 1 10 12 1 10 10 12 1 1 10 12 1 10 12 1 10 12 1 10 100 12 1 1 1 11 7 12 1 1 10 12 1 10 12 1 9 12 1 10 12 1 1 10 12 1 9 12 1 1 100 1 10 9 12 1 1 10 12 100 1 10 12 1 9 12 1 10 100 12 1 1 1 10 12 1 10 12 1 10 100 12 1 1 1 10 12 1 10 12 10 12 1 1 100 1 10 8 1 10 12 1 11 11 12 1 1 11 7 12 1 1 11 12 1 8 1 10 12 1 10 12 1 1 9 12 1 9 12 1 1 10 7 12 1 1 9 12 1 10 12 1 1 10 10 12 1 10 7 12 1 1 1 10 7 12 1 1 10 7 12 1 1 9 12 1 1 10 12 1 9 12 1 10 12 1 10 12 1 1 9 12 1 1 9 12 1 10 12 1 10 12 1 1 9 12 1 7 1 10 10 12 1 1 7 1 10 12 1 1 7 11 7 1 9 12 1 1 9 12 1 100 1 10 12 1 9 12 1 1 9 12 1 10 12 1 10 12 1 1 9 12 1 7 1 10 10 12 1 1 10 10 12 1 1 10 12 10 10 12 1 9 12 1 10 12 1 1 10 7 12 1 1 1 10 12 1 1 10 12 1 8 10 7 8 1 18 8 1 8 1 10 12 1 9 12 1 9 12 1 1 10 12 1 7 1 7 1 10 12 1 9 12 1 1 7 1 10 10 12 1 10 7 1 9 12 1 8 1 10 12 1 7 1 10 12 1 10 12 1 1 9 12 1 100 1 8 1 10 7 1 4 10 10 12 11 7 12 1 1 1 10 12 1 100 1 10 12 1 1 10 8 1 8 1 10 12 1 1 9 7 12 1 1 11 12 7 1 11 7 12 1 1 9 12 1 10 100 12 1 1 1 10 7 12 1 1 10 12 1 1 9 12 1 9 10 12 1 1 10 12 1 1 10 12 1 1 10 12 1 1 10 12 1 1 11 12 1 7 1 11 12 1 10 7 12 1 1 1 10 12 1 7 1 11 12 1 10 100 12 1 1 1 10 12 1 10 11 12 1 11 12 1 1 10 12 1 10 12 1 1 9 12 1 1 9 100 12 1 1 10 12 1 10 100 12 1 1 1 10 12 1 1 10 12 1 10 12 1 10 12 1 10 7 12 1 1 1 10 12 1 8 1 10 12 1 10 12 1 10 12 1 10 100 12 1 1 1 11 100 12 1 1 1 10 12 1 1 10 12 1 18 12 1 1 11 12 1 1 18 11 12 1 18 12 1 11 12 1 10 12 1 1 10 12 1 10 12 1 10 12 10 12 1 8 1 10 12 1 7 1 9 12 1 1 100 1 100 1 100 1 100 1 100 1 1 1 3 1 3 1 3 1 1 1 1 1 1 1 5 0 1 1 1 1 1 1 1 1 1 1 1 1 1 1 1 1 1 1 1 1 1 1 1 100 1 1 1 1 1 1 1 100 1 1 1 1 1 1 7 1 1 1 1 1 1 1 1 1 1 1 1 1 1 1 1 1 1 1 1 1 1 1 1 1 1 1 1 1 1 1 1 1 1 1 1 1 1 100 1 1 1 1 1 1 1 1 1 1 1 1 1 1 1 1 1 1 1 1 1 1 1 1 1 1 1 1 100 1 1 1 1 1 1 1 1 1 1 1 1 1 1 1 1 1 1 1 1 1 1 1 1 1 1 1 1 1 1 1 1 1 1 1 1 1 1 1 1 1 1 1 1 1 1 1 1 1 1 1 1 1 100 1 100 1 1 1 1 1 1 1 1 1 1 1 1 1 1 1 1 1 1 1 1 1 1 1 1 1 1 1 1 1 1 1 1 1 1 1 1 1 1 1 1 1 1 1 1 1 1 1 1 1 1 1 1 1 1 1 1 1 1 1 1 1 1 1 100 1 1 1 1 1 1 1 1 1 1 1 1 1 1 1 1 1 1 1 1 1 1 1 1 1 1 1 1 1 1 1 1 1 1 1 1 1 1 1 1 1 1 1 1 1 1 1 1 1 1 1 1 1 1 1 1 1 1 1 1 1 1 1 1 1 1 1 1 15 10 7 12 1 1 1 16 15 10 12 16 15 11 12 16 1 16 15 16 15 10 12 16 16 15 10 12 16 15 16 1 15 10 12 16 1 1 1 1 1 1 1 1 100 1 1 100 1 100 1 1 100 1 100 1 1
staticfield java/lang/Class EMPTY_CLASS_ARRAY [Ljava/lang/Class; 0 [Ljava/lang/Class;
staticfield java/lang/Class serialPersistentFields [Ljava/io/ObjectStreamField; 0 [Ljava/io/ObjectStreamField;
ciInstanceKlass java/io/Serializable 1 1 7 100 1 100 1 1 1
instanceKlass jdk/internal/vm/vector/VectorSupport$VectorShuffle
instanceKlass jdk/internal/vm/vector/VectorSupport$VectorMask
instanceKlass jdk/internal/vm/vector/VectorSupport$Vector
ciInstanceKlass jdk/internal/vm/vector/VectorSupport$VectorPayload 0 0 32 10 100 12 1 1 1 9 100 12 1 1 1 10 100 12 1 1 1 1 1 1 1 1 1 1 1 1 1 1 1 1
ciInstanceKlass jdk/internal/vm/vector/VectorSupport$VectorShuffle 0 0 28 10 100 12 1 1 1 100 1 1 1 1 1 1 1 1 1 1 1 1 1 1 1 100 1 1 1 1
ciInstanceKlass jdk/internal/vm/vector/VectorSupport$VectorMask 0 0 28 10 100 12 1 1 1 100 1 1 1 1 1 1 1 1 1 1 1 1 1 1 1 100 1 1 1 1
ciInstanceKlass jdk/internal/vm/vector/VectorSupport$Vector 0 0 28 10 100 12 1 1 1 100 1 1 1 1 1 1 1 1 1 1 1 1 1 1 1 100 1 1 1 1
ciInstanceKlass jdk/internal/vm/vector/VectorSupport 0 0 487 100 1 10 100 12 1 1 1 9 12 1 1 10 12 1 1 100 1 10 12 1 11 100 12 1 1 1 11 100 12 1 1 1 11 100 12 1 1 11 100 12 1 1 1 11 100 1 100 1 10 12 1 1 11 100 12 1 1 11 100 12 1 1 100 1 11 100 12 1 1 11 100 12 1 1 11 100 12 1 1 1 11 100 12 1 1 1 11 100 12 1 1 1 11 100 12 1 1 1 100 1 10 12 1 1 11 100 12 1 1 100 1 11 100 12 1 1 11 100 12 1 1 11 100 12 1 1 11 100 1 100 1 9 12 1 1 10 100 12 1 1 11 100 12 1 1 10 12 1 1 10 100 12 1 1 1 10 12 1 10 12 1 1 10 12 1 1 1 1 1 3 1 3 1 3 1 3 1 3 1 3 1 3 1 3 1 3 1 3 1 3 1 3 1 3 1 3 1 3 1 3 1 3 1 3 1 3 1 3 1 3 1 3 1 3 1 3 1 3 1 3 1 3 1 3 1 3 1 3 1 3 1 3 1 3 1 3 1 3 1 3 1 3 1 3 1 3 1 1 1 1 1 3 1 1 1 1 1 1 3 1 1 1 1 1 1 1 1 1 1 1 1 1 1 1 1 1 1 1 1 1 1 1 1 1 1 1 1 1 1 1 1 1 1 1 1 1 1 1 1 1 1 1 1 1 1 1 1 1 1 1 1 1 1 1 1 1 1 1 1 1 1 1 1 1 1 1 1 1 1 1 1 1 1 1 1 1 1 1 1 1 1 1 1 1 1 1 1 1 1 1 1 1 1 1 1 1 1 1 1 1 1 1 1 1 1 1 1 1 1 1 1 1 1 1 1 1 1 1 1 1 1 1 1 1 1 1 1 1 1 1 1 1 1 1 1 1 1 1 1 1 1 1 1 1 1 1 1 1 1 1 1 1 1 1 1 1 1 1 1 1 1 1 1 1 1 1 1 1 1 1 1 1 1 1 1 1 1 1 1 1 1 1 1 1 1 1 1 1 1 1 1 1 1 1 1 1 1 1 100 1 100 1 1 1 1 1 1 1 1 1 1 1 1 1 1 1 1 1 1 1 1 1 1 1 1
ciInstanceKlass java/lang/reflect/RecordComponent 1 1 196 10 100 12 1 1 1 9 100 12 1 1 1 9 12 1 1 9 12 1 10 12 1 1 10 12 1 1 10 100 12 1 1 1 10 12 1 1 9 12 1 1 10 12 1 1 10 12 1 1 10 12 1 10 100 12 1 1 10 100 12 1 1 9 12 1 1 10 100 12 1 1 1 11 100 12 1 1 1 10 9 100 12 1 1 1 10 100 12 1 1 1 9 12 1 1 10 100 12 1 1 1 10 12 1 1 11 100 12 1 1 10 100 12 1 1 100 1 9 12 1 9 12 1 1 9 12 1 10 100 12 1 1 1 10 12 1 1 10 12 1 1 100 1 10 10 12 1 10 12 1 1 8 1 10 12 1 10 12 1 9 12 1 100 1 1 1 1 1 1 1 1 1 1 1 1 1 1 1 1 1 1 1 1 1 1 100 1 1 1 1 1 1 100 1 1
ciInstanceKlass java/util/Iterator 1 1 53 100 1 8 1 10 12 1 1 10 7 12 1 1 1 11 7 12 1 1 1 11 12 1 1 11 7 12 1 1 1 100 1 1 1 1 1 1 1 1 1 1 1 1 1 1 1 1 1 1 1 1 1
instanceKlass com/sun/prism/shape/ShapeRep$InvalidationType
instanceKlass java/time/chrono/IsoEra
instanceKlass java/time/DayOfWeek
instanceKlass java/util/Formatter$BigDecimalLayoutForm
instanceKlass org/hibernate/loader/ast/internal/CacheEntityLoaderHelper$EntityStatus
instanceKlass org/hibernate/sql/results/graph/entity/internal/EntitySelectFetchInitializer$State
instanceKlass org/hibernate/sql/results/graph/entity/internal/EntitySelectFetchInitializerBuilder$BatchMode
instanceKlass org/hibernate/sql/ast/tree/predicate/Junction$Nature
instanceKlass org/hibernate/graph/GraphSemantic
instanceKlass javafx/scene/input/ScrollEvent$VerticalTextScrollUnits
instanceKlass javafx/scene/input/ScrollEvent$HorizontalTextScrollUnits
instanceKlass javafx/scene/Scene$DragDetectedState
instanceKlass com/sun/javafx/sg/prism/NGNode$RenderRootResult
instanceKlass com/sun/scenario/effect/impl/state/LinearConvolveRenderState$PassType
instanceKlass com/sun/javafx/geom/Path2D$CornerPrefix
instanceKlass com/sun/scenario/effect/impl/state/RenderState$EffectCoordinateSpace
instanceKlass com/sun/scenario/effect/impl/Renderer$RendererState
instanceKlass com/sun/scenario/effect/Effect$AccelType
instanceKlass com/sun/javafx/geom/transform/BaseTransform$Degree
instanceKlass com/sun/prism/CompositeMode
instanceKlass com/sun/prism/Texture$Usage
instanceKlass com/sun/prism/PixelFormat$DataType
instanceKlass com/sun/prism/PixelFormat
instanceKlass com/sun/prism/Texture$WrapMode
instanceKlass com/sun/javafx/sg/prism/NodeEffectInput$RenderType
instanceKlass com/sun/scenario/effect/AbstractShadow$ShadowMode
instanceKlass com/sun/javafx/sg/prism/CacheFilter$ScrollCacheState
instanceKlass javafx/scene/control/SelectionMode
instanceKlass javafx/scene/control/skin/ComboBoxMode
instanceKlass javafx/scene/shape/FillRule
instanceKlass javafx/scene/control/skin/TextInputControlSkin$Direction
instanceKlass javafx/scene/control/skin/TextInputControlSkin$TextUnit
instanceKlass javafx/animation/Animation$Status
instanceKlass com/sun/javafx/cursor/CursorType
instanceKlass com/sun/javafx/effect/EffectDirtyBits
instanceKlass javafx/scene/text/FontSmoothingType
instanceKlass com/sun/javafx/scene/control/inputmap/KeyBinding$OptionalBoolean
instanceKlass com/sun/javafx/geom/BaseBounds$BoundsType
instanceKlass javafx/stage/PopupWindow$AnchorLocation
instanceKlass com/sun/prism/paint/Paint$Type
instanceKlass com/sun/scenario/effect/Blend$Mode
instanceKlass com/sun/javafx/sg/prism/NGNode$DirtyFlag
instanceKlass com/sun/javafx/tk/quantum/SwipeGestureRecognizer$SwipeRecognitionState
instanceKlass com/sun/glass/ui/GestureSupport$GestureState$StateId
instanceKlass com/sun/javafx/tk/FocusCause
instanceKlass javafx/scene/input/KeyCombination$ModifierValue
instanceKlass com/sun/javafx/logging/PlatformLogger$Level
instanceKlass javafx/scene/text/FontWeight
instanceKlass javafx/scene/text/FontPosture
instanceKlass javafx/scene/input/MouseButton
instanceKlass javafx/scene/Scene$DirtyBits
instanceKlass org/hibernate/sql/results/graph/collection/internal/AbstractCollectionInitializer$State
instanceKlass org/hibernate/engine/internal/AbstractEntityEntry$BooleanState
instanceKlass org/hibernate/engine/spi/Status
instanceKlass org/hibernate/engine/internal/StatefulPersistenceContext$EntityHolderState
instanceKlass org/hibernate/sql/results/graph/entity/AbstractEntityInitializer$State
instanceKlass org/hibernate/persister/entity/EntityNameUse$UseKind
instanceKlass org/hibernate/ScrollMode
instanceKlass org/hibernate/sql/results/spi/ListResultsConsumer$UniqueSemantic
instanceKlass org/springframework/data/jpa/repository/query/QueryParameterSetter$ErrorHandling
instanceKlass org/springframework/data/jpa/repository/query/JpaResultConverters$BlobToByteArrayConverter
instanceKlass org/springframework/data/repository/core/support/RepositoryMethodInvocationListener$RepositoryMethodInvocationResult$State
instanceKlass javafx/geometry/Side
instanceKlass javafx/scene/control/ScrollPane$ScrollBarPolicy
instanceKlass javafx/scene/control/TableColumn$SortType
instanceKlass javafx/scene/control/TableUtil$SortEventType
instanceKlass com/sun/javafx/scene/control/ConstrainedColumnResize$ResizeMode
instanceKlass javafx/scene/layout/Priority
instanceKlass javafx/scene/control/ContentDisplay
instanceKlass javafx/scene/AccessibleAttribute$ToggleState
instanceKlass javafx/fxml/FXMLLoader$SupportedType
instanceKlass javafx/scene/layout/BackgroundRepeat
instanceKlass javafx/scene/effect/BlurType
instanceKlass javafx/scene/paint/CycleMethod
instanceKlass javafx/css/SizeUnits
instanceKlass com/sun/javafx/css/Combinator
instanceKlass javafx/css/StyleOrigin
instanceKlass javafx/scene/control/OverrunStyle
instanceKlass com/sun/javafx/sg/prism/NGShape$Mode
instanceKlass javafx/scene/text/TextAlignment
instanceKlass javafx/scene/text/TextBoundsType
instanceKlass javafx/scene/shape/StrokeLineCap
instanceKlass javafx/scene/shape/StrokeLineJoin
instanceKlass javafx/scene/shape/StrokeType
instanceKlass javafx/scene/input/KeyCode
instanceKlass javafx/scene/image/PixelFormat$Type
instanceKlass javafx/scene/input/TransferMode
instanceKlass javafx/scene/AccessibleAction
instanceKlass javafx/scene/effect/BlendMode
instanceKlass com/sun/javafx/scene/traversal/TraversalMethod
instanceKlass com/sun/javafx/scene/traversal/Direction
instanceKlass javafx/geometry/NodeOrientation
instanceKlass javafx/scene/AccessibleAttribute
instanceKlass javafx/geometry/VPos
instanceKlass javafx/geometry/HPos
instanceKlass javafx/geometry/Orientation
instanceKlass javafx/geometry/Pos
instanceKlass javafx/scene/AccessibleRole
instanceKlass com/sun/javafx/scene/LayoutFlags
instanceKlass com/sun/javafx/scene/DirtyBits
instanceKlass javafx/scene/DepthTest
instanceKlass javafx/scene/CacheHint
instanceKlass com/sun/javafx/scene/CssFlags
instanceKlass com/sun/org/apache/xerces/internal/impl/XMLScanner$NameType
instanceKlass jdk/xml/internal/JdkProperty$ImplPropMap
instanceKlass javax/xml/catalog/CatalogFeatures$Feature
instanceKlass com/sun/org/apache/xerces/internal/utils/XMLSecurityPropertyManager$Property
instanceKlass com/sun/org/apache/xerces/internal/utils/XMLSecurityPropertyManager$State
instanceKlass com/sun/org/apache/xerces/internal/utils/XMLSecurityManager$NameMap
instanceKlass jdk/xml/internal/JdkProperty$State
instanceKlass com/sun/org/apache/xerces/internal/utils/XMLSecurityManager$Limit
instanceKlass com/sun/javafx/application/PlatformImpl$HighContrastScheme
instanceKlass javafx/application/ConditionalFeature
instanceKlass javafx/stage/Modality
instanceKlass javafx/stage/StageStyle
instanceKlass org/springframework/core/ResolvableType$WildcardBounds$Kind
instanceKlass org/springframework/boot/availability/ReadinessState
instanceKlass org/springframework/boot/availability/LivenessState
instanceKlass org/hibernate/query/sqm/tree/expression/NumericTypeCategory
instanceKlass org/hibernate/query/sqm/BinaryArithmeticOperator
instanceKlass org/hibernate/query/sqm/SetOperator
instanceKlass org/hibernate/query/hql/internal/SemanticQueryBuilder$ParameterStyle
instanceKlass org/springframework/data/jpa/repository/query/AbstractStringBasedJpaQuery$NoOpQuerySortRewriter
instanceKlass org/springframework/data/jpa/repository/query/JpaQueryFactory
instanceKlass org/antlr/v4/runtime/atn/PredictionMode
instanceKlass org/antlr/v4/runtime/CodePointBuffer$Type
instanceKlass org/antlr/v4/runtime/atn/LexerActionType
instanceKlass org/antlr/v4/runtime/atn/ATNType
instanceKlass org/springframework/data/jpa/repository/query/StringQuery$ParameterBindingParser$ParameterBindingType
instanceKlass org/springframework/data/jpa/repository/query/StringQuery$ParameterBindingParser
instanceKlass jakarta/persistence/criteria/Predicate$BooleanOperator
instanceKlass org/hibernate/query/sqm/tree/SqmJoinType
instanceKlass jakarta/persistence/criteria/JoinType
instanceKlass org/hibernate/query/NullPrecedence
instanceKlass org/hibernate/query/SortDirection
instanceKlass org/springframework/data/domain/Sort$NullHandling
instanceKlass org/springframework/data/domain/Sort$Direction
instanceKlass org/hibernate/query/sqm/SqmQuerySource
instanceKlass org/springframework/data/repository/query/parser/Part$Type
instanceKlass org/springframework/data/repository/query/parser/Part$IgnoreCaseType
instanceKlass org/springframework/data/jpa/repository/QueryRewriter$IdentityQueryRewriter
instanceKlass org/springframework/data/jpa/repository/query/StoredProcedureAttributeSource
instanceKlass org/springframework/data/repository/core/support/RepositoryInvocationMulticaster$NoOpRepositoryInvocationMulticaster
instanceKlass org/springframework/data/projection/ProxyProjectionFactory$PropertyAccessingMethodInvokerFactory
instanceKlass org/springframework/data/projection/ProxyProjectionFactory$MapAccessingMethodInterceptorFactory
instanceKlass org/springframework/data/convert/Jsr310Converters$StringToInstantConverter
instanceKlass org/springframework/data/convert/Jsr310Converters$StringToLocalDateTimeConverter
instanceKlass org/springframework/data/convert/Jsr310Converters$StringToLocalDateConverter
instanceKlass org/springframework/data/convert/Jsr310Converters$StringToPeriodConverter
instanceKlass org/springframework/data/convert/Jsr310Converters$PeriodToStringConverter
instanceKlass org/springframework/data/convert/Jsr310Converters$StringToDurationConverter
instanceKlass org/springframework/data/convert/Jsr310Converters$DurationToStringConverter
instanceKlass org/springframework/data/convert/Jsr310Converters$StringToZoneIdConverter
instanceKlass org/springframework/data/convert/Jsr310Converters$ZoneIdToStringConverter
instanceKlass org/springframework/data/convert/Jsr310Converters$InstantToLocalDateTimeConverter
instanceKlass org/springframework/data/convert/Jsr310Converters$LocalDateTimeToInstantConverter
instanceKlass org/springframework/data/convert/Jsr310Converters$InstantToDateConverter
instanceKlass org/springframework/data/convert/Jsr310Converters$DateToInstantConverter
instanceKlass org/springframework/data/convert/Jsr310Converters$LocalTimeToDateConverter
instanceKlass org/springframework/data/convert/Jsr310Converters$DateToLocalTimeConverter
instanceKlass org/springframework/data/convert/Jsr310Converters$LocalDateToDateConverter
instanceKlass org/springframework/data/convert/Jsr310Converters$DateToLocalDateConverter
instanceKlass org/springframework/data/convert/Jsr310Converters$LocalDateTimeToDateConverter
instanceKlass org/springframework/data/convert/Jsr310Converters$DateToLocalDateTimeConverter
instanceKlass org/springframework/data/mapping/context/AbstractMappingContext$PersistentPropertyFilter
instanceKlass org/springframework/data/mapping/model/BeanWrapperPropertyAccessorFactory
instanceKlass org/springframework/data/mapping/model/PreferredConstructorDiscoverer$Discoverers
instanceKlass org/hibernate/engine/spi/ActionQueue$OrderedActions
instanceKlass org/springframework/data/util/NullableWrapperConverters$Jdk8OptionalUnwrapper
instanceKlass org/springframework/data/util/NullableWrapperConverters$WrapperType$Cardinality
instanceKlass org/springframework/data/repository/util/QueryExecutionConverters$WrapperType$Cardinality
instanceKlass org/springframework/data/jpa/provider/PersistenceProvider
instanceKlass org/hibernate/ReplicationMode
instanceKlass com/jobwork/config/FxmlView
instanceKlass org/hibernate/tool/schema/UniqueConstraintSchemaUpdateStrategy
instanceKlass org/hibernate/boot/model/TruthValue
instanceKlass com/mysql/cj/jdbc/DatabaseMetaDataUsingInfoSchema$FunctionConstant
instanceKlass com/mysql/cj/jdbc/DatabaseMetaData$TableType
instanceKlass org/hibernate/engine/jdbc/internal/FormatStyle
instanceKlass org/hibernate/tool/schema/JdbcMetadaAccessStrategy
instanceKlass org/hibernate/tool/schema/TargetType
instanceKlass org/hibernate/tool/schema/SourceType
instanceKlass org/hibernate/engine/transaction/jta/platform/internal/WebSphereJtaPlatform$WebSphereEnvironment
instanceKlass org/hibernate/internal/SessionOwnerBehavior
instanceKlass jakarta/persistence/metamodel/Bindable$BindableType
instanceKlass org/hibernate/metamodel/ValueClassification
instanceKlass jakarta/persistence/metamodel/Attribute$PersistentAttributeType
instanceKlass org/hibernate/metamodel/AttributeClassification
instanceKlass jakarta/persistence/metamodel/Type$PersistenceType
instanceKlass org/hibernate/metamodel/internal/JpaMetaModelPopulationSetting
instanceKlass org/hibernate/metamodel/internal/JpaStaticMetaModelPopulationSetting
instanceKlass org/hibernate/sql/exec/spi/JdbcLockStrategy
instanceKlass org/hibernate/sql/ast/spi/AbstractSqlAstTranslator$LockStrategy
instanceKlass org/hibernate/query/sqm/FrameMode
instanceKlass org/hibernate/query/sqm/FrameExclusion
instanceKlass org/hibernate/query/sqm/FrameKind
instanceKlass org/hibernate/dialect/NullOrdering
instanceKlass org/hibernate/dialect/DmlTargetColumnQualifierSupport
instanceKlass org/hibernate/dialect/SelectItemReferenceStrategy
instanceKlass org/hibernate/query/sqm/ComparisonOperator
instanceKlass org/hibernate/sql/ast/SqlAstJoinType
instanceKlass org/hibernate/query/sqm/FetchClauseType
instanceKlass org/hibernate/loader/ast/internal/LoaderSelectBuilder$RowCardinality
instanceKlass jakarta/persistence/LockModeType
instanceKlass org/hibernate/loader/ast/spi/CascadingFetchProfile
instanceKlass org/hibernate/persister/entity/mutation/AttributeAnalysis$DirtynessStatus
instanceKlass org/hibernate/sql/ast/Clause
instanceKlass org/hibernate/engine/jdbc/mutation/ParameterUsage
instanceKlass org/hibernate/generator/EventType
instanceKlass org/hibernate/persister/entity/mutation/EntityTableMapping$Flag
instanceKlass org/hibernate/metamodel/mapping/ForeignKeyDescriptor$Nature
instanceKlass org/hibernate/metamodel/mapping/internal/ToOneAttributeMapping$Cardinality
instanceKlass org/hibernate/metamodel/mapping/CollectionPart$Nature
instanceKlass org/hibernate/engine/FetchStyle
instanceKlass org/hibernate/engine/FetchTiming
instanceKlass org/hibernate/annotations/OnDeleteAction
instanceKlass org/hibernate/sql/model/MutationType
instanceKlass org/hibernate/dialect/temptable/TemporaryTableKind
instanceKlass org/hibernate/query/sqm/TemporalUnit
instanceKlass org/hibernate/sql/ComparisonRestriction$Operator
instanceKlass net/bytebuddy/implementation/bytecode/Duplication
instanceKlass net/bytebuddy/implementation/MethodCall$TerminationHandler$Simple
instanceKlass net/bytebuddy/implementation/MethodCall$MethodInvoker$ForContextualInvocation$Factory
instanceKlass net/bytebuddy/implementation/MethodCall$TargetHandler$ForConstructingInvocation$Factory
instanceKlass net/bytebuddy/implementation/MethodCall$ArgumentLoader$ForNullConstant
instanceKlass net/bytebuddy/utility/JavaType
instanceKlass net/bytebuddy/implementation/bytecode/constant/ClassConstant
instanceKlass net/bytebuddy/implementation/bytecode/member/MethodVariableAccess$MethodLoading$TypeCastingHandler$NoOp
instanceKlass net/bytebuddy/implementation/bytecode/Removal
instanceKlass net/bytebuddy/implementation/bytecode/assign/primitive/PrimitiveBoxingDelegate
instanceKlass net/bytebuddy/implementation/bytecode/assign/primitive/PrimitiveUnboxingDelegate
instanceKlass net/bytebuddy/implementation/bytecode/member/MethodInvocation
instanceKlass net/bytebuddy/implementation/bytecode/member/FieldAccess
instanceKlass net/bytebuddy/implementation/bytecode/constant/DoubleConstant
instanceKlass net/bytebuddy/implementation/bytecode/constant/FloatConstant
instanceKlass net/bytebuddy/implementation/bytecode/constant/LongConstant
instanceKlass net/bytebuddy/implementation/bytecode/constant/IntegerConstant
instanceKlass net/bytebuddy/implementation/bytecode/constant/DefaultValue
instanceKlass net/bytebuddy/implementation/bytecode/member/MethodVariableAccess
instanceKlass net/bytebuddy/implementation/bytecode/member/MethodReturn
instanceKlass net/bytebuddy/implementation/bind/MethodDelegationBinder$MethodInvoker$Simple
instanceKlass net/bytebuddy/dynamic/scaffold/TypeWriter$MethodPool$Record$Sort
instanceKlass net/bytebuddy/implementation/Implementation$Context$FrameGeneration
instanceKlass net/bytebuddy/dynamic/scaffold/TypeWriter$Default$ClassDumpAction$Dispatcher$Disabled
instanceKlass net/bytebuddy/pool/TypePool$CacheProvider$NoOp
instanceKlass net/bytebuddy/implementation/SuperMethodCall$Appender$TerminationHandler
instanceKlass net/bytebuddy/dynamic/scaffold/FieldLocator$Resolution$Illegal
instanceKlass net/bytebuddy/implementation/Implementation$Target$AbstractBase$DefaultMethodInvocation
instanceKlass net/bytebuddy/implementation/Implementation$SpecialMethodInvocation$Illegal
instanceKlass net/bytebuddy/dynamic/scaffold/subclass/SubclassImplementationTarget$OriginTypeResolver
instanceKlass net/bytebuddy/dynamic/scaffold/subclass/SubclassImplementationTarget$Factory
instanceKlass net/bytebuddy/dynamic/scaffold/MethodGraph$Node$Sort
instanceKlass net/bytebuddy/dynamic/scaffold/MethodGraph$Node$Unresolved
instanceKlass net/bytebuddy/description/annotation/AnnotationSource$Empty
instanceKlass net/bytebuddy/pool/TypePool$Empty
instanceKlass net/bytebuddy/dynamic/TypeResolutionStrategy$Passive
instanceKlass net/bytebuddy/implementation/attribute/FieldAttributeAppender$ForInstrumentedField
instanceKlass net/bytebuddy/dynamic/Transformer$NoOp
instanceKlass net/bytebuddy/implementation/attribute/MethodAttributeAppender$NoOp
instanceKlass net/bytebuddy/asm/AsmVisitorWrapper$NoOp
instanceKlass net/bytebuddy/implementation/attribute/TypeAttributeAppender$ForInstrumentedType
instanceKlass net/bytebuddy/description/modifier/EnumerationState
instanceKlass net/bytebuddy/description/modifier/SyntheticState
instanceKlass net/bytebuddy/description/modifier/Ownership
instanceKlass net/bytebuddy/implementation/LoadedTypeInitializer$NoOp
instanceKlass net/bytebuddy/dynamic/scaffold/TypeInitializer$None
instanceKlass net/bytebuddy/description/modifier/TypeManifestation
instanceKlass net/bytebuddy/dynamic/scaffold/subclass/ConstructorStrategy$Default
instanceKlass org/hibernate/property/access/spi/BuiltInPropertyAccessStrategies
instanceKlass org/hibernate/metamodel/RepresentationMode
instanceKlass org/hibernate/tuple/PropertyFactory$NonIdentifierAttributeNature
instanceKlass jakarta/persistence/FlushModeType
instanceKlass org/hibernate/LockMode
instanceKlass jakarta/persistence/CacheRetrieveMode
instanceKlass jakarta/persistence/CacheStoreMode
instanceKlass org/hibernate/CacheMode
instanceKlass jakarta/persistence/PessimisticLockScope
instanceKlass org/hibernate/FlushMode
instanceKlass org/hibernate/internal/util/collections/BoundedConcurrentHashMap$Recency
instanceKlass org/hibernate/internal/util/collections/BoundedConcurrentHashMap$Eviction
instanceKlass org/hibernate/dialect/function/TruncFunction$DatetimeTrunc
instanceKlass org/hibernate/query/sqm/CastType
instanceKlass org/hibernate/query/sqm/produce/function/FunctionParameterType
instanceKlass org/hibernate/query/sqm/function/FunctionKind
instanceKlass org/hibernate/sql/ast/SqlAstNodeRenderingMode
instanceKlass org/hibernate/engine/jdbc/Size$LobMultiplier
instanceKlass org/hibernate/tool/schema/Action
instanceKlass org/hibernate/boot/beanvalidation/ValidationMode
instanceKlass org/hibernate/internal/SessionFactoryImpl$Status
instanceKlass org/hibernate/query/ImmutableEntityUpdateQueryHandlingMode
instanceKlass org/hibernate/query/criteria/ValueHandlingMode
instanceKlass org/hibernate/boot/TempTableDdlTransactionHandling
instanceKlass org/hibernate/boot/SchemaAutoTooling
instanceKlass org/hibernate/annotations/CacheLayout
instanceKlass org/hibernate/loader/BatchFetchStyle
instanceKlass org/hibernate/boot/model/naming/ImplicitJoinColumnNameSource$Nature
instanceKlass org/hibernate/boot/model/internal/ForeignKeyType
instanceKlass com/jobwork/domain/BagOrPiece
instanceKlass org/hibernate/annotations/NotFoundAction
instanceKlass org/hibernate/annotations/FetchMode
instanceKlass com/jobwork/domain/TransferMode
instanceKlass jakarta/persistence/EnumType
instanceKlass com/jobwork/domain/EntryStatus
instanceKlass org/hibernate/jpa/event/spi/CallbackType
instanceKlass org/hibernate/FetchMode
instanceKlass org/hibernate/annotations/CascadeType
instanceKlass org/hibernate/boot/model/convert/internal/AttributeConverterManager$ConversionSite
instanceKlass org/hibernate/boot/model/internal/BasicValueBinder$Kind
instanceKlass org/hibernate/boot/model/internal/Nullability
instanceKlass jakarta/persistence/CascadeType
instanceKlass jakarta/persistence/FetchType
instanceKlass jakarta/persistence/AccessType
instanceKlass jakarta/persistence/DiscriminatorType
instanceKlass org/hibernate/annotations/CacheConcurrencyStrategy
instanceKlass org/hibernate/annotations/PolymorphismType
instanceKlass org/hibernate/engine/OptimisticLockStyle
instanceKlass org/hibernate/annotations/OptimisticLockType
instanceKlass org/hibernate/boot/spi/AccessType
instanceKlass org/hibernate/boot/model/internal/AnnotatedClassType
instanceKlass jakarta/persistence/InheritanceType
instanceKlass jakarta/persistence/TemporalType
instanceKlass org/hibernate/TimeZoneStorageStrategy
instanceKlass org/hibernate/type/descriptor/jdbc/JdbcTypeFamilyInformation$Family
instanceKlass org/hibernate/dialect/NationalizationSupport
instanceKlass org/hibernate/type/descriptor/sql/internal/CapacityDependentDdlType$LobKind
instanceKlass org/hibernate/dialect/TimeZoneSupport
instanceKlass org/hibernate/engine/jdbc/env/internal/LobTypes
instanceKlass org/hibernate/engine/jdbc/env/spi/SQLStateType
instanceKlass org/hibernate/engine/jdbc/env/spi/IdentifierCaseStrategy
instanceKlass org/hibernate/engine/jdbc/env/spi/NameQualifierSupport
instanceKlass com/mysql/cj/QueryReturnType
instanceKlass com/mysql/cj/Query$CancelStatus
instanceKlass com/mysql/cj/MysqlType
instanceKlass com/mysql/cj/protocol/a/authentication/AuthenticationWebAuthnClient$AuthStage
instanceKlass com/mysql/cj/protocol/a/authentication/CachingSha2PasswordPlugin$AuthStage
instanceKlass com/mysql/cj/protocol/a/NativeConstants$StringSelfDataType
instanceKlass com/mysql/cj/protocol/a/NativeConstants$StringLengthDataType
instanceKlass com/mysql/cj/protocol/a/NativeConstants$IntegerDataType
instanceKlass com/mysql/cj/protocol/Resultset$Concurrency
instanceKlass com/mysql/cj/protocol/Resultset$Type
instanceKlass com/mysql/cj/conf/BooleanPropertyDefinition$AllowableValues
instanceKlass com/mysql/cj/conf/PropertyDefinitions$Compression
instanceKlass com/mysql/cj/conf/PropertyDefinitions$AuthMech
instanceKlass com/mysql/cj/conf/PropertyDefinitions$XdevapiSslMode
instanceKlass com/mysql/cj/conf/PropertyDefinitions$ZeroDatetimeBehavior
instanceKlass com/mysql/cj/conf/PropertyDefinitions$SslMode
instanceKlass com/mysql/cj/conf/PropertyDefinitions$DatabaseTerm
instanceKlass com/mysql/cj/util/SearchMode
instanceKlass com/mysql/cj/conf/PropertyKey
instanceKlass com/mysql/cj/conf/ConnectionUrl$HostsCardinality
instanceKlass com/mysql/cj/conf/ConnectionUrl$Type
instanceKlass org/hibernate/resource/transaction/spi/TransactionStatus
instanceKlass net/bytebuddy/TypeCache$Sort
instanceKlass net/bytebuddy/dynamic/scaffold/ClassWriterStrategy$Default
instanceKlass net/bytebuddy/dynamic/VisibilityBridgeStrategy$Default
instanceKlass net/bytebuddy/dynamic/scaffold/TypeValidation
instanceKlass net/bytebuddy/dynamic/scaffold/InstrumentedType$Factory$Default
instanceKlass net/bytebuddy/description/type/TypeDescription$Generic$Visitor$Reifying
instanceKlass net/bytebuddy/dynamic/scaffold/MethodGraph$Compiler$Default$Merger$Directional
instanceKlass net/bytebuddy/dynamic/scaffold/MethodGraph$Compiler$Default$Harmonizer$ForJavaMethod
instanceKlass net/bytebuddy/dynamic/scaffold/MethodGraph$Empty
instanceKlass net/bytebuddy/implementation/attribute/AnnotationRetention
instanceKlass net/bytebuddy/implementation/attribute/AnnotationValueFilter$Default
instanceKlass net/bytebuddy/NamingStrategy$Suffixing$BaseNameResolver$ForUnnamedType
instanceKlass net/bytebuddy/implementation/Implementation$Context$Default$Factory
instanceKlass net/bytebuddy/asm/Advice$OffsetMapping$ForReturnValue$Factory
instanceKlass net/bytebuddy/implementation/StubMethod
instanceKlass net/bytebuddy/implementation/SuperMethodCall
instanceKlass net/bytebuddy/asm/Advice$ExceptionHandler$Default
instanceKlass net/bytebuddy/asm/Advice$Dispatcher$RelocationHandler$Disabled
instanceKlass net/bytebuddy/asm/Advice$Dispatcher$SuppressionHandler$NoOp
instanceKlass net/bytebuddy/implementation/bytecode/StackSize
instanceKlass net/bytebuddy/asm/Advice$OffsetMapping$Factory$AdviceType
instanceKlass net/bytebuddy/asm/Advice$OffsetMapping$ForThrowable$Factory
instanceKlass net/bytebuddy/asm/Advice$OffsetMapping$ForStubValue
instanceKlass net/bytebuddy/asm/Advice$OffsetMapping$ForUnusedValue$Factory
instanceKlass net/bytebuddy/asm/Advice$OffsetMapping$ForSelfCallHandle$Factory
instanceKlass net/bytebuddy/asm/Advice$OffsetMapping$ForOrigin$Factory
instanceKlass net/bytebuddy/asm/Advice$OffsetMapping$ForFieldHandle$Unresolved$WriterFactory
instanceKlass net/bytebuddy/asm/Advice$OffsetMapping$ForFieldHandle$Unresolved$ReaderFactory
instanceKlass net/bytebuddy/asm/Advice$OffsetMapping$ForField$Unresolved$Factory
instanceKlass net/bytebuddy/asm/Advice$OffsetMapping$ForThisReference$Factory
instanceKlass net/bytebuddy/asm/Advice$OffsetMapping$ForAllArguments$Factory
instanceKlass net/bytebuddy/asm/Advice$OffsetMapping$ForArgument$Unresolved$Factory
instanceKlass net/bytebuddy/description/annotation/AnnotationValue$ForConstant$PropertyDelegate$ForNonArrayType
instanceKlass net/bytebuddy/asm/Advice$Delegator$ForRegularInvocation$Factory
instanceKlass net/bytebuddy/asm/Advice$PostProcessor$NoOp
instanceKlass net/bytebuddy/asm/Advice$Dispatcher$Inactive
instanceKlass net/bytebuddy/dynamic/ClassFileLocator$ForClassLoader$BootLoaderProxyCreationAction
instanceKlass net/bytebuddy/description/modifier/FieldPersistence
instanceKlass net/bytebuddy/description/modifier/Visibility
instanceKlass net/bytebuddy/dynamic/scaffold/FieldLocator$ForClassHierarchy$Factory
instanceKlass net/bytebuddy/implementation/bytecode/assign/reference/GenericTypeAwareAssigner
instanceKlass net/bytebuddy/implementation/bytecode/StackManipulation$Illegal
instanceKlass net/bytebuddy/implementation/bytecode/assign/reference/ReferenceTypeAwareAssigner
instanceKlass net/bytebuddy/implementation/bind/MethodDelegationBinder$TerminationHandler$Default
instanceKlass net/bytebuddy/implementation/bytecode/assign/Assigner$Typing
instanceKlass net/bytebuddy/description/type/TypeDescription$Generic$Visitor$NoOp
instanceKlass net/bytebuddy/description/type/TypeDescription$Generic$AnnotationReader$NoOp
instanceKlass net/bytebuddy/description/type/TypeDefinition$Sort
instanceKlass net/bytebuddy/implementation/bind/MethodDelegationBinder$BindingResolver$Default
instanceKlass net/bytebuddy/implementation/bind/annotation/Empty$Binder
instanceKlass net/bytebuddy/implementation/bind/annotation/StubValue$Binder
instanceKlass net/bytebuddy/implementation/bind/annotation/FieldSetterHandle$Binder
instanceKlass net/bytebuddy/implementation/bind/annotation/FieldGetterHandle$Binder
instanceKlass net/bytebuddy/implementation/bytecode/StackManipulation$Trivial
instanceKlass net/bytebuddy/implementation/bind/annotation/FieldValue$Binder
instanceKlass net/bytebuddy/implementation/bind/annotation/DefaultMethodHandle$Binder$MethodLocator$ForImplicitType
instanceKlass net/bytebuddy/implementation/bind/annotation/DefaultMethodHandle$Binder
instanceKlass net/bytebuddy/implementation/bind/annotation/DefaultMethod$Binder$MethodLocator$ForImplicitType
instanceKlass net/bytebuddy/implementation/bind/annotation/DefaultMethod$Binder
instanceKlass net/bytebuddy/implementation/bind/annotation/SuperMethodHandle$Binder
instanceKlass net/bytebuddy/implementation/bind/annotation/SuperMethod$Binder
instanceKlass net/bytebuddy/implementation/bind/annotation/DefaultCallHandle$Binder$DefaultMethodLocator$Implicit
instanceKlass net/bytebuddy/implementation/bind/annotation/DefaultCallHandle$Binder
instanceKlass net/bytebuddy/implementation/bind/annotation/DefaultCall$Binder$DefaultMethodLocator$Implicit
instanceKlass net/bytebuddy/implementation/bind/annotation/DefaultCall$Binder
instanceKlass net/bytebuddy/implementation/bind/annotation/SuperCallHandle$Binder
instanceKlass net/bytebuddy/implementation/bind/annotation/SuperCall$Binder
instanceKlass net/bytebuddy/implementation/bind/annotation/Default$Binder
instanceKlass net/bytebuddy/implementation/bind/annotation/Super$Instantiation
instanceKlass net/bytebuddy/implementation/bind/annotation/Super$Binder
instanceKlass net/bytebuddy/implementation/bytecode/constant/NullConstant
instanceKlass net/bytebuddy/implementation/bind/annotation/This$Binder
instanceKlass net/bytebuddy/implementation/bind/MethodDelegationBinder$ParameterBinding$Illegal
instanceKlass net/bytebuddy/implementation/bind/annotation/Origin$Binder
instanceKlass net/bytebuddy/implementation/bind/annotation/AllArguments$Assignment
instanceKlass net/bytebuddy/implementation/bind/annotation/AllArguments$Binder
instanceKlass net/bytebuddy/implementation/bind/annotation/Argument$BindingMechanic
instanceKlass net/bytebuddy/implementation/bind/annotation/Argument$Binder
instanceKlass net/bytebuddy/implementation/bind/MethodDelegationBinder$AmbiguityResolver$NoOp
instanceKlass net/bytebuddy/implementation/bind/ParameterLengthResolver
instanceKlass net/bytebuddy/implementation/bind/MethodNameEqualityResolver
instanceKlass net/bytebuddy/implementation/bind/ArgumentTypeResolver
instanceKlass net/bytebuddy/implementation/bind/DeclaringTypeResolver
instanceKlass net/bytebuddy/utility/ConstructorComparator
instanceKlass net/bytebuddy/implementation/bind/annotation/BindingPriority$Resolver
instanceKlass net/bytebuddy/utility/MethodComparator
instanceKlass net/bytebuddy/utility/GraalImageCode
instanceKlass net/bytebuddy/utility/dispatcher/JavaDispatcher$DynamicClassLoader$Resolver$CreationAction
instanceKlass net/bytebuddy/matcher/MethodSortMatcher$Sort
instanceKlass net/bytebuddy/matcher/ModifierMatcher$Mode
instanceKlass net/bytebuddy/ClassFileVersion$VersionLocator$Resolver
instanceKlass net/bytebuddy/matcher/StringMatcher$Mode
instanceKlass org/jboss/jandex/AnnotationTarget$Kind
instanceKlass org/hibernate/boot/archive/scan/spi/ClassDescriptor$Categorization
instanceKlass org/jboss/jandex/Type$Kind
instanceKlass org/jboss/jandex/ClassInfo$NestingType
instanceKlass org/jboss/jandex/PrimitiveType$Primitive
instanceKlass org/hibernate/boot/jaxb/hbm/transform/UnsupportedFeatureHandling
instanceKlass java/security/DrbgParameters$Capability
instanceKlass org/hibernate/cfg/MetadataSourceType
instanceKlass jakarta/persistence/ConstraintMode
instanceKlass org/hibernate/type/WrapperArrayHandling
instanceKlass org/hibernate/annotations/TimeZoneStorageType
instanceKlass jakarta/persistence/metamodel/PluralAttribute$CollectionType
instanceKlass org/hibernate/metamodel/CollectionClassification
instanceKlass org/hibernate/cache/spi/access/AccessType
instanceKlass jakarta/persistence/GenerationType
instanceKlass org/hibernate/boot/registry/classloading/internal/TcclLookupPrecedence
instanceKlass org/hibernate/ConnectionReleaseMode
instanceKlass org/hibernate/ConnectionAcquisitionMode
instanceKlass org/hibernate/resource/jdbc/spi/PhysicalConnectionHandlingMode
instanceKlass jakarta/persistence/spi/PersistenceUnitTransactionType
instanceKlass jakarta/persistence/ValidationMode
instanceKlass jakarta/persistence/SharedCacheMode
instanceKlass org/jboss/logging/Logger$Level
instanceKlass org/springframework/boot/jdbc/DatabaseDriver
instanceKlass java/lang/invoke/MethodHandleImpl$ArrayAccess
instanceKlass jakarta/persistence/SynchronizationType
instanceKlass jakarta/persistence/PersistenceContextType
instanceKlass org/springframework/boot/sql/init/DatabaseInitializationMode
instanceKlass org/springframework/orm/jpa/vendor/Database
instanceKlass org/springframework/boot/jdbc/EmbeddedDatabaseConnection
instanceKlass org/springframework/data/util/ReactiveWrappers$ReactiveLibrary
instanceKlass org/springframework/util/ConcurrentLruCache$CacheEntryState
instanceKlass org/springframework/util/ConcurrentLruCache$DrainStatus
instanceKlass org/springframework/boot/autoconfigure/thread/Threading
instanceKlass org/springframework/boot/autoconfigure/cache/CacheType
instanceKlass org/springframework/boot/jdbc/DataSourceBuilder$DataSourceProperty
instanceKlass org/springframework/boot/autoconfigure/condition/SearchStrategy
instanceKlass org/springframework/boot/autoconfigure/condition/ConditionalOnWebApplication$Type
instanceKlass org/springframework/jdbc/datasource/embedded/EmbeddedDatabaseType
instanceKlass org/springframework/boot/autoconfigure/condition/ConditionMessage$Style
instanceKlass org/springframework/boot/autoconfigure/condition/FilteringSpringBootCondition$ClassNameFilter
instanceKlass org/springframework/transaction/annotation/Isolation
instanceKlass org/springframework/transaction/annotation/Propagation
instanceKlass org/springframework/data/repository/config/BootstrapMode
instanceKlass org/springframework/data/repository/query/QueryLookupStrategy$Key
instanceKlass org/springframework/context/annotation/AdviceMode
instanceKlass java/nio/file/FileTreeWalker$EventType
instanceKlass java/nio/file/FileVisitOption
instanceKlass java/nio/file/AccessMode
instanceKlass java/util/Comparators$NaturalOrderComparator
instanceKlass org/springframework/context/annotation/ConfigurationCondition$ConfigurationPhase
instanceKlass org/springframework/expression/spel/SpelCompilerMode
instanceKlass org/springframework/context/annotation/FilterType
instanceKlass java/math/RoundingMode
instanceKlass java/security/cert/CertPathValidatorException$BasicReason
instanceKlass jdk/internal/icu/util/CodePointTrie$ValueWidth
instanceKlass jdk/internal/icu/util/CodePointTrie$Type
instanceKlass java/text/Normalizer$Form
instanceKlass sun/security/rsa/RSAUtil$KeyType
instanceKlass sun/security/util/DisabledAlgorithmConstraints$Constraint$Operator
instanceKlass org/springframework/context/annotation/ScopedProxyMode
instanceKlass org/springframework/core/annotation/MergedAnnotation$Adapt
instanceKlass org/springframework/boot/ansi/AnsiStyle
instanceKlass ch/qos/logback/core/pattern/parser/TokenStream$TokenizerState
instanceKlass ch/qos/logback/core/subst/Node$Type
instanceKlass ch/qos/logback/core/subst/Token$Type
instanceKlass ch/qos/logback/core/subst/Tokenizer$TokenizerState
instanceKlass org/springframework/core/NativeDetector$Context
instanceKlass java/nio/file/attribute/PosixFilePermission
instanceKlass org/springframework/boot/logging/logback/RollingPolicySystemProperty
instanceKlass org/springframework/boot/logging/LoggingSystemProperty
instanceKlass org/springframework/boot/ansi/AnsiColor
instanceKlass org/springframework/boot/ansi/AnsiOutput$Enabled
instanceKlass org/springframework/boot/context/config/Profiles$Type
instanceKlass org/springframework/boot/context/config/LocationResourceLoader$ResourceType
instanceKlass org/springframework/boot/BootstrapRegistry$Scope
instanceKlass org/springframework/boot/context/config/ConfigDataEnvironmentContributor$ImportPhase
instanceKlass org/springframework/boot/context/config/ConfigDataEnvironmentContributor$Kind
instanceKlass org/springframework/boot/context/config/ConfigData$Option
instanceKlass org/springframework/boot/context/properties/source/ConfigurationPropertyState
instanceKlass org/springframework/boot/context/config/ConfigDataNotFoundAction
instanceKlass org/springframework/boot/context/properties/bind/BindMethod
instanceKlass org/springframework/boot/context/config/ConfigDataEnvironmentContributors$BinderOption
instanceKlass java/util/stream/MatchOps$MatchKind
instanceKlass org/springframework/boot/context/properties/source/ConfigurationPropertyName$Form
instanceKlass org/springframework/boot/cloud/CloudPlatform
instanceKlass java/time/Month
instanceKlass java/time/format/FormatStyle
instanceKlass org/springframework/format/datetime/standard/DateTimeFormatterRegistrar$Type
instanceKlass java/lang/annotation/ElementType
instanceKlass org/springframework/core/annotation/IntrospectionFailureLogger
instanceKlass org/springframework/boot/context/properties/bind/Bindable$BindRestriction
instanceKlass org/springframework/boot/context/properties/source/ConfigurationPropertyName$ElementType
instanceKlass java/lang/annotation/RetentionPolicy
instanceKlass org/springframework/core/annotation/MergedAnnotations$SearchStrategy
instanceKlass org/springframework/boot/logging/LogLevel
instanceKlass ch/qos/logback/core/spi/FilterReply
instanceKlass org/springframework/util/ConcurrentReferenceHashMap$TaskOption
instanceKlass org/springframework/util/ConcurrentReferenceHashMap$Restructure
instanceKlass org/springframework/util/ConcurrentReferenceHashMap$ReferenceType
instanceKlass org/springframework/boot/WebApplicationType
instanceKlass org/springframework/boot/Banner$Mode
instanceKlass java/time/format/TextStyle
instanceKlass java/time/format/DateTimeFormatterBuilder$SettingsParser
instanceKlass java/time/format/ResolverStyle
instanceKlass java/time/format/SignStyle
instanceKlass java/time/temporal/JulianFields$Field
instanceKlass java/time/temporal/IsoFields$Unit
instanceKlass java/time/temporal/IsoFields$Field
instanceKlass ch/qos/logback/core/joran/spi/ConsoleTarget
instanceKlass ch/qos/logback/classic/spi/Configurator$ExecutionStatus
instanceKlass com/sun/prism/impl/ps/BaseShaderContext$SpecialShaderType
instanceKlass com/sun/prism/impl/ps/BaseShaderContext$MaskType
instanceKlass com/sun/prism/GraphicsPipeline$ShaderType
instanceKlass com/sun/prism/GraphicsPipeline$ShaderModel
instanceKlass java/lang/Thread$State
instanceKlass com/sun/prism/impl/PrismSettings$RasterizerType
instanceKlass java/lang/constant/DirectMethodHandleDesc$Kind
instanceKlass java/lang/invoke/VarHandle$VarHandleDesc$Kind
instanceKlass sun/security/util/KnownOIDs
instanceKlass sun/util/locale/provider/LocaleProviderAdapter$Type
instanceKlass java/util/Locale$Category
instanceKlass java/util/regex/Pattern$Qtype
instanceKlass java/lang/StackStreamFactory$WalkerState
instanceKlass java/lang/StackWalker$ExtendedOption
instanceKlass java/lang/StackWalker$Option
instanceKlass java/time/temporal/ChronoUnit
instanceKlass java/time/temporal/ChronoField
instanceKlass sun/util/logging/PlatformLogger$Level
instanceKlass java/lang/System$Logger$Level
instanceKlass jdk/internal/logger/BootstrapLogger$LoggingBackend
instanceKlass java/net/Proxy$Type
instanceKlass java/net/StandardProtocolFamily
instanceKlass java/util/concurrent/TimeUnit
instanceKlass java/nio/file/LinkOption
instanceKlass sun/nio/fs/WindowsPathType
instanceKlass java/nio/file/StandardOpenOption
instanceKlass java/util/stream/Collector$Characteristics
instanceKlass java/util/stream/StreamShape
instanceKlass java/lang/invoke/MethodHandles$Lookup$ClassOption
instanceKlass java/lang/invoke/VarHandle$AccessType
instanceKlass java/lang/invoke/VarHandle$AccessMode
instanceKlass java/lang/invoke/MethodHandleImpl$Intrinsic
instanceKlass java/lang/invoke/LambdaForm$BasicType
instanceKlass java/lang/invoke/LambdaForm$Kind
instanceKlass sun/invoke/util/Wrapper
instanceKlass java/util/stream/StreamOpFlag$Type
instanceKlass java/util/stream/StreamOpFlag
instanceKlass java/io/File$PathStatus
instanceKlass java/lang/module/ModuleDescriptor$Requires$Modifier
instanceKlass java/lang/module/ModuleDescriptor$Modifier
ciInstanceKlass java/lang/Enum 1 1 188 9 7 12 1 1 1 9 12 1 1 10 7 12 1 1 1 10 12 1 1 100 1 10 10 12 1 1 10 12 1 100 1 10 10 7 12 1 1 10 12 1 1 18 12 1 1 10 100 12 1 1 1 10 12 1 1 11 7 12 1 1 1 100 1 8 1 10 12 1 7 1 7 1 10 8 1 10 12 1 1 10 12 1 1 8 1 10 12 1 10 100 1 8 1 10 10 12 1 1 10 100 12 1 1 1 100 1 100 1 100 1 1 1 1 1 1 1 1 1 1 1 1 1 1 1 1 1 1 1 1 1 1 1 1 1 1 1 1 1 1 1 1 1 1 1 1 1 1 1 1 1 100 1 100 1 1 100 1 1 1 1 1 1 1 1 1 1 1 15 10 100 12 1 1 1 16 15 10 12 16 1 1 100 1 100 1 1
ciInstanceKlass java/lang/System 1 1 803 10 100 12 1 1 1 9 7 12 1 1 1 10 12 1 10 12 1 1 10 12 1 1 10 12 1 9 12 1 1 10 7 12 1 1 1 11 7 12 1 1 1 10 100 12 1 1 1 10 12 1 1 10 12 1 1 100 1 8 1 10 12 1 10 100 12 1 1 1 10 7 12 1 1 1 18 12 1 1 10 100 12 1 1 1 100 1 10 12 1 1 10 100 12 1 1 1 10 12 1 10 7 12 1 1 1 9 100 12 1 1 1 10 100 12 1 1 1 11 7 12 1 1 1 10 12 1 1 10 7 12 1 1 1 100 1 10 10 12 1 1 8 1 10 12 1 8 1 10 12 1 9 12 1 1 8 1 10 7 12 1 1 1 10 12 1 1 100 1 8 1 10 9 12 1 1 8 1 10 12 1 1 10 100 12 1 1 1 8 1 10 12 1 100 1 10 12 1 8 1 10 12 1 10 12 1 1 100 1 10 12 10 12 1 9 12 1 1 9 12 1 1 10 7 12 1 1 1 10 7 12 1 1 1 10 12 1 1 10 12 1 10 12 1 10 7 12 1 1 1 10 12 1 100 1 100 1 8 1 10 12 1 10 12 1 1 7 1 10 12 1 100 1 8 1 10 10 12 1 100 1 8 1 10 8 1 10 7 12 1 1 8 1 10 12 100 1 8 1 10 10 12 1 1 10 7 12 1 1 1 100 1 18 12 1 100 1 9 100 12 1 1 1 10 12 1 100 1 10 12 1 1 10 12 1 1 10 7 12 1 1 1 10 12 1 1 10 12 1 10 12 1 10 12 1 1 10 12 1 7 1 10 12 1 10 12 1 100 1 10 12 1 10 7 12 1 1 1 100 1 8 1 10 9 12 1 9 12 1 10 12 1 10 100 12 1 1 10 12 1 10 12 1 1 8 1 10 12 1 1 8 1 11 12 1 10 12 11 12 1 1 11 7 12 1 1 1 11 7 12 1 1 11 12 1 1 7 1 11 12 1 10 12 1 8 1 10 12 1 1 8 1 8 1 8 1 8 1 11 12 1 10 12 1 10 12 1 10 12 1 10 7 12 1 1 8 1 7 1 9 7 12 1 1 1 10 12 1 7 1 9 12 10 9 12 7 1 10 12 8 1 10 12 1 1 8 1 10 7 12 1 1 10 12 1 10 7 12 1 1 1 10 12 1 1 10 7 12 1 1 1 10 12 10 7 12 1 1 1 9 12 1 1 100 1 8 1 10 12 1 1 10 7 12 1 1 1 7 1 10 12 1 1 8 1 10 8 1 8 1 8 1 8 1 10 10 7 12 1 1 10 12 1 1 10 12 1 1 10 12 1 1 10 12 1 10 100 12 1 1 1 10 100 1 8 1 10 10 10 12 1 1 10 12 1 1 8 1 10 12 1 8 1 10 12 1 10 12 1 1 7 1 10 10 12 1 10 12 1 9 12 1 1 1 3 1 3 1 1 1 1 1 1 1 1 1 1 1 1 100 1 1 7 1 1 1 1 1 1 1 1 1 1 1 100 1 100 1 1 1 1 1 1 1 1 1 1 1 1 1 1 1 1 1 1 1 1 1 1 1 1 1 1 1 1 1 1 1 1 1 1 1 1 1 1 1 1 1 1 1 1 1 1 1 1 1 1 1 1 1 1 1 1 1 1 100 1 1 1 1 1 1 1 1 1 1 1 1 1 1 1 1 1 1 1 1 1 1 1 1 1 1 1 1 1 1 1 1 1 100 1 1 15 10 100 12 1 1 1 16 15 10 12 1 1 16 15 10 12 16 1 1 1 1 1 1 1 100 1 100 1 1
staticfield java/lang/System in Ljava/io/InputStream; java/io/BufferedInputStream
staticfield java/lang/System out Ljava/io/PrintStream; java/io/PrintStream
staticfield java/lang/System err Ljava/io/PrintStream; java/io/PrintStream
instanceKlass net/bytebuddy/dynamic/loading/InjectionClassLoader
instanceKlass net/bytebuddy/utility/dispatcher/JavaDispatcher$DynamicClassLoader
instanceKlass org/hibernate/boot/registry/classloading/internal/AggregatedClassLoader
instanceKlass org/springframework/core/DecoratingClassLoader
instanceKlass jdk/internal/reflect/DelegatingClassLoader
instanceKlass java/security/SecureClassLoader
ciInstanceKlass java/lang/ClassLoader 1 1 1098 9 7 12 1 1 1 10 7 12 1 1 1 9 12 1 1 10 7 12 1 1 1 7 1 10 12 1 1 10 12 1 1 9 12 1 1 10 12 1 1 100 1 10 12 1 10 12 1 1 10 7 12 1 1 1 100 1 8 1 10 12 1 10 7 12 1 1 1 10 100 12 1 10 7 1 10 7 1 7 1 7 1 10 12 1 10 12 1 9 12 1 1 10 10 7 12 1 1 1 9 12 1 1 9 12 1 9 12 1 1 9 12 1 9 12 1 1 9 12 1 1 7 1 10 12 1 9 12 1 1 10 12 1 1 10 7 12 1 1 1 9 12 1 9 12 1 1 9 12 1 10 12 1 1 9 12 10 12 1 1 7 1 10 8 1 10 12 1 1 10 12 1 10 7 1 7 1 10 12 1 1 10 7 12 1 1 1 8 1 10 12 1 10 12 1 10 12 1 1 10 12 1 1 10 12 1 1 10 12 1 1 10 12 1 1 10 12 1 7 1 10 12 1 10 7 12 1 1 1 10 12 1 1 10 12 1 10 12 1 10 12 1 10 12 1 10 12 1 1 10 10 12 1 10 12 1 10 100 12 1 1 10 12 1 1 10 12 1 1 10 12 1 100 1 10 12 1 100 1 10 12 1 10 100 12 1 1 1 10 10 12 1 1 10 12 1 1 100 1 8 1 10 8 1 10 12 1 10 12 1 100 1 8 1 10 12 1 1 10 12 1 1 10 10 12 1 1 10 12 1 1 10 12 1 1 10 7 1 10 12 1 1 10 12 1 1 10 12 1 1 10 12 1 1 10 12 1 1 10 12 1 1 10 12 1 10 7 12 1 1 1 10 12 1 10 12 1 10 12 1 1 10 12 1 10 12 1 10 12 1 10 12 1 1 10 12 1 10 12 1 1 8 1 9 12 1 10 12 1 1 8 1 8 1 10 7 12 1 1 100 1 10 10 12 10 12 1 10 12 1 10 12 1 10 12 1 1 10 7 12 1 1 10 12 1 10 7 1 7 1 10 12 1 1 10 12 1 10 7 1 10 12 1 100 1 18 12 1 10 100 12 1 1 1 10 100 12 1 1 1 10 7 12 1 1 10 12 1 1 10 12 1 10 12 1 1 7 1 10 12 1 10 12 1 1 10 7 12 1 1 10 12 1 8 1 100 1 10 10 12 1 9 12 1 10 7 12 1 1 10 12 1 100 1 8 1 10 12 1 10 8 1 8 1 10 12 1 1 10 12 1 1 10 12 1 1 10 100 12 1 1 1 100 1 100 1 10 12 1 1 100 1 100 1 10 100 12 1 1 10 12 1 10 12 1 1 10 12 1 10 12 1 1 10 12 1 1 9 100 12 1 1 1 10 12 1 1 10 12 1 10 12 1 10 12 1 1 10 12 1 8 1 10 12 1 7 1 18 12 1 1 10 12 1 1 10 12 1 10 12 1 10 12 1 8 1 10 12 1 10 12 1 18 12 1 11 100 12 1 1 1 100 1 10 12 1 1 10 12 1 10 11 12 1 1 10 18 10 12 1 1 11 100 12 1 18 12 1 11 12 1 1 10 12 10 12 1 1 10 12 1 1 7 1 8 1 10 10 12 1 8 1 8 1 10 100 12 1 1 10 12 1 100 1 10 10 12 1 8 1 8 1 8 1 10 12 1 10 12 1 1 10 12 1 10 100 12 1 1 1 11 100 12 1 1 100 1 10 11 10 12 1 10 12 1 10 12 1 1 9 100 12 1 1 9 12 1 1 9 12 9 12 1 9 12 1 9 12 1 8 10 12 1 1 10 7 12 1 1 1 10 12 1 1 10 12 1 1 10 12 1 10 10 12 1 11 12 1 1 10 100 12 1 1 1 100 1 10 12 1 10 12 1 10 12 1 1 1 1 1 1 1 1 1 1 1 1 1 1 1 1 1 1 1 1 1 1 1 1 1 1 1 1 100 1 1 1 1 1 1 1 1 1 1 1 1 1 1 1 1 1 1 1 1 1 100 1 1 1 1 1 1 1 1 1 1 7 1 1 1 1 1 1 1 1 1 1 1 1 1 1 1 1 1 1 1 1 1 1 1 1 1 1 1 1 1 1 1 1 1 1 1 1 1 1 1 1 1 100 1 1 1 1 1 1 1 1 1 1 1 1 1 1 1 1 1 1 100 1 1 1 1 1 1 1 1 1 1 1 1 1 1 1 1 1 1 1 1 1 1 1 1 1 1 1 1 1 1 1 1 1 1 1 1 1 1 1 1 1 1 1 1 1 1 1 1 1 1 1 100 1 1 1 1 1 1 1 1 1 1 1 1 1 1 1 1 1 1 1 1 1 1 1 1 1 1 1 1 1 1 1 1 1 1 1 1 1 1 1 1 1 1 1 1 1 1 15 10 7 12 1 1 1 16 1 15 10 12 16 1 16 15 10 12 16 1 16 1 15 10 12 16 15 10 12 16 15 10 12 16 1 1 100 1 100 1 1
staticfield java/lang/ClassLoader nocerts [Ljava/security/cert/Certificate; 0 [Ljava/security/cert/Certificate;
staticfield java/lang/ClassLoader $assertionsDisabled Z 1
ciInstanceKlass jdk/internal/reflect/DelegatingClassLoader 1 1 18 10 7 12 1 1 1 100 1 1 1 1 1 1 1 1 1 1
instanceKlass com/sun/javafx/reflect/MethodUtil
instanceKlass java/net/URLClassLoader
instanceKlass jdk/internal/loader/BuiltinClassLoader
ciInstanceKlass java/security/SecureClassLoader 1 1 102 10 7 12 1 1 1 7 1 10 12 1 9 7 12 1 1 1 10 12 1 10 12 1 10 12 1 1 10 12 1 1 10 12 1 7 1 10 7 1 10 12 1 7 1 10 12 1 11 7 12 1 1 1 7 1 11 12 1 10 12 1 1 1 1 1 1 1 1 1 1 1 1 1 1 1 1 1 1 1 1 1 1 1 1 1 1 1 1 1 1 1 1 1 1 1 1 100 1 1 1 1
instanceKlass jdk/internal/loader/ClassLoaders$BootClassLoader
instanceKlass jdk/internal/loader/ClassLoaders$PlatformClassLoader
instanceKlass jdk/internal/loader/ClassLoaders$AppClassLoader
ciInstanceKlass jdk/internal/loader/BuiltinClassLoader 1 1 737 9 7 12 1 1 1 10 7 12 1 1 1 10 7 12 1 1 1 9 12 1 1 9 12 1 1 7 1 10 12 1 9 12 1 10 12 1 9 12 1 10 7 12 1 1 1 10 7 12 1 1 1 10 7 12 1 1 1 11 7 12 1 1 1 100 1 100 1 10 10 12 1 1 8 1 10 12 1 10 12 7 1 10 12 1 10 12 1 1 11 7 12 1 1 1 11 7 12 1 1 1 11 12 1 1 7 1 8 1 8 1 10 9 12 1 1 10 7 12 1 1 11 12 1 1 10 12 1 1 10 12 1 1 10 12 1 1 10 7 12 1 1 1 10 12 1 10 7 12 1 1 1 10 12 1 1 11 7 12 1 1 1 10 7 12 1 1 7 1 10 7 12 1 1 1 10 12 1 7 1 8 1 10 12 1 1 10 8 1 10 12 1 1 10 12 1 1 10 12 1 1 11 7 12 1 1 11 12 1 7 1 10 11 12 1 1 11 10 12 1 1 7 1 10 12 1 10 7 12 1 10 12 1 7 1 10 12 1 10 7 12 1 1 1 100 1 10 12 1 1 11 12 1 100 1 100 1 10 12 1 10 12 1 1 100 1 100 1 10 12 1 10 12 1 18 12 1 1 10 12 1 10 12 1 1 18 100 1 10 7 12 1 1 1 7 1 10 10 12 1 1 10 12 1 1 10 12 1 1 10 12 1 9 12 1 1 100 1 10 10 12 1 1 10 12 1 1 10 12 1 10 12 10 12 1 1 10 12 1 1 10 12 1 1 10 12 1 10 12 1 1 18 12 1 7 1 10 12 1 1 10 12 1 10 12 1 1 10 12 1 100 1 10 12 1 7 1 10 12 1 10 7 12 1 1 1 10 12 1 11 12 1 7 1 10 12 1 7 1 100 1 10 12 1 10 12 1 11 12 1 1 10 12 1 1 10 12 1 1 10 12 1 1 10 12 1 1 10 12 1 10 12 1 10 12 1 10 12 1 8 1 10 12 1 1 10 7 12 1 1 10 12 1 100 1 8 1 8 1 10 10 12 1 8 1 8 1 10 7 12 1 1 1 11 7 12 1 1 1 9 7 12 1 1 1 10 7 12 1 1 1 9 12 1 9 12 1 9 12 1 9 12 1 9 12 1 9 12 1 10 7 12 1 1 1 8 1 10 12 1 7 1 10 12 1 1 10 12 1 7 1 10 11 12 1 1 10 12 10 12 1 10 12 1 100 1 10 12 1 10 12 1 10 10 12 1 10 7 12 1 1 8 1 10 7 12 1 1 10 12 1 1 1 1 1 1 1 1 1 1 1 1 1 1 1 1 1 1 1 1 1 1 1 1 1 1 1 1 1 1 1 1 1 1 1 1 1 1 1 1 1 1 1 1 1 1 1 1 1 1 1 1 1 1 1 1 100 1 1 1 1 1 1 1 1 1 1 1 1 1 1 1 1 1 1 100 1 100 1 1 1 1 1 1 1 1 1 1 1 1 1 1 1 1 1 1 1 1 1 1 1 1 1 1 1 1 1 1 1 1 1 1 1 1 1 1 1 1 1 1 1 1 1 1 1 1 1 1 1 100 1 1 15 10 100 12 1 1 1 16 15 10 12 16 15 10 12 16 15 10 12 16 1 1 1 100 1 1 1 1 1 100 1 100 1 1
staticfield jdk/internal/loader/BuiltinClassLoader packageToModule Ljava/util/Map; java/util/concurrent/ConcurrentHashMap
staticfield jdk/internal/loader/BuiltinClassLoader $assertionsDisabled Z 1
ciInstanceKlass java/security/AccessController 1 1 295 10 100 12 1 1 1 10 7 12 1 1 1 10 7 12 1 1 1 10 12 1 1 10 12 1 1 10 7 12 1 1 1 10 12 1 1 10 12 1 10 12 1 1 10 12 1 100 1 8 1 10 12 1 10 12 1 10 12 1 1 10 12 1 100 1 100 1 10 12 1 1 10 12 1 10 12 1 10 12 1 1 10 7 12 1 1 1 10 12 1 1 9 100 12 1 1 1 10 100 12 1 1 1 10 12 1 10 12 1 9 100 12 1 1 1 10 12 1 10 12 1 1 9 12 1 1 10 100 1 10 11 7 12 1 1 1 10 7 12 1 1 11 7 1 7 1 10 12 1 10 12 1 10 12 1 8 1 10 12 1 1 8 1 10 100 12 1 1 1 8 1 100 1 10 10 12 1 1 10 12 1 10 7 12 1 1 1 10 12 1 8 1 10 100 12 1 1 8 1 8 1 10 12 1 8 1 10 12 1 10 12 1 1 10 12 1 1 1 1 1 1 1 1 1 1 1 1 1 1 1 1 1 1 1 1 1 1 1 1 1 1 1 1 100 1 1 1 1 1 1 1 1 1 1 1 1 1 1 1 1 1 1 1 1 1 1 1 1 1 1 1 1 1 1 1 1 1 1 100 1 7 1 1 1 1 1 1 1 1 1 3 1 1 1
staticfield java/security/AccessController $assertionsDisabled Z 1
instanceKlass jdk/internal/reflect/GeneratedConstructorAccessor45
instanceKlass jdk/internal/reflect/GeneratedConstructorAccessor44
instanceKlass jdk/internal/reflect/GeneratedConstructorAccessor43
instanceKlass jdk/internal/reflect/GeneratedConstructorAccessor42
instanceKlass jdk/internal/reflect/GeneratedConstructorAccessor41
instanceKlass jdk/internal/reflect/GeneratedConstructorAccessor40
instanceKlass jdk/internal/reflect/GeneratedConstructorAccessor38
instanceKlass jdk/internal/reflect/GeneratedConstructorAccessor33
instanceKlass jdk/internal/reflect/GeneratedConstructorAccessor32
instanceKlass jdk/internal/reflect/GeneratedConstructorAccessor31
instanceKlass jdk/internal/reflect/GeneratedConstructorAccessor30
instanceKlass jdk/internal/reflect/GeneratedConstructorAccessor29
instanceKlass jdk/internal/reflect/GeneratedConstructorAccessor28
instanceKlass jdk/internal/reflect/SerializationConstructorAccessorImpl
instanceKlass jdk/internal/reflect/GeneratedConstructorAccessor27
instanceKlass jdk/internal/reflect/GeneratedConstructorAccessor26
instanceKlass jdk/internal/reflect/GeneratedConstructorAccessor25
instanceKlass jdk/internal/reflect/GeneratedConstructorAccessor24
instanceKlass jdk/internal/reflect/GeneratedConstructorAccessor23
instanceKlass jdk/internal/reflect/GeneratedConstructorAccessor22
instanceKlass jdk/internal/reflect/GeneratedConstructorAccessor21
instanceKlass jdk/internal/reflect/GeneratedConstructorAccessor19
instanceKlass jdk/internal/reflect/GeneratedConstructorAccessor18
instanceKlass jdk/internal/reflect/GeneratedConstructorAccessor17
instanceKlass jdk/internal/reflect/GeneratedConstructorAccessor16
instanceKlass jdk/internal/reflect/GeneratedConstructorAccessor15
instanceKlass jdk/internal/reflect/GeneratedConstructorAccessor14
instanceKlass jdk/internal/reflect/GeneratedConstructorAccessor13
instanceKlass jdk/internal/reflect/GeneratedConstructorAccessor12
instanceKlass jdk/internal/reflect/GeneratedConstructorAccessor7
instanceKlass jdk/internal/reflect/GeneratedConstructorAccessor6
instanceKlass jdk/internal/reflect/GeneratedConstructorAccessor5
instanceKlass jdk/internal/reflect/GeneratedConstructorAccessor4
instanceKlass jdk/internal/reflect/GeneratedConstructorAccessor3
instanceKlass jdk/internal/reflect/GeneratedConstructorAccessor2
instanceKlass jdk/internal/reflect/BootstrapConstructorAccessorImpl
instanceKlass jdk/internal/reflect/GeneratedConstructorAccessor1
instanceKlass jdk/internal/reflect/DelegatingConstructorAccessorImpl
instanceKlass jdk/internal/reflect/NativeConstructorAccessorImpl
ciInstanceKlass jdk/internal/reflect/ConstructorAccessorImpl 1 1 27 10 7 12 1 1 1 100 1 100 1 1 1 1 1 1 1 1 1 100 1 100 1 100 1 1 1
instanceKlass jdk/internal/reflect/FieldAccessorImpl
instanceKlass jdk/internal/reflect/ConstructorAccessorImpl
instanceKlass jdk/internal/reflect/MethodAccessorImpl
ciInstanceKlass jdk/internal/reflect/MagicAccessorImpl 1 1 16 10 7 12 1 1 1 100 1 1 1 1 1 1 1 1
instanceKlass jdk/internal/reflect/GeneratedMethodAccessor57
instanceKlass jdk/internal/reflect/GeneratedMethodAccessor56
instanceKlass jdk/internal/reflect/GeneratedMethodAccessor55
instanceKlass jdk/internal/reflect/GeneratedMethodAccessor54
instanceKlass jdk/internal/reflect/GeneratedMethodAccessor53
instanceKlass jdk/internal/reflect/GeneratedMethodAccessor52
instanceKlass jdk/internal/reflect/GeneratedMethodAccessor51
instanceKlass jdk/internal/reflect/GeneratedMethodAccessor50
instanceKlass jdk/internal/reflect/GeneratedMethodAccessor49
instanceKlass jdk/internal/reflect/GeneratedMethodAccessor48
instanceKlass jdk/internal/reflect/GeneratedMethodAccessor47
instanceKlass jdk/internal/reflect/GeneratedMethodAccessor46
instanceKlass jdk/internal/reflect/GeneratedMethodAccessor44
instanceKlass jdk/internal/reflect/GeneratedMethodAccessor43
instanceKlass jdk/internal/reflect/GeneratedMethodAccessor42
instanceKlass jdk/internal/reflect/GeneratedMethodAccessor41
instanceKlass jdk/internal/reflect/GeneratedMethodAccessor40
instanceKlass jdk/internal/reflect/GeneratedMethodAccessor39
instanceKlass jdk/internal/reflect/GeneratedMethodAccessor38
instanceKlass jdk/internal/reflect/GeneratedMethodAccessor37
instanceKlass jdk/internal/reflect/GeneratedMethodAccessor36
instanceKlass jdk/internal/reflect/GeneratedMethodAccessor35
instanceKlass jdk/internal/reflect/GeneratedMethodAccessor34
instanceKlass jdk/internal/reflect/GeneratedMethodAccessor33
instanceKlass jdk/internal/reflect/GeneratedMethodAccessor32
instanceKlass jdk/internal/reflect/GeneratedMethodAccessor31
instanceKlass jdk/internal/reflect/GeneratedMethodAccessor30
instanceKlass jdk/internal/reflect/GeneratedMethodAccessor29
instanceKlass jdk/internal/reflect/GeneratedMethodAccessor28
instanceKlass jdk/internal/reflect/GeneratedMethodAccessor26
instanceKlass jdk/internal/reflect/GeneratedMethodAccessor25
instanceKlass jdk/internal/reflect/GeneratedMethodAccessor24
instanceKlass jdk/internal/reflect/GeneratedMethodAccessor23
instanceKlass jdk/internal/reflect/GeneratedMethodAccessor22
instanceKlass jdk/internal/reflect/GeneratedMethodAccessor21
instanceKlass jdk/internal/reflect/GeneratedMethodAccessor20
instanceKlass jdk/internal/reflect/GeneratedMethodAccessor19
instanceKlass jdk/internal/reflect/GeneratedMethodAccessor18
instanceKlass jdk/internal/reflect/GeneratedMethodAccessor17
instanceKlass jdk/internal/reflect/GeneratedMethodAccessor16
instanceKlass jdk/internal/reflect/GeneratedMethodAccessor15
instanceKlass jdk/internal/reflect/GeneratedMethodAccessor14
instanceKlass jdk/internal/reflect/GeneratedMethodAccessor13
instanceKlass jdk/internal/reflect/GeneratedMethodAccessor12
instanceKlass jdk/internal/reflect/GeneratedMethodAccessor11
instanceKlass jdk/internal/reflect/GeneratedMethodAccessor10
instanceKlass jdk/internal/reflect/GeneratedMethodAccessor9
instanceKlass jdk/internal/reflect/GeneratedMethodAccessor8
instanceKlass jdk/internal/reflect/GeneratedMethodAccessor7
instanceKlass jdk/internal/reflect/GeneratedMethodAccessor6
instanceKlass jdk/internal/reflect/GeneratedMethodAccessor5
instanceKlass jdk/internal/reflect/GeneratedMethodAccessor4
instanceKlass jdk/internal/reflect/GeneratedMethodAccessor3
instanceKlass jdk/internal/reflect/GeneratedMethodAccessor2
instanceKlass jdk/internal/reflect/GeneratedMethodAccessor1
instanceKlass jdk/internal/reflect/DelegatingMethodAccessorImpl
instanceKlass jdk/internal/reflect/NativeMethodAccessorImpl
ciInstanceKlass jdk/internal/reflect/MethodAccessorImpl 1 1 25 10 7 12 1 1 1 100 1 100 1 1 1 1 1 1 1 1 1 100 1 100 1 1 1
ciInstanceKlass java/lang/Module 1 1 959 10 7 12 1 1 1 9 7 12 1 1 1 10 7 12 1 1 1 9 12 1 9 12 1 1 9 12 1 1 10 12 1 1 10 12 1 10 12 1 1 10 7 12 1 1 1 7 1 10 7 12 1 1 1 10 12 1 1 11 7 12 1 1 1 10 12 1 1 10 7 12 1 1 1 10 12 1 1 10 7 12 1 1 1 9 100 12 1 1 1 10 100 12 1 1 1 10 12 1 8 1 10 7 12 1 1 1 10 7 12 1 1 1 9 12 1 1 9 12 1 1 10 12 1 9 12 1 1 11 12 1 9 7 12 1 1 10 7 12 1 1 1 10 7 12 1 1 1 10 12 1 1 100 1 7 1 10 10 12 1 1 8 1 10 12 1 10 12 10 12 1 10 12 1 1 10 12 1 1 10 12 1 1 9 7 12 1 1 1 10 12 1 1 10 12 1 1 9 12 1 10 12 1 10 12 1 9 12 1 1 11 7 12 1 1 10 12 1 1 9 12 1 9 12 1 10 12 1 10 12 1 100 1 8 1 10 10 12 1 1 10 12 1 8 1 10 12 1 1 8 1 8 1 10 12 1 1 10 12 1 10 12 1 1 18 12 1 1 10 12 1 1 11 12 1 9 12 1 11 12 10 100 12 1 1 100 1 8 1 10 7 1 11 12 1 1 10 12 1 10 12 1 10 12 1 1 11 12 1 1 11 7 12 1 1 11 12 1 1 9 12 1 11 12 1 10 12 1 1 10 12 1 1 9 12 1 10 12 10 7 12 1 1 10 7 12 1 1 10 7 1 18 12 1 1 11 100 12 1 1 1 18 12 1 11 12 1 1 10 100 12 1 1 1 11 12 1 1 10 7 12 1 1 4 7 1 11 12 1 7 1 7 1 10 10 7 12 1 1 1 10 11 7 12 1 8 1 10 10 12 1 1 10 7 12 1 1 10 12 1 10 12 1 7 1 10 12 1 10 11 12 1 1 10 12 10 12 1 1 9 12 1 100 1 10 10 12 1 1 11 100 1 10 12 1 1 11 12 1 10 10 12 1 11 10 12 1 1 10 12 1 1 10 12 1 1 10 7 12 1 1 10 12 1 10 12 1 1 10 10 12 1 1 10 12 1 18 12 1 11 12 1 18 12 1 10 12 1 10 12 1 10 12 7 1 10 12 1 10 12 1 10 12 1 9 12 1 7 1 10 10 10 10 12 1 10 12 1 10 12 1 10 12 1 1 10 12 1 1 10 12 1 9 12 1 18 12 1 1 10 100 12 1 1 1 100 1 8 1 10 12 1 1 10 12 1 1 10 100 12 1 1 100 1 10 12 1 1 100 1 8 1 100 1 10 100 1 100 1 3 10 12 1 100 1 10 12 1 10 12 1 1 10 12 1 1 100 1 10 12 1 10 12 1 1 100 1 100 1 10 12 8 1 10 12 1 1 10 12 1 1 10 7 12 1 1 10 12 1 1 10 12 1 10 12 10 12 1 1 7 1 10 10 12 1 1 10 100 12 1 1 1 100 1 8 1 10 12 1 1 10 7 12 1 1 8 1 10 12 1 8 1 10 12 1 10 12 10 12 1 8 1 10 10 100 12 1 1 7 1 10 10 12 1 10 7 12 1 1 9 12 1 9 12 1 9 12 1 9 12 1 10 12 11 12 1 10 12 1 100 1 1 1 1 1 1 1 1 1 1 1 1 1 1 1 1 100 1 1 1 1 1 1 1 1 1 1 1 1 1 1 1 1 1 1 1 1 1 1 1 1 1 1 1 1 1 1 1 1 1 1 1 1 1 1 1 1 1 1 1 1 1 1 1 1 1 1 1 1 1 1 1 1 1 1 1 1 1 1 1 1 1 1 1 1 1 1 1 1 1 1 1 1 1 1 1 1 1 1 1 100 100 1 1 1 1 1 1 1 1 1 1 1 1 1 1 1 1 1 1 1 1 1 1 1 1 1 1 1 1 1 1 1 1 1 1 100 1 100 1 7 1 1 1 1 1 1 1 1 1 1 1 1 1 1 1 1 1 1 1 1 1 1 1 1 1 1 1 1 15 10 7 12 1 1 1 16 15 10 12 16 16 15 10 12 16 16 15 10 16 1 15 10 12 16 1 15 10 12 16 1 16 15 10 12 16 1 1 1 1 1 1 1 100 1 100 1 1
staticfield java/lang/Module ALL_UNNAMED_MODULE Ljava/lang/Module; java/lang/Module
staticfield java/lang/Module ALL_UNNAMED_MODULE_SET Ljava/util/Set; java/util/ImmutableCollections$Set12
staticfield java/lang/Module EVERYONE_MODULE Ljava/lang/Module; java/lang/Module
staticfield java/lang/Module EVERYONE_SET Ljava/util/Set; java/util/ImmutableCollections$Set12
staticfield java/lang/Module $assertionsDisabled Z 1
instanceKlass org/hibernate/internal/util/collections/LinkedIdentityHashMap$ArraySet
instanceKlass org/hibernate/sql/model/ast/ColumnValueBindingList
instanceKlass org/hibernate/sql/model/ast/ColumnValueParameterList
instanceKlass org/springframework/beans/factory/support/ManagedList
ciInstanceKlass java/util/ArrayList 1 1 492 10 7 12 1 1 1 7 1 9 7 12 1 1 1 9 12 1 100 1 100 1 10 8 1 10 12 1 1 10 12 1 10 12 1 1 10 12 1 9 12 1 11 7 12 1 1 1 9 12 1 1 10 12 1 1 7 10 7 12 1 1 1 9 12 1 10 12 1 10 12 1 1 10 7 12 1 1 1 10 7 12 1 1 1 10 12 1 1 10 12 1 1 10 12 1 1 10 12 1 10 12 1 1 100 1 100 1 10 12 1 10 7 12 1 1 1 10 7 12 1 1 10 12 1 10 12 10 12 1 1 10 12 1 1 10 12 1 1 7 1 10 12 1 1 10 12 1 1 10 12 1 100 1 10 11 12 1 1 11 7 12 1 1 1 11 12 1 10 12 1 10 12 1 10 12 1 1 100 1 10 12 1 1 10 10 12 1 1 10 12 1 8 1 8 1 8 1 8 1 10 12 1 1 10 12 1 1 11 12 1 100 1 10 100 12 1 1 10 12 1 10 12 1 1 10 100 12 1 1 10 12 1 10 100 12 1 1 1 11 100 12 1 1 1 10 12 1 100 1 8 1 10 7 1 10 12 1 7 1 10 12 1 10 12 1 1 7 1 10 12 1 10 12 1 1 11 7 12 1 1 7 1 10 12 1 10 12 1 1 11 7 12 1 1 10 12 1 1 10 12 1 1 10 12 1 1 10 12 1 1 11 100 12 1 1 10 12 1 1 100 1 100 1 100 1 1 1 1 5 0 1 3 1 1 1 1 1 1 1 1 1 1 1 1 1 1 1 1 1 1 1 1 1 1 1 1 1 1 1 1 1 1 1 1 1 1 1 1 1 1 1 1 1 1 1 1 1 1 1 1 1 1 1 1 1 1 1 1 1 1 1 1 1 1 1 1 1 1 1 1 1 1 1 1 1 1 1 1 1 1 1 1 1 1 1 1 1 1 1 1 1 1 1 1 1 1 1 1 100 1 1 1 1 100 1 1 1 1 1 1 1 1 1 1 1 1 1 1 1 1 1 1 1 1 1 1 1 1 1 1 1 1 1 100 1 1 1 1 1 1 1 1 1 1 1 1 1 1 1 1 1 1 100 1 100 1 1 1 1 1 1
staticfield java/util/ArrayList EMPTY_ELEMENTDATA [Ljava/lang/Object; 0 [Ljava/lang/Object;
staticfield java/util/ArrayList DEFAULTCAPACITY_EMPTY_ELEMENTDATA [Ljava/lang/Object; 0 [Ljava/lang/Object;
ciInstanceKlass java/util/concurrent/ConcurrentHashMap 1 1 1210 7 1 7 1 3 10 12 1 1 3 7 1 10 7 12 1 1 1 7 1 10 7 12 1 1 1 7 1 11 12 1 1 11 12 1 11 12 1 1 9 12 1 1 9 12 1 1 9 12 1 10 7 12 1 1 1 7 1 10 12 1 1 10 12 1 1 10 7 12 1 1 1 4 10 12 1 9 12 1 10 12 1 1 100 1 10 5 0 10 12 1 10 12 1 1 5 0 10 12 1 1 10 12 1 9 12 1 1 10 12 1 1 9 12 1 9 12 1 1 10 12 1 1 9 12 1 10 12 1 1 9 12 1 1 10 12 1 1 100 1 10 7 1 10 12 1 10 12 1 1 10 12 1 1 10 12 1 1 10 12 1 10 12 1 1 10 12 1 1 7 1 10 12 1 1 7 1 100 1 8 1 10 12 1 10 12 1 1 10 12 1 1 11 7 12 1 1 10 12 1 1 11 12 1 1 11 7 12 1 1 1 11 7 12 1 1 1 11 12 1 7 1 11 12 1 11 12 1 10 12 1 1 10 12 1 1 9 12 1 1 10 7 12 1 1 1 9 10 12 1 1 9 12 1 10 12 1 1 5 0 9 12 1 1 7 1 10 12 1 9 12 1 1 7 1 10 12 1 9 12 1 7 1 10 100 1 10 10 12 1 1 8 1 10 12 1 10 12 1 1 11 100 1 10 12 1 10 100 12 1 1 1 8 1 10 100 12 1 1 1 8 1 10 12 1 8 1 10 12 1 10 12 1 1 10 100 12 1 1 10 12 1 10 12 1 10 12 1 9 12 1 9 10 12 1 9 12 1 1 11 7 12 1 1 1 11 7 12 1 1 1 100 1 10 12 11 100 12 1 1 10 11 7 12 1 10 12 1 100 1 10 12 1 7 1 10 10 9 7 12 1 1 1 10 12 3 10 100 12 1 1 9 12 1 10 12 1 1 9 12 1 1 9 12 1 10 12 1 1 10 100 12 1 1 9 12 1 9 7 12 1 1 10 12 1 1 10 12 1 3 9 12 1 9 12 1 10 12 1 1 7 1 9 3 9 12 1 100 1 10 12 1 9 12 1 10 12 1 9 12 1 10 12 1 9 12 1 10 100 12 1 1 1 100 10 12 1 100 1 5 0 10 100 12 1 1 100 1 10 12 1 1 10 12 1 10 12 1 100 1 10 12 1 10 100 1 100 1 10 10 12 1 10 100 1 10 12 1 10 100 1 10 12 1 10 100 1 10 12 1 1 100 1 10 12 1 10 10 12 1 100 1 10 12 1 10 10 12 1 100 1 10 12 1 10 100 1 10 12 1 10 100 1 10 12 1 10 100 1 10 12 1 10 100 1 10 12 1 10 100 1 10 12 1 10 100 1 10 12 1 10 100 1 10 12 1 10 100 1 10 10 100 1 10 10 100 1 10 10 100 1 10 12 1 10 100 1 10 12 1 10 100 1 10 12 1 10 100 1 10 12 1 10 100 1 10 12 1 10 100 1 10 10 100 1 10 10 100 1 10 10 100 1 10 12 1 10 100 1 10 12 1 10 100 1 10 12 1 10 100 1 10 12 1 10 100 1 10 12 1 10 10 12 1 10 7 12 1 1 1 10 12 1 7 1 7 1 10 12 1 9 12 1 1 9 12 1 1 10 12 1 1 8 10 12 1 1 8 8 8 8 7 10 12 1 1 10 12 1 100 1 8 1 10 7 1 100 1 100 1 1 1 5 0 1 1 3 1 3 1 1 1 1 3 1 3 1 3 1 1 1 1 1 3 1 3 1 3 1 1 1 1 1 1 1 1 1 1 1 1 1 1 1 1 1 1 1 1 1 1 1 1 1 100 1 1 1 1 1 1 1 1 1 1 1 1 1 1 1 1 1 1 1 1 1 1 1 1 1 1 1 1 1 1 1 1 1 1 1 1 1 1 1 1 1 1 1 1 1 1 1 1 1 1 1 1 1 1 1 1 1 1 1 1 1 1 1 1 1 1 1 1 1 1 1 1 1 1 1 1 1 1 1 1 1 1 1 1 100 1 1 1 1 1 1 1 1 1 1 1 100 1 1 1 1 1 1 1 1 1 1 1 1 1 1 1 1 1 1 1 1 1 1 1 1 1 1 1 1 1 1 1 1 1 1 1 1 1 1 1 1 1 1 1 1 1 1 1 1 1 1 1 1 1 1 1 1 1 1 1 1 1 1 1 1 1 1 1 1 1 1 1 1 1 1 1 1 1 1 1 1 1 1 1 1 1 1 1 1 1 1 1 1 1 1 1 1 1 1 1 1 1 1 1 1 1 1 1 1 1 1 1 1 1 1 1 1 1 1 1 1 1 1 1 1 1 1 1 1 1 1 1 1 1 1 1 1 1 1 1 1 1 1 1 1 1 1 1 1 1 1 1 1 1 1 1 1 1 1 1 1 1 1 1 1 1 1 1 1 1 1 1 1 1 1 1 1 1 1 1 1 1 1 1 1 1 1 1 1 1 1 1 1 1 1 1 1 1 1 1 1 1 1 1 1 1 1 1 1 1 1 1 1 1 1 1 1 1 1 1 1 1 1 1 100 1 100 1 100 1 100 1 100 1 100 1 100 1 100 1 100 1 1 1 1 1 1 1 1 1 1 1 1 1 1 1 1 1 1 1 1 1 1 1 1 1 1 1 1 1 1 1 1 1 1 1 1 1 1 1 1 1 1 1 1 1 1 1 1 1 1 1 1 1 1 1 1 1 1
staticfield java/util/concurrent/ConcurrentHashMap NCPU I 12
staticfield java/util/concurrent/ConcurrentHashMap serialPersistentFields [Ljava/io/ObjectStreamField; 3 [Ljava/io/ObjectStreamField;
staticfield java/util/concurrent/ConcurrentHashMap U Ljdk/internal/misc/Unsafe; jdk/internal/misc/Unsafe
staticfield java/util/concurrent/ConcurrentHashMap SIZECTL J 20
staticfield java/util/concurrent/ConcurrentHashMap TRANSFERINDEX J 32
staticfield java/util/concurrent/ConcurrentHashMap BASECOUNT J 24
staticfield java/util/concurrent/ConcurrentHashMap CELLSBUSY J 36
staticfield java/util/concurrent/ConcurrentHashMap CELLVALUE J 144
staticfield java/util/concurrent/ConcurrentHashMap ABASE I 16
staticfield java/util/concurrent/ConcurrentHashMap ASHIFT I 2
ciInstanceKlass java/lang/String 1 1 1396 10 7 12 1 1 1 8 1 9 7 12 1 1 1 9 12 1 1 9 12 1 1 10 12 1 10 12 1 1 10 12 1 1 9 12 1 1 10 7 12 1 1 1 10 7 1 10 7 12 1 1 1 10 12 1 1 10 12 1 1 10 12 1 10 12 1 1 10 12 1 10 7 12 1 1 1 9 7 12 1 1 1 10 7 12 1 1 1 10 12 1 1 10 12 1 1 10 12 1 1 10 12 1 1 10 12 1 1 9 7 12 1 1 10 12 9 100 12 1 1 3 10 7 12 1 1 1 7 1 11 12 1 1 11 12 1 11 12 1 1 10 7 12 1 1 1 10 12 1 1 9 100 12 1 1 1 10 12 1 1 10 12 1 11 12 1 1 10 12 1 1 10 12 10 12 1 1 10 100 12 1 1 1 10 7 12 1 1 1 10 12 1 1 7 1 100 1 10 12 1 10 12 1 10 12 1 1 100 1 10 12 1 1 100 1 10 12 1 1 10 12 1 1 10 10 12 1 100 1 100 1 7 1 10 12 1 10 12 1 1 10 12 1 1 10 12 1 10 12 1 1 10 12 1 1 10 100 12 1 1 100 1 11 11 12 1 11 12 1 10 12 1 1 10 12 1 10 12 10 12 1 1 10 10 7 12 1 1 1 10 7 12 1 1 10 12 1 1 10 7 12 1 1 10 12 1 10 12 1 1 10 12 1 1 10 12 1 10 12 1 10 12 1 1 100 1 10 12 1 1 10 12 10 12 1 10 12 1 1 10 100 12 1 1 1 10 12 1 10 12 1 1 10 12 1 10 12 1 3 3 10 12 1 10 12 1 1 10 12 1 1 10 12 1 1 10 12 1 10 12 1 1 10 12 1 1 10 12 1 10 12 1 10 12 1 10 12 1 1 10 12 1 10 12 1 10 12 1 10 12 1 10 12 1 10 12 1 10 100 1 10 8 1 10 12 1 1 10 12 1 8 1 10 12 1 1 10 12 10 12 1 8 1 10 10 12 1 1 10 12 1 1 10 12 1 10 12 1 1 10 12 10 100 1 10 10 12 1 10 12 1 10 12 1 10 10 12 1 10 12 1 1 10 12 1 100 1 10 10 12 1 100 1 10 10 12 1 10 12 1 1 10 12 1 10 12 1 1 10 10 12 1 1 10 100 1 10 10 12 1 10 12 1 1 10 12 1 1 10 100 1 10 12 1 10 12 1 10 12 1 10 12 1 1 10 12 1 11 7 1 11 12 10 12 1 10 12 1 1 10 12 1 1 10 10 12 1 10 12 1 9 12 1 1 11 7 12 1 1 1 10 10 12 1 10 12 1 1 10 10 12 1 10 12 1 10 12 1 1 9 12 1 10 12 1 1 10 10 12 1 1 10 12 10 10 12 1 10 12 10 10 12 10 10 12 1 10 12 1 10 12 10 10 12 10 12 1 10 12 10 12 10 10 12 1 10 12 1 1 10 12 1 10 10 12 1 10 7 12 1 1 1 10 12 1 1 10 10 7 12 1 1 1 11 10 12 1 10 12 1 1 10 12 1 1 10 7 12 1 1 1 10 12 1 10 10 12 1 10 12 1 10 12 1 10 100 12 1 1 10 12 1 100 1 100 1 8 1 10 10 10 12 1 8 1 10 12 1 3 3 7 1 10 10 12 1 10 12 1 10 12 1 1 10 12 1 1 11 7 12 1 1 1 7 1 10 12 1 1 10 12 1 10 12 1 1 10 12 1 1 8 1 10 12 1 1 10 12 1 11 7 12 1 1 1 11 7 12 1 1 11 12 1 1 10 12 1 10 12 1 1 10 10 7 12 1 1 1 10 12 1 10 12 1 10 10 12 10 12 1 1 10 10 12 1 10 10 12 1 10 10 12 1 10 10 12 1 10 12 1 1 10 10 12 1 8 1 10 12 1 1 18 12 1 1 11 100 12 1 1 1 7 1 3 18 12 1 18 12 1 8 1 10 100 12 1 1 1 11 12 1 1 10 12 10 10 12 1 10 11 12 1 1 10 12 1 1 11 12 1 18 3 11 10 12 1 11 11 10 12 1 10 12 1 1 8 1 10 12 1 10 12 1 10 12 1 1 10 10 12 1 11 100 12 1 7 1 100 1 10 12 1 7 1 10 10 7 12 1 1 1 100 1 10 7 1 10 10 12 1 10 10 12 1 8 1 10 10 12 1 8 1 8 1 10 12 1 10 12 1 10 10 12 10 7 12 1 1 10 7 12 1 1 10 7 12 1 1 8 1 10 12 1 10 12 1 1 10 10 12 8 1 8 1 10 8 1 8 1 8 1 8 1 10 12 1 10 12 1 8 1 10 100 12 1 1 1 10 12 10 12 1 1 10 12 10 10 12 10 12 7 1 9 12 1 1 7 1 10 100 1 100 1 100 1 100 1 1 1 1 1 1 5 0 1 1 1 1 1 3 1 3 1 1 1 1 1 1 1 1 1 1 1 1 1 1 1 100 1 1 1 100 1 1 1 1 1 1 1 1 1 1 1 1 1 1 1 1 1 1 1 1 1 1 1 1 1 1 1 100 1 1 1 1 1 1 1 1 1 100 1 1 1 1 1 1 1 1 1 1 1 1 1 1 1 1 1 1 1 1 1 1 1 1 1 1 1 1 1 1 1 1 1 1 1 1 1 1 1 1 1 1 1 1 1 1 1 1 1 1 1 1 1 1 1 1 1 1 1 1 1 1 1 1 1 1 1 1 1 1 1 1 1 1 1 1 1 1 1 1 1 1 1 1 1 1 1 1 1 1 1 1 1 1 1 1 1 1 1 1 1 1 1 1 1 1 1 1 1 1 1 1 1 1 1 1 1 1 1 1 1 1 1 1 1 1 1 1 1 1 1 1 1 1 1 1 1 1 1 1 1 1 1 1 1 1 1 1 1 1 1 1 1 1 1 1 1 1 1 1 1 1 1 1 1 1 1 1 1 100 1 1 1 1 1 1 1 1 1 1 1 1 1 1 1 1 1 1 1 1 1 1 1 1 100 1 1 1 1 1 1 1 1 1 1 1 1 1 7 1 1 1 1 1 1 1 1 1 1 1 1 1 1 1 15 10 100 12 1 1 1 16 15 10 12 16 15 10 12 15 10 12 15 10 12 1 1 1 1 100 1 100 1 1 1
staticfield java/lang/String COMPACT_STRINGS Z 1
staticfield java/lang/String serialPersistentFields [Ljava/io/ObjectStreamField; 0 [Ljava/io/ObjectStreamField;
staticfield java/lang/String CASE_INSENSITIVE_ORDER Ljava/util/Comparator; java/lang/String$CaseInsensitiveComparator
ciInstanceKlass java/security/ProtectionDomain 1 1 324 10 7 12 1 1 1 9 7 12 1 1 1 7 1 10 9 12 1 1 9 12 1 1 9 12 1 1 10 7 12 1 1 7 1 9 12 1 9 12 1 1 7 1 9 12 1 1 9 12 1 10 7 12 1 1 10 7 12 1 1 1 10 12 1 1 10 12 1 9 12 1 9 100 12 1 1 10 12 1 1 10 100 1 10 12 1 1 8 1 100 1 8 1 10 12 1 10 10 100 12 1 1 1 10 12 1 1 8 1 11 8 1 10 12 1 8 1 8 1 10 12 1 1 10 12 1 10 12 1 1 10 12 1 8 1 10 12 1 8 1 8 1 10 100 12 1 1 1 9 100 12 1 1 1 10 12 1 1 9 100 12 1 1 1 10 100 12 1 1 1 100 1 100 1 10 12 1 10 100 12 1 1 1 10 100 1 10 12 1 10 12 1 1 11 100 12 1 1 11 12 1 100 1 11 100 12 1 1 1 10 12 1 10 11 12 1 1 11 12 1 1 10 12 1 10 7 12 1 1 10 100 12 1 1 11 12 1 10 12 8 1 8 1 10 7 12 1 1 1 7 1 10 10 7 12 1 1 1 1 1 1 1 1 1 1 100 1 1 100 1 1 1 1 1 1 1 1 1 1 1 1 1 1 1 1 1 1 1 1 1 1 1 1 1 1 1 1 1 1 1 1 1 1 1 1 1 1 1 1 1 1 100 1 1 1 1 1 100 1 1 1 1 1
staticfield java/security/ProtectionDomain filePermCompatInPD Z 0
ciInstanceKlass java/security/CodeSource 1 1 395 10 7 12 1 1 1 9 7 12 1 1 1 9 12 1 1 9 12 1 1 9 12 1 1 10 7 12 1 1 1 9 12 1 1 10 100 12 1 1 10 100 10 7 12 1 1 1 10 100 12 1 1 1 10 12 1 1 100 1 10 10 100 12 1 1 1 10 100 12 1 1 1 10 12 1 1 10 12 1 100 1 10 12 1 1 10 12 1 1 10 12 1 1 10 12 1 10 10 10 12 1 1 10 7 12 1 1 1 10 12 1 10 12 1 10 12 1 8 1 10 12 1 10 12 1 10 12 1 1 10 12 1 8 1 10 12 1 1 10 100 1 10 10 12 1 1 8 1 10 12 1 10 12 1 10 12 1 8 1 8 1 9 12 1 1 100 1 8 1 10 12 1 10 12 1 1 8 1 10 12 1 8 1 8 1 8 1 10 100 12 1 1 10 12 1 1 10 12 1 10 12 1 1 10 12 1 1 10 12 1 1 100 1 100 1 10 12 1 10 12 10 12 1 1 10 100 12 1 1 10 12 1 100 1 10 12 10 8 1 10 12 1 10 12 1 10 12 1 1 100 1 10 12 1 1 100 1 100 1 8 1 8 1 10 10 12 1 1 10 100 12 1 1 1 100 1 10 12 10 12 1 1 11 100 12 1 1 10 10 12 1 11 10 12 1 8 1 100 1 10 12 1 10 12 1 1 10 12 1 11 12 1 1 11 100 1 1 1 1 5 0 1 1 1 1 1 1 1 1 1 1 1 1 1 1 1 1 1 1 1 1 1 1 1 1 1 1 1 1 1 1 1 1 1 1 1 1 1 1 1 1 1 1 1 1 1 1 1 1 1 1 1 1 1 1 1 1 1 1 1 1 1 1 1 1 1 100 1 1 1 1 1 1 1
ciInstanceKlass java/lang/StringBuilder 1 1 409 10 7 12 1 1 1 10 12 1 10 12 1 10 12 1 1 10 7 12 1 1 1 10 7 12 1 1 1 10 12 1 10 12 1 10 12 1 10 12 1 10 12 1 10 12 1 10 12 1 10 12 1 10 12 1 10 12 1 10 12 1 10 12 1 10 12 1 10 12 1 1 10 12 1 10 12 1 1 10 12 1 1 10 12 1 10 12 1 10 12 1 10 12 1 10 12 1 10 12 1 10 12 1 10 12 10 12 1 10 12 1 10 12 1 10 12 1 1 10 12 1 10 12 1 10 12 10 12 1 1 10 12 1 1 9 12 1 1 9 12 1 1 10 7 12 1 1 1 10 7 1 10 100 12 1 1 1 10 12 1 10 12 1 1 10 12 1 1 10 10 12 1 1 10 100 12 1 1 10 12 1 10 12 1 1 100 1 100 1 8 1 10 10 12 1 1 10 12 1 1 10 12 1 10 12 1 10 12 1 10 12 1 10 12 1 10 12 1 10 12 1 10 12 1 10 12 1 10 12 1 10 12 1 10 12 1 10 12 1 10 12 1 10 12 1 1 10 12 1 1 10 12 1 10 12 1 10 12 1 10 12 10 12 10 12 1 10 12 1 10 12 1 10 12 10 12 1 10 12 1 10 12 1 10 12 1 10 12 1 10 12 1 10 12 1 10 12 1 10 12 1 1 10 12 1 10 12 1 1 10 12 1 10 12 1 1 10 12 1 10 12 1 1 10 12 1 10 12 1 10 12 1 10 10 12 1 10 12 1 100 1 100 1 100 1 1 1 1 5 0 1 1 1 1 1 1 1 1 1 1 1 1 1 1 1 1 1 1 1 1 1 1 1 1 1 1 1 1 1 1 1 1 1 1 1 1 1 1 1 1 1 1 1 100 1 1 1 100 1 1 1 1 1 1 1 1 1 1
ciInstanceKlass jdk/internal/loader/ClassLoaders 1 1 183 10 100 12 1 1 1 10 7 12 1 1 1 10 12 1 1 10 100 12 1 1 1 9 7 12 1 1 1 9 12 1 1 9 12 1 1 7 1 11 100 12 1 1 1 100 1 11 12 1 1 11 12 1 1 10 100 12 1 1 1 10 100 12 1 1 1 100 1 100 1 10 7 12 1 1 1 9 12 1 1 10 12 1 1 7 1 10 12 1 1 10 12 1 7 1 8 1 10 7 12 1 1 1 10 12 1 1 7 1 10 12 1 10 12 1 10 12 1 8 1 10 7 12 1 1 8 1 8 1 10 12 1 7 1 10 12 1 10 12 1 10 12 1 1 1 1 1 1 1 1 1 1 1 1 1 1 1 1 1 1 1 1 100 1 1 1 1 1 1 1 1 1 1 1 1 1 1 1 1 1 1 1
staticfield jdk/internal/loader/ClassLoaders JLA Ljdk/internal/access/JavaLangAccess; java/lang/System$2
staticfield jdk/internal/loader/ClassLoaders BOOT_LOADER Ljdk/internal/loader/ClassLoaders$BootClassLoader; jdk/internal/loader/ClassLoaders$BootClassLoader
staticfield jdk/internal/loader/ClassLoaders PLATFORM_LOADER Ljdk/internal/loader/ClassLoaders$PlatformClassLoader; jdk/internal/loader/ClassLoaders$PlatformClassLoader
staticfield jdk/internal/loader/ClassLoaders APP_LOADER Ljdk/internal/loader/ClassLoaders$AppClassLoader; jdk/internal/loader/ClassLoaders$AppClassLoader
ciInstanceKlass jdk/internal/misc/Unsafe 1 1 1285 10 7 12 1 1 1 9 7 12 1 1 1 9 12 1 1 10 12 1 1 10 7 12 1 1 1 10 12 1 1 10 12 1 1 10 12 1 1 10 12 1 1 10 12 1 1 10 12 1 1 10 12 1 1 10 12 1 1 10 12 1 1 10 12 1 1 10 12 1 1 10 12 1 1 10 12 1 1 10 12 1 10 12 1 100 1 10 10 12 1 1 10 12 1 1 5 0 10 12 1 1 10 12 1 1 10 7 12 1 1 1 10 12 1 1 10 12 1 10 12 1 10 12 1 1 10 12 1 1 10 12 1 10 12 1 100 1 100 1 10 8 1 10 12 1 1 10 12 1 8 1 10 12 1 1 10 12 1 10 12 1 10 12 1 1 10 12 1 10 12 1 1 10 12 1 1 10 12 1 10 12 1 10 12 1 10 12 1 1 10 12 1 10 12 1 10 12 1 1 10 12 1 5 0 5 0 5 0 10 12 1 10 12 1 10 12 1 10 12 1 10 12 1 10 12 1 10 12 1 10 12 1 10 12 1 1 10 12 1 10 12 1 100 1 8 1 10 100 1 10 10 12 1 1 10 12 1 1 10 12 1 10 12 1 1 10 12 1 1 10 12 1 10 12 1 1 10 12 1 9 7 12 1 1 9 12 1 100 1 10 10 12 1 1 8 1 10 8 1 8 1 10 12 1 1 9 7 12 1 1 1 9 100 1 9 7 1 9 7 1 9 9 100 1 9 100 1 9 100 1 10 12 1 1 10 12 1 1 10 12 1 1 10 12 1 1 5 0 5 0 9 12 1 1 10 12 1 10 12 1 10 12 1 1 10 12 1 1 10 12 1 8 1 3 10 12 1 1 10 12 1 1 10 12 1 10 12 1 1 10 12 1 1 10 12 1 10 12 1 10 12 1 10 12 1 10 12 1 10 12 1 1 10 12 1 1 10 12 1 10 12 1 10 12 1 10 12 1 10 12 1 10 12 1 1 10 12 1 1 10 12 1 10 12 1 10 12 1 10 12 1 10 12 1 10 12 1 1 10 12 1 1 10 12 1 1 10 12 1 1 10 12 1 10 12 1 10 12 1 10 12 1 10 12 1 10 12 1 10 12 1 1 10 12 1 1 10 12 1 10 12 1 10 12 1 10 12 1 10 12 1 10 12 1 10 12 1 1 10 12 1 1 10 12 1 10 12 1 10 12 1 10 12 1 10 12 1 10 12 1 10 12 1 10 12 1 1 10 12 1 10 12 1 10 12 1 10 12 1 10 12 1 1 10 12 1 10 12 1 10 12 1 10 12 1 10 12 1 10 12 1 10 12 1 10 12 1 1 10 12 1 10 12 1 10 12 1 10 12 1 10 12 1 10 12 1 1 10 12 1 10 12 1 10 12 1 1 10 12 1 10 12 1 10 12 1 10 12 1 10 12 1 10 12 1 10 12 1 10 12 1 10 12 1 10 12 1 10 12 1 10 12 1 10 12 1 10 12 1 10 12 1 10 12 1 10 12 1 10 12 1 10 12 1 10 12 1 10 12 1 10 12 1 100 1 10 100 1 10 9 12 1 5 0 10 12 1 1 5 0 10 12 1 5 0 10 12 1 10 12 1 10 12 1 1 10 12 1 1 10 12 1 10 12 1 10 12 1 10 12 1 1 10 12 1 10 12 1 10 12 1 10 12 1 10 12 1 1 10 12 1 10 12 1 10 12 1 10 12 1 1 10 12 1 10 12 1 10 12 1 1 10 12 1 10 12 1 10 12 1 10 12 1 1 10 12 1 10 10 12 1 1 10 12 1 10 12 1 1 10 12 1 10 12 5 0 5 0 5 0 10 12 1 1 10 12 1 10 12 1 10 12 10 100 12 1 1 8 1 100 1 11 12 1 1 8 1 11 12 1 1 10 100 12 1 1 10 12 1 10 12 1 10 12 1 10 12 1 10 12 1 1 10 12 1 10 12 1 10 12 1 10 12 1 10 12 1 10 12 1 10 7 1 10 12 1 9 12 1 7 1 9 12 1 7 1 9 12 1 7 1 9 12 1 7 1 9 12 1 7 1 9 12 1 7 1 9 12 1 7 1 9 12 1 7 1 9 12 1 10 12 1 9 12 1 9 12 1 9 12 1 9 12 1 9 12 1 9 12 1 9 12 1 9 12 1 9 12 1 9 12 1 1 1 3 1 1 1 1 1 1 1 1 1 1 1 1 1 1 1 1 1 1 1 1 1 1 1 1 1 1 1 1 1 1 1 1 1 1 1 1 1 1 1 1 1 1 1 1 1 1 1 1 1 1 1 1 1 1 1 1 1 1 1 1 1 1 1 1 1 1 1 1 1 1 1 1 1 1 1 1 1 1 1 1 1 1 1 1 1 1 1 1 1 100 1 1 1 1 1 1 1 1 1 1 1 1 1 1 1 1 1 1 1 1 1 1 1 1 1 1 1 1 1 1 1 1 1 1 1 1 1 1 1 1 1 1 1 1 1 1 1 1 1 1 1 1 1 1 1 1 1 1 1 1 1 1 1 1 1 1 1 1 1 1 1 1 1 1 1 1 1 1 1 1 1 1 1 1 1 1 1 1 1 1 1 1 1 1 1 1 1 1 1 1 1 1 1 1 1 1 1 1 1 1 1 1 1 1 1 1 1 1 1 1 1 1 1 1 1 1 1 1 1 1 1 1 1 1 1 1 1 1 1 1 1 1 1 1 1 1 1 1 1 1 1 1 1 1 1 1 1 1 1 1 1 1 1 1 1 1 1 1 1 1 1 1 1 1 1 1 1 1 1 1 1 1 1 1 1 1 1 1 1 1 1 1 1 1 1 1 1 1 1 1 1 1 1 1 1 1 1 3 1 1 1 1 1 1 1 1 1 1 1 1 1 1 1 1 1 1 1 1 1
staticfield jdk/internal/misc/Unsafe theUnsafe Ljdk/internal/misc/Unsafe; jdk/internal/misc/Unsafe
staticfield jdk/internal/misc/Unsafe ARRAY_BOOLEAN_BASE_OFFSET I 16
staticfield jdk/internal/misc/Unsafe ARRAY_BYTE_BASE_OFFSET I 16
staticfield jdk/internal/misc/Unsafe ARRAY_SHORT_BASE_OFFSET I 16
staticfield jdk/internal/misc/Unsafe ARRAY_CHAR_BASE_OFFSET I 16
staticfield jdk/internal/misc/Unsafe ARRAY_INT_BASE_OFFSET I 16
staticfield jdk/internal/misc/Unsafe ARRAY_LONG_BASE_OFFSET I 16
staticfield jdk/internal/misc/Unsafe ARRAY_FLOAT_BASE_OFFSET I 16
staticfield jdk/internal/misc/Unsafe ARRAY_DOUBLE_BASE_OFFSET I 16
staticfield jdk/internal/misc/Unsafe ARRAY_OBJECT_BASE_OFFSET I 16
staticfield jdk/internal/misc/Unsafe ARRAY_BOOLEAN_INDEX_SCALE I 1
staticfield jdk/internal/misc/Unsafe ARRAY_BYTE_INDEX_SCALE I 1
staticfield jdk/internal/misc/Unsafe ARRAY_SHORT_INDEX_SCALE I 2
staticfield jdk/internal/misc/Unsafe ARRAY_CHAR_INDEX_SCALE I 2
staticfield jdk/internal/misc/Unsafe ARRAY_INT_INDEX_SCALE I 4
staticfield jdk/internal/misc/Unsafe ARRAY_LONG_INDEX_SCALE I 8
staticfield jdk/internal/misc/Unsafe ARRAY_FLOAT_INDEX_SCALE I 4
staticfield jdk/internal/misc/Unsafe ARRAY_DOUBLE_INDEX_SCALE I 8
staticfield jdk/internal/misc/Unsafe ARRAY_OBJECT_INDEX_SCALE I 4
staticfield jdk/internal/misc/Unsafe ADDRESS_SIZE I 8
ciInstanceKlass java/lang/ThreadGroup 1 1 293 10 7 12 1 1 1 9 7 12 1 1 1 8 1 9 12 1 1 7 1 9 12 1 9 12 1 1 10 12 1 1 10 12 1 1 10 12 1 10 12 1 1 10 12 1 9 12 1 1 10 12 1 1 10 12 1 9 12 1 10 100 12 1 1 1 9 12 1 9 12 1 1 10 7 12 1 1 1 100 10 12 1 1 10 7 12 1 1 1 10 100 12 1 9 12 1 10 12 1 1 10 12 1 1 9 12 1 1 10 12 1 1 10 12 1 10 12 1 10 12 1 1 10 12 1 1 10 12 1 10 12 1 10 10 12 1 10 12 1 10 100 1 10 10 12 1 10 12 1 10 12 1 7 10 12 1 9 12 1 1 10 12 1 1 8 1 10 7 12 1 1 1 10 12 1 1 10 12 1 1 10 12 1 1 11 100 1 7 1 9 12 1 7 1 10 8 1 10 12 1 1 10 12 1 1 8 1 10 12 1 10 7 12 1 1 1 10 12 1 1 10 100 1 8 1 10 8 1 10 12 1 8 1 1 1 1 1 1 1 1 1 1 1 1 1 1 1 1 1 3 1 1 1 1 1 1 1 1 1 1 1 1 1 1 1 1 1 1 1 1 1 1 1 1 1 1 1 1 1 1 1 1 1 1 1 1 1 1 1 1 1 1
ciInstanceKlass java/io/PrintStream 1 1 346 100 1 10 12 1 1 8 1 10 7 12 1 1 1 10 100 12 1 1 1 100 1 100 1 100 1 10 10 7 12 1 1 9 12 1 1 9 12 1 9 12 1 7 1 10 9 12 1 1 7 1 10 12 1 9 12 1 1 10 12 1 10 12 1 8 1 7 1 10 12 1 10 12 1 10 12 1 100 1 10 10 12 1 8 1 10 12 1 9 12 1 1 100 1 8 1 10 10 12 1 1 10 12 1 10 12 1 10 10 10 12 1 1 10 12 1 1 100 1 10 100 12 1 1 1 10 12 1 10 12 1 10 10 12 1 10 12 1 10 10 12 1 10 12 10 7 12 1 1 1 10 12 1 1 10 10 12 1 10 12 1 10 12 1 10 12 1 10 12 1 10 10 12 1 10 10 7 12 1 1 1 10 12 1 10 12 1 1 10 12 1 10 12 10 12 1 10 12 1 10 12 1 10 12 10 12 10 12 10 12 1 1 10 12 1 9 12 1 1 10 100 12 1 1 1 9 100 12 1 1 1 10 100 12 1 1 1 10 12 1 10 12 1 10 12 1 8 1 11 100 12 1 1 1 10 12 1 1 10 12 1 10 12 1 100 1 100 1 1 1 1 1 1 1 1 1 1 1 1 1 1 1 1 100 1 1 1 1 1 1 1 1 100 1 1 1 1 1 1 1 1 1 100 1 1 1 1 1 1 1 1 1 1 1 1 1 1 1 1 1 1 1 1 1 1 1 1 1 1 100 1 1 1 1 1 1 1 1 1 1 1 1 1 1 1
instanceKlass org/springframework/beans/factory/support/ManagedProperties
instanceKlass org/springframework/core/SortedProperties
instanceKlass java/security/Provider
ciInstanceKlass java/util/Properties 1 1 651 10 7 12 1 1 1 100 1 10 7 12 1 1 7 1 10 12 1 9 12 1 1 9 12 1 1 9 12 1 1 10 7 12 1 1 1 10 12 1 1 8 1 10 7 12 1 1 1 7 1 10 12 1 10 12 1 1 8 1 10 12 1 7 1 10 12 10 12 1 1 9 12 1 1 10 12 1 1 7 1 10 12 1 10 12 1 10 12 1 1 100 1 8 1 10 12 1 10 12 1 10 12 1 1 10 12 1 100 1 3 10 10 100 12 1 1 1 10 12 1 10 12 1 1 8 1 10 12 1 10 12 1 1 8 1 10 100 12 1 1 10 12 1 1 10 12 1 10 12 1 1 100 1 10 12 1 10 12 1 1 100 1 9 100 12 1 1 1 10 12 1 10 12 1 1 100 1 10 10 10 12 1 1 11 7 12 1 1 1 11 7 12 1 1 1 11 12 1 1 7 1 11 12 1 11 12 1 10 12 1 1 8 1 10 12 1 10 12 1 100 1 10 10 12 1 1 10 100 12 1 1 9 100 12 1 1 10 12 1 1 10 100 12 1 1 1 100 1 100 1 100 1 10 8 1 8 1 10 12 1 10 12 1 10 12 1 1 10 10 12 1 1 10 12 1 1 7 1 10 10 12 1 11 7 12 1 1 10 7 12 1 1 1 8 1 10 100 12 1 1 11 8 1 10 100 1 11 10 12 1 10 12 1 10 12 1 10 12 1 1 10 12 1 1 10 12 1 1 10 12 1 10 12 1 10 10 12 1 10 12 1 10 12 1 10 10 12 1 1 10 12 1 1 7 1 10 10 12 1 10 12 1 10 12 1 10 12 1 10 12 1 1 10 12 1 1 10 12 1 10 12 1 10 12 1 1 10 12 10 12 1 1 10 12 1 1 10 12 1 10 12 1 1 10 12 1 1 10 12 100 1 10 11 100 12 1 1 4 11 10 12 1 1 10 100 12 1 1 11 12 1 10 12 1 1 10 100 12 1 1 10 12 1 100 1 8 1 10 12 1 10 10 100 12 1 1 1 100 1 6 0 10 12 1 1 11 100 12 1 1 1 10 12 1 10 12 1 1 1 1 1 5 0 1 1 1 1 1 1 1 1 1 1 1 1 1 1 1 1 1 1 1 1 1 1 1 1 1 1 1 1 1 1 1 1 1 1 1 1 1 1 1 1 100 1 1 1 1 1 1 1 1 1 1 1 1 1 1 1 1 1 1 1 1 100 1 1 1 1 1 1 1 100 1 100 1 1 1 1 100 1 1 1 1 1 1 1 1 1 1 1 1 1 1 1 1 1 1 1 1 1 1 1 1 1 1 1 1 1 1 1 1 1 1 1 1 1 1 1 1 1 1 1 1 1 1 1 1 1 1 1 1 1 1 1 1 1 1 1 1 1 1 1 1 1 1 1 1 1 1 1 1 1 1 1 1 100 1 1 1 1 1 1 1 1 1 100 1 1 1
staticfield java/util/Properties UNSAFE Ljdk/internal/misc/Unsafe; jdk/internal/misc/Unsafe
instanceKlass java/util/Hashtable
ciInstanceKlass java/util/Dictionary 1 1 36 10 7 12 1 1 1 100 1 1 1 1 1 1 1 1 1 1 1 1 1 1 1 1 1 1 1 1 1 1 1 1 1 1 1 1
instanceKlass java/util/Properties
ciInstanceKlass java/util/Hashtable 1 1 512 100 1 10 7 12 1 1 1 9 7 12 1 1 1 100 1 100 1 10 8 1 10 12 1 1 10 12 1 10 12 1 1 10 12 1 10 7 12 1 1 1 8 1 10 12 1 9 12 1 1 7 1 9 12 1 1 4 10 7 12 1 1 1 9 12 1 4 10 12 1 11 100 12 1 1 1 10 12 1 1 10 12 1 1 9 12 1 10 12 1 1 100 1 10 9 12 1 1 10 7 12 1 1 1 9 12 1 1 10 12 1 10 12 1 3 9 12 1 9 12 1 3 10 12 1 10 12 1 10 12 1 1 11 12 1 1 11 100 12 1 1 1 11 100 12 1 1 1 11 12 1 100 1 11 12 1 11 12 1 10 12 1 1 10 12 1 1 10 12 1 9 12 1 1 9 12 9 12 1 1 10 100 1 100 1 10 12 1 10 8 1 10 10 12 1 8 1 10 8 1 10 7 12 1 1 1 7 1 10 12 1 10 12 1 7 1 10 12 1 10 12 1 1 100 1 10 100 1 10 10 12 1 1 11 12 1 1 11 12 1 100 1 10 10 10 100 12 1 1 11 100 12 1 1 1 100 1 10 11 100 12 1 1 11 100 12 1 10 12 1 10 12 1 1 10 100 12 1 1 10 12 1 1 10 12 1 1 10 12 1 1 10 100 12 1 1 1 8 10 100 12 1 1 100 1 8 1 10 4 10 12 4 10 12 1 8 1 10 12 10 100 12 1 1 1 100 1 11 100 12 1 1 1 10 100 12 1 1 1 10 12 1 10 12 1 1 10 100 1 100 1 1 1 1 1 1 5 0 1 1 1 1 1 3 1 3 1 3 1 1 1 1 1 1 1 1 1 1 1 1 1 1 1 1 1 1 1 1 1 1 1 1 1 100 1 1 1 1 1 1 1 1 1 1 1 1 1 1 1 1 1 1 1 1 1 1 1 1 1 1 1 1 1 100 1 1 1 1 1 1 1 1 1 1 1 1 1 1 1 1 1 1 1 1 1 1 1 1 1 1 1 1 1 1 1 1 1 1 1 1 1 1 1 1 1 1 1 1 1 1 1 1 1 1 1 1 1 1 1 1 1 1 100 1 1 1 100 1 1 1 1 1 100 1 1 1 1 1 1 1 1 1 1 1 1 1 1 1 1 1 1
instanceKlass com/mysql/cj/protocol/a/CompressedInputStream
instanceKlass com/mysql/cj/protocol/ReadAheadInputStream
instanceKlass java/io/ObjectInputStream
instanceKlass java/util/jar/JarVerifier$VerifierStream
instanceKlass sun/nio/ch/ChannelInputStream
instanceKlass sun/nio/ch/NioSocketImpl$1
instanceKlass java/net/Socket$SocketInputStream
instanceKlass java/util/zip/ZipFile$ZipFileInputStream
instanceKlass java/io/FilterInputStream
instanceKlass java/io/FileInputStream
instanceKlass java/io/ByteArrayInputStream
ciInstanceKlass java/io/InputStream 1 1 184 100 1 10 7 12 1 1 1 100 1 10 10 7 12 1 1 1 10 7 12 1 1 1 10 12 1 100 1 3 10 12 1 1 100 1 8 1 10 12 1 10 7 12 1 1 1 3 100 1 8 1 10 10 7 12 1 1 1 7 1 10 11 7 12 1 1 1 10 12 1 1 11 12 1 1 11 7 12 1 1 1 11 12 1 1 7 1 10 7 12 1 1 1 5 0 10 12 1 10 12 1 1 100 1 10 8 1 10 8 1 8 1 10 12 1 1 10 100 12 1 1 1 100 1 1 1 1 3 1 3 1 1 1 1 1 1 1 1 1 1 1 1 1 1 1 1 1 1 1 1 1 1 1 1 1 1 1 1 1 1 1 1 1 1 1 1 1 1 1 1 1 1 1 1 1 1 1 1 1 1 1 1 1
ciInstanceKlass java/io/ByteArrayInputStream 1 1 96 10 7 12 1 1 1 9 7 12 1 1 1 9 12 1 1 9 12 1 9 12 1 10 100 12 1 1 1 10 7 12 1 1 1 10 7 12 1 1 1 10 100 12 1 1 1 10 12 1 1 10 100 12 1 1 1 1 1 1 1 1 1 1 1 1 1 1 1 1 1 1 1 1 1 1 1 1 1 1 1 100 1 1 1 1 1 1 1 1 1 1 1 1 1 1
instanceKlass com/sun/scenario/effect/ImageData$1
instanceKlass com/sun/scenario/effect/impl/ImagePool$1
instanceKlass com/sun/prism/impl/PrismTrace$1
instanceKlass org/springframework/boot/autoconfigure/ssl/FileWatcher$WatcherThread
instanceKlass org/springframework/context/support/AbstractApplicationContext$1
instanceKlass com/sun/glass/ui/InvokeLaterDispatcher
instanceKlass java/util/concurrent/ForkJoinWorkerThread
instanceKlass com/sun/javafx/tk/quantum/PerformanceTrackerHelper$1$1
instanceKlass com/sun/javafx/tk/quantum/QuantumToolkit$1
instanceKlass java/util/logging/LogManager$Cleaner
instanceKlass com/intellij/rt/execution/application/AppMainV2$1
instanceKlass jdk/internal/misc/InnocuousThread
instanceKlass java/lang/ref/Finalizer$FinalizerThread
instanceKlass java/lang/ref/Reference$ReferenceHandler
ciInstanceKlass java/lang/Thread 1 1 612 9 7 12 1 1 1 9 12 1 1 10 12 1 1 9 12 1 1 9 12 1 1 100 1 8 1 10 12 1 1 3 8 1 100 1 5 0 10 12 1 1 10 7 12 1 1 9 12 1 1 9 12 1 9 12 1 1 9 12 1 100 1 8 1 10 9 12 1 1 10 7 12 1 1 1 10 100 12 1 1 1 10 10 7 12 1 1 10 12 1 1 10 12 1 1 9 100 12 1 1 1 10 12 1 1 10 12 1 9 12 1 1 10 12 1 1 10 12 1 1 9 12 1 10 12 1 1 9 12 1 1 10 7 12 1 1 1 9 12 1 1 9 12 1 1 10 12 1 1 10 7 12 1 1 1 9 12 1 10 12 1 1 9 12 1 100 1 10 7 1 10 8 1 10 12 1 1 10 12 1 10 12 1 10 12 1 1 10 12 1 10 12 1 9 12 1 100 1 10 10 12 1 1 10 12 1 10 12 1 100 1 11 7 12 1 1 9 7 12 1 1 1 10 12 1 10 12 1 10 12 9 12 1 1 10 9 12 1 10 12 1 100 1 10 10 12 1 1 9 12 1 10 12 1 11 100 12 1 1 10 12 1 9 12 1 10 12 1 10 12 1 10 10 12 1 10 12 1 10 12 1 10 12 1 10 12 1 1 100 1 10 10 12 1 10 12 1 10 12 1 9 100 12 1 1 1 10 12 1 1 10 12 1 100 1 8 1 10 10 12 1 10 12 8 1 10 12 1 8 1 10 8 1 8 1 10 100 12 1 1 10 100 12 1 1 1 100 1 8 1 10 9 12 1 9 12 1 1 10 12 1 1 10 10 12 1 1 9 12 1 10 12 1 1 100 1 10 12 11 100 12 1 1 1 9 100 12 1 1 1 9 12 1 1 10 12 1 1 100 1 10 12 1 11 100 12 1 1 1 100 1 10 12 1 10 12 1 1 11 12 1 10 12 1 100 1 10 12 1 10 12 1 1 10 7 12 1 1 1 8 1 9 12 1 10 12 1 1 11 100 12 1 1 1 10 100 12 1 1 1 11 12 1 10 12 1 7 1 1 1 1 3 1 3 1 3 1 1 1 1 1 1 1 1 1 1 1 1 1 1 1 1 1 1 1 100 1 1 1 1 1 1 1 1 1 1 1 1 100 1 100 1 1 1 1 1 1 1 1 1 1 1 1 1 1 1 1 1 1 1 1 1 1 1 1 1 1 1 1 1 1 1 1 1 1 1 1 1 1 1 1 1 1 1 100 100 1 1 1 1 1 1 1 1 1 100 1 1 1 1 1 1 1 1 1 1 1 1 1 1 1 1 1 1 1 1 1 1 1 1 1 1 1 1 100 1 1 1 1 1 1 100 1 1 100 1 1 1 1 1 1
staticfield java/lang/Thread EMPTY_STACK_TRACE [Ljava/lang/StackTraceElement; 0 [Ljava/lang/StackTraceElement;
ciMethod java/lang/Thread getContextClassLoader ()Ljava/lang/ClassLoader; 752 0 2016 0 -1
ciMethod java/lang/System getProperty (Ljava/lang/String;)Ljava/lang/String; 512 0 658 0 -1
ciInstanceKlass java/lang/Math 1 1 395 10 100 12 1 1 1 10 7 12 1 1 1 10 12 1 10 12 1 10 12 1 10 12 1 10 12 1 7 1 6 0 6 0 10 12 1 10 12 1 10 12 1 10 12 1 10 12 1 10 12 1 1 10 12 1 10 12 1 10 12 1 10 12 1 10 12 1 10 7 12 1 1 1 100 1 3 3 3 10 7 12 1 1 1 100 1 5 0 5 0 5 0 5 0 5 0 9 100 12 1 1 1 10 100 12 1 1 1 100 1 8 1 10 12 1 8 1 10 12 1 1 10 12 1 1 100 1 5 0 5 0 100 1 3 5 0 3 5 0 10 12 1 10 12 1 8 1 10 12 1 8 1 9 12 1 1 9 12 1 10 12 1 1 6 0 10 12 1 9 12 1 1 100 1 10 10 12 1 100 1 10 12 1 10 12 1 1 10 12 1 10 12 1 10 12 1 10 12 1 1 10 12 1 1 10 12 1 1 10 12 6 0 10 12 1 1 10 12 1 1 10 12 10 12 1 4 10 12 1 1 10 12 1 10 12 1 10 12 10 12 1 10 12 1 10 12 1 10 12 1 10 12 1 10 12 1 10 12 1 5 0 6 0 4 6 0 4 6 0 4 10 12 1 1 9 12 1 1 10 12 1 9 12 1 10 7 12 1 1 1 4 6 0 1 1 6 0 1 6 0 1 1 1 1 1 1 1 1 1 1 1 1 1 1 1 1 1 1 1 1 1 1 1 1 1 1 1 1 1 1 1 1 1 1 1 1 1 1 1 1 1 1 1 1 1 1 1 1 1 1 1 1 1 1 1 1 1 1 1 1 1 1 1 1 1 1 1 1 1 1 1 1 1 1 1 1 1 1 1 1 1 1 1 1 1 1 1 1 1 1 1 1 1 1
staticfield java/lang/Math negativeZeroFloatBits J -2147483648
staticfield java/lang/Math negativeZeroDoubleBits J -9223372036854775808
staticfield java/lang/Math $assertionsDisabled Z 1
instanceKlass net/bytebuddy/asm/Advice$NoExceptionHandler
instanceKlass java/lang/Exception
instanceKlass java/lang/Error
ciInstanceKlass java/lang/Throwable 1 1 393 10 7 12 1 1 1 9 7 12 1 1 1 9 12 1 1 9 12 1 9 12 1 1 9 12 1 10 12 1 1 9 12 1 1 10 12 1 1 10 12 1 100 1 7 1 10 8 1 10 12 1 1 8 1 10 7 12 1 1 10 10 12 1 100 1 8 1 10 10 12 1 1 10 7 12 1 1 10 12 1 8 1 9 100 12 1 1 1 10 12 1 1 7 1 10 12 10 12 1 7 1 10 10 7 12 1 1 1 11 7 12 1 1 1 10 7 12 1 1 1 10 12 1 1 10 12 1 1 8 1 10 12 1 10 12 1 1 8 1 8 1 10 12 1 1 10 12 1 8 1 8 1 9 12 1 1 10 100 12 1 1 100 1 10 11 12 1 8 1 8 1 10 7 12 1 1 8 1 10 12 1 8 1 100 1 10 12 1 9 12 1 1 10 12 1 10 100 12 1 9 12 1 1 10 12 1 1 100 1 8 1 10 12 1 10 100 12 1 1 10 12 1 1 7 1 10 100 12 1 1 1 10 12 1 11 7 12 1 1 1 11 100 12 1 1 1 11 12 1 8 1 10 12 1 1 8 1 10 10 9 100 12 1 1 1 8 1 10 12 1 1 10 100 1 8 1 10 11 12 1 1 8 1 9 12 1 10 100 12 1 1 11 9 12 1 1 11 12 1 1 7 10 12 1 10 12 1 1 100 1 1 1 1 5 0 1 1 1 1 1 1 1 1 1 1 1 1 1 100 1 1 1 1 1 1 1 1 1 1 1 1 1 1 1 1 1 1 1 1 1 1 1 1 1 1 1 1 1 1 1 1 1 1 1 1 1 1 1 1 1 1 100 1 100 1 1 1 1 1 1 1 1 1 1 1 1 1 1 1 1 1 1
staticfield java/lang/Throwable UNASSIGNED_STACK [Ljava/lang/StackTraceElement; 0 [Ljava/lang/StackTraceElement;
staticfield java/lang/Throwable SUPPRESSED_SENTINEL Ljava/util/List; java/util/Collections$EmptyList
staticfield java/lang/Throwable EMPTY_THROWABLE_ARRAY [Ljava/lang/Throwable; 0 [Ljava/lang/Throwable;
staticfield java/lang/Throwable $assertionsDisabled Z 1
instanceKlass javafx/scene/transform/NonInvertibleTransformException
instanceKlass javafx/css/CssParser$ParseException
instanceKlass java/security/PrivilegedActionException
instanceKlass javax/security/auth/callback/UnsupportedCallbackException
instanceKlass com/zaxxer/hikari/pool/PoolBase$ConnectionSetupException
instanceKlass jakarta/persistence/spi/TransformerException
instanceKlass jakarta/xml/bind/JAXBException
instanceKlass javax/xml/stream/XMLStreamException
instanceKlass jakarta/transaction/SystemException
instanceKlass java/beans/PropertyVetoException
instanceKlass java/sql/SQLException
instanceKlass javax/naming/NamingException
instanceKlass sun/nio/fs/WindowsException
instanceKlass java/beans/IntrospectionException
instanceKlass org/springframework/expression/AccessException
instanceKlass javax/xml/parsers/ParserConfigurationException
instanceKlass org/xml/sax/SAXException
instanceKlass java/lang/CloneNotSupportedException
instanceKlass ch/qos/logback/core/spi/ScanException
instanceKlass java/text/ParseException
instanceKlass java/net/URISyntaxException
instanceKlass java/util/concurrent/TimeoutException
instanceKlass ch/qos/logback/core/boolex/EvaluationException
instanceKlass ch/qos/logback/core/util/DynamicClassLoadingException
instanceKlass ch/qos/logback/core/util/IncompatibleClassException
instanceKlass ch/qos/logback/core/joran/spi/JoranException
instanceKlass com/sun/javafx/geom/transform/NoninvertibleTransformException
instanceKlass java/util/concurrent/ExecutionException
instanceKlass java/security/GeneralSecurityException
instanceKlass java/io/IOException
instanceKlass java/lang/InterruptedException
instanceKlass java/lang/ReflectiveOperationException
instanceKlass java/lang/RuntimeException
ciInstanceKlass java/lang/Exception 1 1 40 10 7 12 1 1 1 10 12 1 10 12 1 10 12 1 10 12 1 100 1 1 1 1 5 0 1 1 1 1 1 1 1 1 1 1 1 1 1 1
instanceKlass java/lang/InstantiationException
instanceKlass java/lang/IllegalAccessException
instanceKlass java/lang/reflect/InvocationTargetException
instanceKlass java/lang/NoSuchFieldException
instanceKlass java/lang/NoSuchMethodException
instanceKlass java/lang/ClassNotFoundException
ciInstanceKlass java/lang/ReflectiveOperationException 1 1 34 10 7 12 1 1 1 10 12 1 10 12 1 10 12 1 100 1 1 1 1 5 0 1 1 1 1 1 1 1 1 1 1 1
ciMethod java/lang/Throwable printStackTrace ()V 0 0 1 0 -1
instanceKlass com/sun/javafx/geom/IllegalPathStateException
instanceKlass com/sun/javafx/fxml/PropertyNotFoundException
instanceKlass org/springframework/boot/ssl/NoSuchSslBundleException
instanceKlass org/springframework/boot/autoconfigure/ssl/BundleContentNotWatchableException
instanceKlass com/itextpdf/commons/exceptions/ITextException
instanceKlass java/util/EmptyStackException
instanceKlass org/antlr/v4/runtime/RecognitionException
instanceKlass org/springframework/data/mapping/PropertyReferenceException
instanceKlass org/springframework/data/repository/query/ParameterOutOfBoundsException
instanceKlass org/springframework/data/mapping/MappingException
instanceKlass org/hibernate/boot/jaxb/internal/stax/JpaOrmXmlEventReader$BadVersionException
instanceKlass org/hibernate/AssertionFailure
instanceKlass jakarta/persistence/PersistenceException
instanceKlass com/mysql/cj/exceptions/CJException
instanceKlass org/springframework/boot/jdbc/UnsupportedDataSourcePropertyException
instanceKlass com/zaxxer/hikari/pool/HikariPool$PoolInitializationException
instanceKlass org/springframework/transaction/interceptor/TransactionAspectSupport$ThrowableHolderException
instanceKlass org/springframework/context/NoSuchMessageException
instanceKlass org/springframework/cglib/core/ClassNameReader$EarlyExitException
instanceKlass java/lang/reflect/InaccessibleObjectException
instanceKlass org/springframework/objenesis/ObjenesisException
instanceKlass org/springframework/cglib/core/CodeGenerationException
instanceKlass org/springframework/boot/autoconfigure/condition/OnBeanCondition$BeanTypeDeductionException
instanceKlass org/springframework/expression/ExpressionException
instanceKlass java/nio/file/FileSystemNotFoundException
instanceKlass org/springframework/boot/context/properties/bind/UnboundConfigurationPropertiesException
instanceKlass org/springframework/boot/context/properties/bind/BindException
instanceKlass org/springframework/boot/context/config/ConfigDataException
instanceKlass java/util/ConcurrentModificationException
instanceKlass java/time/DateTimeException
instanceKlass java/util/MissingResourceException
instanceKlass java/util/concurrent/RejectedExecutionException
instanceKlass java/lang/TypeNotPresentException
instanceKlass org/springframework/boot/context/properties/source/InvalidConfigurationPropertyNameException
instanceKlass org/springframework/core/NestedRuntimeException
instanceKlass java/lang/reflect/UndeclaredThrowableException
instanceKlass java/io/UncheckedIOException
instanceKlass ch/qos/logback/core/LogbackException
instanceKlass org/springframework/boot/SpringApplication$AbandonedRunException
instanceKlass org/springframework/boot/AotInitializerNotFoundException
instanceKlass java/util/NoSuchElementException
instanceKlass com/sun/javafx/geom/transform/SingularMatrixException
instanceKlass java/lang/IndexOutOfBoundsException
instanceKlass java/lang/UnsupportedOperationException
instanceKlass java/lang/SecurityException
instanceKlass java/lang/IllegalStateException
instanceKlass java/lang/IllegalArgumentException
instanceKlass java/lang/ArithmeticException
instanceKlass java/lang/NullPointerException
instanceKlass java/lang/IllegalMonitorStateException
instanceKlass java/lang/ArrayStoreException
instanceKlass java/lang/ClassCastException
ciInstanceKlass java/lang/RuntimeException 1 1 40 10 7 12 1 1 1 10 12 1 10 12 1 10 12 1 10 12 1 100 1 1 1 1 5 0 1 1 1 1 1 1 1 1 1 1 1 1 1 1
instanceKlass org/hibernate/query/QueryArgumentException
instanceKlass java/nio/charset/IllegalCharsetNameException
instanceKlass org/hibernate/query/sqm/EntityTypeException
instanceKlass org/hibernate/query/sqm/PathElementException
instanceKlass java/nio/file/InvalidPathException
instanceKlass java/nio/charset/UnsupportedCharsetException
instanceKlass org/springframework/aop/framework/adapter/UnknownAdviceTypeException
instanceKlass java/lang/NumberFormatException
ciInstanceKlass java/lang/IllegalArgumentException 1 1 35 10 7 12 1 1 1 10 12 1 10 12 1 10 12 1 100 1 1 1 1 5 0 1 1 1 1 1 1 1 1 1 1 1 1
instanceKlass java/util/ServiceConfigurationError
instanceKlass java/lang/AssertionError
instanceKlass java/lang/VirtualMachineError
instanceKlass java/lang/LinkageError
instanceKlass java/lang/ThreadDeath
ciInstanceKlass java/lang/Error 1 1 40 10 7 12 1 1 1 10 12 1 10 12 1 10 12 1 10 12 1 100 1 1 1 1 5 0 1 1 1 1 1 1 1 1 1 1 1 1 1 1
instanceKlass java/lang/StackOverflowError
instanceKlass java/lang/OutOfMemoryError
instanceKlass java/lang/InternalError
ciInstanceKlass java/lang/VirtualMachineError 1 1 34 10 7 12 1 1 1 10 12 1 10 12 1 10 12 1 100 1 1 1 1 5 0 1 1 1 1 1 1 1 1 1 1 1
ciInstanceKlass java/lang/StackOverflowError 1 1 26 10 100 12 1 1 1 10 12 1 100 1 1 1 1 5 0 1 1 1 1 1 1 1 1 1
instanceKlass java/lang/ClassFormatError
instanceKlass java/lang/UnsatisfiedLinkError
instanceKlass java/lang/IncompatibleClassChangeError
instanceKlass java/lang/BootstrapMethodError
instanceKlass java/lang/NoClassDefFoundError
ciInstanceKlass java/lang/LinkageError 1 1 31 10 7 12 1 1 1 10 12 1 10 12 1 100 1 1 1 1 5 0 1 1 1 1 1 1 1 1 1 1 1
ciInstanceKlass java/lang/ArrayStoreException 1 1 26 10 100 12 1 1 1 10 12 1 100 1 1 1 1 5 0 1 1 1 1 1 1 1 1 1
ciInstanceKlass java/lang/ThreadDeath 0 0 21 10 100 12 1 1 1 100 1 1 1 1 5 0 1 1 1 1 1 1 1
ciInstanceKlass java/util/Collections 1 1 851 10 7 12 1 1 1 11 7 12 1 1 1 7 1 11 12 1 1 7 1 10 12 1 1 10 12 1 11 12 1 1 100 1 11 12 1 1 11 12 1 1 10 12 1 11 100 12 1 1 11 12 1 1 11 12 1 10 12 1 10 12 1 10 12 11 100 12 1 1 1 10 12 1 1 11 12 1 11 12 1 1 9 12 1 1 100 1 10 10 12 1 1 10 12 1 1 11 12 1 1 10 12 1 11 12 1 100 1 8 1 10 12 1 11 7 12 1 1 1 11 7 1 11 12 1 1 10 12 1 1 10 12 1 10 12 1 1 10 12 1 11 12 1 1 10 12 1 1 10 12 1 1 10 12 1 1 10 12 1 1 7 1 10 12 1 7 1 10 12 1 100 1 10 12 1 100 1 10 12 1 7 1 7 1 10 12 10 7 1 10 12 1 100 1 10 12 1 100 1 10 12 1 100 1 10 10 12 1 7 1 10 10 12 1 100 1 10 100 1 10 100 1 10 100 1 10 10 12 1 10 7 1 10 100 1 10 100 1 10 100 1 10 12 1 10 100 12 1 1 1 100 1 100 1 10 12 1 100 1 10 12 1 100 1 10 12 1 100 1 10 12 1 100 1 10 12 1 100 1 10 100 1 10 12 1 100 1 10 12 1 100 1 10 12 1 9 7 12 1 1 1 9 100 12 1 1 9 7 12 1 1 1 9 12 1 1 9 12 1 1 9 12 1 1 9 12 1 1 9 12 1 1 7 1 10 12 7 1 10 7 1 10 7 1 10 7 1 10 12 1 100 1 100 1 10 8 1 10 12 1 1 10 12 1 10 12 1 1 10 7 1 10 12 1 9 7 12 1 1 1 9 7 12 1 1 1 7 1 9 12 1 1 10 12 7 1 10 100 1 10 11 100 12 1 1 11 12 1 10 12 1 7 1 11 11 12 1 11 7 1 10 100 1 10 100 12 1 1 1 100 1 10 12 1 7 1 10 7 1 10 7 1 10 1 1 1 3 1 3 1 3 1 3 1 3 1 3 1 3 1 3 1 1 1 1 1 1 1 1 1 1 1 1 1 1 1 1 1 1 1 1 1 1 1 1 1 1 1 1 1 1 1 1 1 1 1 1 1 1 1 1 1 1 1 1 1 1 1 1 1 1 1 1 1 1 1 1 1 1 1 1 1 1 1 1 1 1 1 1 1 1 1 1 1 1 1 1 1 1 1 1 1 1 1 1 1 1 1 1 1 1 1 1 1 1 1 1 1 1 1 1 1 1 1 1 1 1 1 1 1 1 1 1 1 1 1 1 1 1 1 1 1 1 1 1 1 1 1 1 1 1 1 1 1 1 1 1 1 1 1 1 1 1 1 1 1 1 1 1 1 1 1 1 1 1 1 1 1 1 1 1 1 1 1 1 1 1 1 1 1 1 1 1 1 1 1 1 1 1 1 1 1 1 1 1 1 1 1 1 1 1 1 1 1 1 1 1 1 1 1 1 1 1 1 1 1 1 1 1 1 1 1 1 1 1 1 1 1 1 1 1 1 1 1 1 1 1 1 1 1 1 1 1 1 1 1 1 1 1 1 1 1 1 1 1 1 1 1 1 1 1 1 1 1 1 1 1 1 1 1 1 1 1 1 1 1 1 1 1 1 1 1 1 1 1 1 1 1 1 1 1 1 1 1 1 1 1 1 1 1 1 1 1 1 1 1 1 1 1 1 1 1 1 1 1 1 1 1 1 1 1 100 1 100 1 100 1 100 1 100 1 100 1 100 1 100 1 100 1 100 1 100 1 100 1 100 1 1 1 1 1 1 1 1 1 1 1 1 1 1 1 1 1 1 1 1 1 1 1 1 1 1 1 1 1 1 1 1 1 1 1 1 1 1 1 100 1 1 1 1 1 1 1 1 1 1 1 1 1 1
staticfield java/util/Collections EMPTY_SET Ljava/util/Set; java/util/Collections$EmptySet
staticfield java/util/Collections EMPTY_LIST Ljava/util/List; java/util/Collections$EmptyList
staticfield java/util/Collections EMPTY_MAP Ljava/util/Map; java/util/Collections$EmptyMap
ciInstanceKlass java/lang/StackTraceElement 1 1 224 10 7 12 1 1 1 10 7 12 1 1 9 12 1 1 9 12 1 1 9 12 1 9 12 1 8 1 10 100 12 1 1 1 7 1 9 12 1 8 1 9 12 1 9 12 1 9 12 1 1 8 1 10 12 1 1 10 12 1 7 1 10 10 12 1 1 8 1 10 12 1 1 10 12 1 8 1 8 1 8 1 10 12 1 8 1 8 1 10 12 1 8 1 8 1 10 12 1 1 10 12 1 10 12 1 1 10 12 1 9 12 1 1 10 7 12 1 1 1 10 12 1 1 7 1 10 12 1 1 10 7 12 1 1 10 7 12 1 1 1 10 7 12 1 1 10 7 12 1 1 10 10 12 1 1 10 12 1 10 12 1 1 100 1 1 1 1 1 3 1 3 1 1 5 0 1 1 1 1 1 1 1 1 1 1 1 1 1 1 1 1 1 1 1 1 1 1 1 1 1 1 100 1 100 1 1 1 1 1 1 1 1 1 1 100 1 1 1 1 1 1 1 1
instanceKlass java/util/EnumMap$Values
instanceKlass java/util/WeakHashMap$Values
instanceKlass java/util/TreeMap$Values
instanceKlass java/util/concurrent/ConcurrentLinkedDeque
instanceKlass java/util/LinkedHashMap$LinkedValues
instanceKlass java/util/AbstractQueue
instanceKlass java/util/IdentityHashMap$Values
instanceKlass java/util/HashMap$Values
instanceKlass java/util/ArrayDeque
instanceKlass java/util/AbstractSet
instanceKlass java/util/ImmutableCollections$AbstractImmutableCollection
instanceKlass java/util/AbstractList
ciInstanceKlass java/util/AbstractCollection 1 1 160 10 7 12 1 1 1 10 7 12 1 1 1 10 12 1 1 11 7 12 1 1 1 11 12 1 1 10 12 1 1 10 100 12 1 1 1 10 12 1 1 10 12 1 1 10 7 12 1 1 10 7 12 1 1 1 7 1 10 100 12 1 1 1 10 100 12 1 1 1 100 1 10 11 12 1 11 7 1 10 12 1 10 12 1 10 7 12 1 1 1 11 8 1 100 1 10 10 12 1 1 8 1 10 12 1 10 12 1 1 1 1 1 1 1 1 1 1 1 1 1 1 1 1 1 1 1 1 1 1 1 1 1 1 1 1 1 1 1 1 1 1 1 1 1 1 1 1 1 1 1 1 1 1 1 1 1 1 1 1
ciInstanceKlass java/lang/Boolean 1 1 151 10 7 12 1 1 1 9 7 12 1 1 1 10 12 1 1 10 12 1 8 1 10 7 12 1 1 9 12 1 1 9 12 1 8 1 10 12 1 1 10 12 1 1 10 7 12 1 1 1 100 1 100 1 10 12 1 1 9 100 12 1 1 9 12 10 100 12 1 1 1 10 12 1 1 8 1 10 7 12 1 1 1 9 12 1 1 100 1 100 1 100 1 1 1 1 1 1 5 0 1 1 1 1 1 1 1 1 1 1 3 1 1 1 1 1 1 1 1 1 1 1 1 1 1 1 1 1 1 1 1 100 1 1 1 1 1 1 1 1 1 1 100 1 1 1 1 1 1 1 1
staticfield java/lang/Boolean TRUE Ljava/lang/Boolean; java/lang/Boolean
staticfield java/lang/Boolean FALSE Ljava/lang/Boolean; java/lang/Boolean
staticfield java/lang/Boolean TYPE Ljava/lang/Class; java/lang/Class
instanceKlass java/util/concurrent/locks/AbstractQueuedSynchronizer
ciInstanceKlass java/util/concurrent/locks/AbstractOwnableSynchronizer 1 1 32 10 7 12 1 1 1 9 7 12 1 1 1 100 1 1 1 1 5 0 1 1 1 1 1 1 1 1 1 1 1 1
instanceKlass java/lang/LiveStackFrameInfo
ciInstanceKlass java/lang/StackFrameInfo 1 1 132 10 7 12 1 1 1 9 7 12 1 1 1 9 7 1 9 12 1 1 11 7 12 1 1 1 9 12 1 1 11 12 1 1 10 12 1 1 10 7 12 1 1 1 10 12 1 11 12 1 11 12 1 1 11 12 1 10 12 1 1 9 12 1 1 10 12 1 1 10 100 12 1 1 10 12 1 1 11 12 1 1 10 12 1 9 12 1 1 10 12 1 1 100 1 8 1 10 12 1 10 7 12 1 1 1 100 1 1 1 1 1 1 1 1 1 1 1 1 1 1 1 1 1 1 100 1 1 1 1 1 1
staticfield java/lang/StackFrameInfo JLIA Ljdk/internal/access/JavaLangInvokeAccess; java/lang/invoke/MethodHandleImpl$1
ciInstanceKlass java/lang/LiveStackFrameInfo 0 0 97 10 100 12 1 1 1 9 100 12 1 1 1 9 12 1 9 12 1 9 12 1 9 12 1 1 100 1 10 12 1 1 10 12 1 8 1 10 12 1 1 8 1 8 1 8 1 10 100 1 10 12 1 100 1 10 12 1 100 1 100 1 1 1 3 1 3 1 1 1 1 1 1 1 1 1 1 1 1 1 1 1 1 1 1 1 1 1 1 1 1 1 1 1 100 1 1
ciInstanceKlass java/lang/Character 1 1 576 7 1 100 1 100 1 9 12 1 1 8 1 9 12 1 1 100 1 9 12 1 1 10 100 12 1 1 1 10 100 12 1 1 1 10 100 12 1 1 1 10 7 12 1 1 1 9 7 12 1 1 1 10 12 1 10 12 1 1 10 12 1 1 10 7 12 1 1 10 12 1 1 3 3 3 3 3 10 12 1 1 10 12 1 3 11 7 12 1 1 1 11 12 1 1 10 12 1 1 10 12 1 1 100 1 10 10 12 1 3 10 12 1 1 10 12 1 10 12 1 1 100 1 8 1 10 12 1 1 10 12 1 10 12 1 10 12 1 10 12 1 10 12 1 1 10 12 1 10 7 12 1 1 10 10 12 1 10 10 12 1 10 12 1 1 10 12 1 10 10 12 1 10 12 1 10 12 1 10 12 1 10 12 1 10 12 1 10 12 1 10 12 10 10 12 10 10 12 1 10 10 12 1 10 10 12 1 10 10 12 1 10 10 12 1 10 10 12 1 10 10 12 1 1 10 10 12 1 10 5 0 10 12 1 10 12 1 10 10 12 1 10 10 12 1 1 10 10 12 1 10 10 12 1 9 12 1 1 100 1 10 10 12 1 10 12 1 1 3 10 100 12 1 1 1 10 12 1 10 100 12 1 1 100 1 10 10 12 1 1 10 12 1 1 10 12 1 1 8 1 10 12 1 9 100 12 1 1 1 10 12 1 10 10 12 1 10 12 1 1 10 12 1 10 10 12 1 1 10 10 12 1 1 100 1 8 1 10 12 1 1 10 7 12 1 1 1 8 1 10 12 1 1 9 12 1 1 100 1 100 1 100 1 1 1 1 3 1 3 1 3 1 3 1 1 1 1 1 3 1 1 3 1 3 1 3 1 3 1 3 1 3 1 3 1 3 1 3 1 3 1 3 1 3 1 3 1 3 1 3 1 3 1 3 1 3 1 3 1 3 1 3 1 3 1 3 1 3 1 3 1 3 1 3 1 3 1 1 1 1 1 1 1 1 1 1 1 1 1 1 1 1 1 1 1 3 1 1 1 1 1 1 1 3 1 1 3 1 1 1 1 1 3 1 1 5 0 1 1 1 1 1 1 1 1 1 1 1 1 1 1 1 1 1 1 1 1 1 1 1 1 1 1 1 1 1 1 1 1 1 1 1 1 1 1 1 1 1 1 1 1 1 1 1 1 1 1 1 1 1 1 1 1 1 1 1 1 1 1 1 1 1 1 1 1 1 1 1 1 1 1 1 1 1 1 1 1 1 1 1 1 1 1 1 1 1 100 1 100 1 1 1 1 1 1
staticfield java/lang/Character TYPE Ljava/lang/Class; java/lang/Class
staticfield java/lang/Character $assertionsDisabled Z 1
ciInstanceKlass java/lang/Float 1 1 223 7 1 100 1 10 7 12 1 1 1 10 100 12 1 1 1 4 100 1 10 12 1 1 10 12 1 1 8 1 8 1 10 100 12 1 1 1 10 12 1 1 10 12 1 1 10 4 4 4 10 7 12 1 1 9 12 1 1 10 12 1 1 10 12 1 10 12 1 10 12 1 1 10 12 1 10 12 1 3 10 12 1 1 10 12 1 1 10 12 1 10 100 12 1 1 1 10 12 1 1 10 12 1 1 8 1 10 7 12 1 1 1 9 12 1 1 100 1 100 1 100 1 1 1 1 1 4 1 1 1 4 1 1 3 1 3 1 3 1 3 1 1 1 1 5 0 1 1 1 1 1 1 1 1 1 1 100 1 1 1 1 1 1 1 1 1 1 1 1 1 3 1 1 1 1 1 1 1 1 1 1 1 1 1 1 1 1 1 1 1 1 1 1 1 1 1 1 1 1 1 1 1 1 1 1 1 1 1 1 100 1 1 1 1 1 1 1 100 1 100 1 1
staticfield java/lang/Float TYPE Ljava/lang/Class; java/lang/Class
instanceKlass java/math/BigDecimal
instanceKlass java/math/BigInteger
instanceKlass java/util/concurrent/atomic/Striped64
instanceKlass java/util/concurrent/atomic/AtomicLong
instanceKlass java/util/concurrent/atomic/AtomicInteger
instanceKlass java/lang/Long
instanceKlass java/lang/Integer
instanceKlass java/lang/Short
instanceKlass java/lang/Byte
instanceKlass java/lang/Double
instanceKlass java/lang/Float
ciInstanceKlass java/lang/Number 1 1 37 10 7 12 1 1 1 10 100 12 1 1 1 100 1 1 1 1 5 0 1 1 1 1 1 1 1 1 1 1 1 1 1 1 1 1 1
ciInstanceKlass java/lang/Double 1 1 285 7 1 100 1 10 7 12 1 1 1 10 12 1 1 10 12 1 100 1 10 12 1 1 10 7 12 1 1 1 6 0 8 1 10 12 1 1 8 1 10 12 1 1 8 1 6 0 10 12 1 1 100 1 5 0 5 0 8 1 8 1 10 100 12 1 1 1 10 100 12 1 1 1 8 1 10 12 1 1 8 1 8 1 8 1 10 12 1 1 10 12 1 10 12 1 1 10 12 1 10 12 1 10 12 1 1 10 12 1 10 6 0 6 0 6 0 10 7 12 1 1 9 12 1 1 10 12 1 10 12 1 10 12 1 10 12 1 5 0 10 12 1 1 10 12 1 10 12 1 10 100 12 1 1 1 10 12 1 1 10 12 1 1 8 1 10 7 12 1 1 1 9 12 1 1 100 1 100 1 100 1 1 1 1 1 6 0 1 1 1 6 0 1 1 3 1 3 1 3 1 3 1 1 1 1 5 0 1 1 1 1 1 1 1 1 1 1 1 1 1 1 1 1 100 1 1 1 1 1 1 1 1 1 1 1 1 3 1 1 1 1 1 1 1 1 1 1 1 1 1 1 1 1 1 1 1 1 1 1 1 1 1 1 1 1 1 1 1 1 1 1 100 1 1 1 1 1 1 1 100 1 100 1 1
staticfield java/lang/Double TYPE Ljava/lang/Class; java/lang/Class
ciMethod java/lang/Double doubleValue ()D 260 0 130 0 -1
ciInstanceKlass java/lang/Byte 1 1 215 7 1 100 1 10 100 12 1 1 1 9 12 1 1 8 1 9 12 1 1 100 1 10 12 1 1 10 12 1 1 10 100 12 1 1 1 10 100 12 1 1 1 9 7 12 1 1 1 10 12 1 1 100 1 100 1 10 12 1 1 8 1 10 12 1 1 8 1 10 12 1 10 12 1 10 12 1 10 12 1 1 10 12 1 10 12 1 10 12 1 1 10 8 1 8 1 10 7 1 9 12 1 1 10 12 1 10 12 1 1 10 12 1 1 10 12 1 1 10 12 1 5 0 10 12 1 1 8 1 10 7 12 1 1 1 9 12 1 1 100 1 100 1 1 1 3 1 3 1 1 1 1 3 1 3 1 1 5 0 1 1 1 1 1 1 1 1 1 1 1 1 1 1 1 1 1 1 1 1 1 1 1 1 1 1 1 1 1 1 1 1 1 1 1 1 1 1 1 1 1 1 1 1 1 1 1 1 1 1 1 1 1 1 1
staticfield java/lang/Byte TYPE Ljava/lang/Class; java/lang/Class
ciInstanceKlass java/lang/Short 1 1 224 7 1 100 1 100 1 10 100 12 1 1 1 10 12 1 1 100 1 100 1 10 12 1 1 8 1 10 12 1 1 8 1 10 12 1 10 12 1 10 12 1 10 12 1 1 10 12 1 1 10 12 1 9 12 1 1 8 1 9 12 1 1 100 1 10 12 1 1 10 12 1 10 100 12 1 1 1 10 100 12 1 1 1 9 7 12 1 1 1 10 12 1 10 12 1 1 10 8 1 8 1 10 7 1 9 12 1 1 10 12 1 10 12 1 1 10 12 1 1 10 12 1 1 10 12 1 3 3 5 0 10 12 1 1 8 1 10 7 12 1 1 1 9 12 1 1 100 1 100 1 1 1 3 1 3 1 1 1 1 3 1 3 1 1 5 0 1 1 1 1 1 1 1 1 1 1 1 1 1 1 1 1 1 1 1 1 1 1 1 1 1 1 1 3 1 1 1 1 1 1 1 1 1 1 1 1 1 1 1 1 1 1 1 1 1 1 1 1 1 1 1 1 1
staticfield java/lang/Short TYPE Ljava/lang/Class; java/lang/Class
ciInstanceKlass java/lang/Integer 1 1 445 7 1 100 1 7 1 7 1 10 12 1 1 9 12 1 1 9 12 1 1 10 100 12 1 1 1 10 12 1 1 10 100 12 1 1 1 10 10 12 1 1 10 100 12 1 1 1 10 12 1 10 12 1 1 10 7 12 1 1 1 10 12 1 1 10 12 1 1 10 12 1 10 12 1 10 12 1 1 10 10 12 1 9 12 1 1 9 12 1 7 1 8 1 10 12 1 100 1 10 12 1 8 1 10 12 1 1 10 12 1 8 1 10 12 1 8 1 10 12 1 1 3 10 12 1 1 3 10 12 1 1 10 12 1 1 10 7 12 1 1 1 11 7 1 100 1 10 11 10 12 1 1 8 1 10 12 1 1 8 1 100 1 10 12 1 1 10 12 1 1 5 0 8 1 10 12 1 10 12 1 10 12 1 10 12 1 1 7 1 9 12 1 1 9 12 1 1 10 12 1 10 7 1 9 12 1 10 12 1 10 12 1 10 12 1 1 10 7 12 1 1 1 100 1 100 1 10 12 1 1 10 12 1 1 8 1 8 1 10 12 1 1 8 1 8 1 8 1 8 1 8 1 8 1 10 12 1 10 12 1 10 12 1 5 0 3 3 3 3 10 12 1 3 10 12 1 10 100 12 1 1 1 10 12 1 1 10 12 1 1 8 1 10 7 12 1 1 1 9 12 1 1 3 3 3 3 3 3 9 12 1 1 100 1 100 1 100 1 1 1 1 1 1 1 3 1 3 1 1 5 0 1 1 1 1 1 1 1 1 1 100 1 1 1 1 1 1 1 1 1 1 1 1 1 1 1 1 1 1 1 1 1 1 1 1 1 1 1 1 1 1 1 1 1 1 1 1 1 1 1 3 1 1 1 1 1 1 1 1 1 1 1 1 1 1 1 1 100 1 1 1 1 1 1 1 1 1 1 1 1 1 1 1 1 1 1 1 1 1 1 1 1 1 1 1 1 1 1 1 100 1 1 1 1 1 1 1 1 1 100 1 100 1 1
staticfield java/lang/Integer TYPE Ljava/lang/Class; java/lang/Class
staticfield java/lang/Integer digits [C 36
staticfield java/lang/Integer DigitTens [B 100
staticfield java/lang/Integer DigitOnes [B 100
staticfield java/lang/Integer sizeTable [I 10
ciInstanceKlass java/lang/Long 1 1 506 7 1 100 1 7 1 100 1 10 12 1 1 9 12 1 1 9 7 12 1 1 1 10 7 12 1 1 1 10 12 1 1 10 100 12 1 1 1 10 10 12 10 12 1 10 12 1 10 12 1 5 0 5 0 100 1 10 12 1 1 10 12 1 1 10 12 1 10 12 1 10 12 1 10 12 1 1 10 100 12 1 1 10 12 1 10 12 1 1 10 12 1 1 10 12 1 1 10 12 1 1 10 100 12 1 1 1 10 12 1 1 10 12 1 10 12 1 10 12 1 10 12 1 1 10 10 12 1 5 0 5 0 9 12 1 1 9 12 1 5 0 100 1 8 1 10 12 1 8 1 10 12 1 8 1 8 1 10 12 1 1 5 0 10 12 1 1 5 0 10 12 1 1 10 12 1 1 10 100 12 1 1 1 11 100 1 100 1 10 11 10 12 1 1 8 1 10 12 1 1 8 1 100 1 10 12 1 1 10 12 1 8 1 8 1 11 12 1 1 10 12 1 10 12 1 10 12 1 5 0 5 0 9 7 12 1 1 1 10 12 1 10 12 1 1 8 1 8 1 10 12 1 1 8 1 8 1 8 1 8 1 8 1 8 1 10 12 1 10 12 1 10 12 1 1 10 7 1 9 12 1 1 10 12 1 10 12 1 1 10 7 12 1 1 1 100 1 100 1 10 12 1 1 10 12 1 1 5 0 10 12 1 10 12 1 5 0 5 0 5 0 10 12 1 1 5 0 5 0 10 12 1 10 12 1 10 100 12 1 1 1 10 12 1 1 10 12 1 1 8 1 10 7 12 1 1 1 9 12 1 1 100 1 100 1 100 1 1 1 1 5 0 1 1 1 1 3 1 3 1 5 0 1 1 1 1 1 1 1 1 1 100 1 1 1 1 1 1 1 1 1 1 1 1 1 1 1 1 1 1 1 1 1 1 1 1 1 1 1 1 1 1 1 1 1 1 1 1 1 1 1 1 1 1 1 1 1 1 1 1 1 1 1 1 1 1 3 1 1 1 1 1 1 1 1 1 1 1 1 1 1 1 100 1 1 1 1 1 1 1 1 1 1 1 1 1 1 1 1 1 1 1 1 1 1 1 1 1 1 1 100 1 1 1 1 1 1 1 1 1 100 1 100 1 1
staticfield java/lang/Long TYPE Ljava/lang/Class; java/lang/Class
instanceKlass java/lang/ref/PhantomReference
instanceKlass java/lang/ref/FinalReference
instanceKlass java/lang/ref/WeakReference
instanceKlass java/lang/ref/SoftReference
ciInstanceKlass java/lang/ref/Reference 1 1 195 9 7 12 1 1 1 9 7 12 1 1 10 12 1 1 10 12 1 1 9 12 1 1 10 12 1 1 9 12 1 1 9 12 1 1 7 1 10 12 1 10 7 12 1 1 10 12 1 10 12 1 1 10 12 1 9 12 1 10 12 1 1 10 12 1 10 12 1 9 12 1 100 1 100 1 10 12 1 9 12 1 9 12 1 100 1 10 10 12 1 10 10 7 12 1 1 10 7 12 1 1 1 10 12 1 1 10 7 12 1 1 7 1 8 1 10 12 1 10 12 1 1 10 12 1 1 10 12 1 7 1 10 10 7 12 1 1 1 1 1 1 1 1 1 1 1 1 1 1 1 1 1 1 1 100 1 1 1 100 1 1 1 1 1 1 1 1 1 1 1 1 1 1 1 1 1 1 1 1 1 1 1 1 1 1 1 1 1 1 1 1 1 1 1
staticfield java/lang/ref/Reference processPendingLock Ljava/lang/Object; java/lang/Object
staticfield java/lang/ref/Reference $assertionsDisabled Z 1
instanceKlass sun/security/util/MemoryCache$SoftCacheEntry
instanceKlass org/springframework/util/ConcurrentReferenceHashMap$SoftEntryReference
instanceKlass sun/util/locale/provider/LocaleResources$ResourceReference
instanceKlass sun/util/resources/Bundles$BundleReference
instanceKlass java/util/ResourceBundle$BundleReference
instanceKlass sun/util/locale/LocaleObjectCache$CacheEntry
instanceKlass java/lang/invoke/LambdaFormEditor$Transform
ciInstanceKlass java/lang/ref/SoftReference 1 1 47 10 7 12 1 1 1 9 7 12 1 1 1 9 12 1 10 12 1 10 12 1 1 1 1 1 1 1 1 1 1 1 1 1 1 1 1 1 1 1 1 100 1 1 1 1 1
ciInstanceKlass java/security/PrivilegedAction 1 0 14 100 1 100 1 1 1 1 1 1 1 1 1 1
instanceKlass com/sun/util/reentrant/ReentrantContextProvider$HardReference
instanceKlass com/sun/javafx/util/WeakReferenceQueue$ListEntry
instanceKlass org/springframework/util/ConcurrentReferenceHashMap$WeakEntryReference
instanceKlass net/bytebuddy/TypeCache$StorageKey
instanceKlass org/springframework/cglib/core/WeakCacheKey
instanceKlass java/lang/WeakPairMap$WeakRefPeer
instanceKlass java/util/ResourceBundle$KeyElementReference
instanceKlass java/util/logging/LogManager$LoggerWeakRef
instanceKlass java/util/logging/Level$KnownLevel
instanceKlass java/lang/ClassValue$Entry
instanceKlass java/lang/ThreadLocal$ThreadLocalMap$Entry
instanceKlass java/lang/invoke/MethodType$ConcurrentWeakInternSet$WeakEntry
instanceKlass java/util/WeakHashMap$Entry
ciInstanceKlass java/lang/ref/WeakReference 1 1 31 10 7 12 1 1 1 10 12 1 100 1 1 1 1 1 1 1 1 1 1 1 1 1 1 1 1 1 1 1 1
instanceKlass java/lang/ref/Finalizer
ciInstanceKlass java/lang/ref/FinalReference 1 1 47 10 7 12 1 1 1 10 100 12 1 1 1 10 12 1 1 100 1 8 1 10 12 1 1 1 1 1 1 1 1 1 1 1 1 1 1 1 1 1 1 1 1 1 1 1 1
ciInstanceKlass java/lang/ref/Finalizer 1 1 152 9 7 12 1 1 1 10 7 12 1 1 1 9 12 1 1 9 12 1 1 9 12 1 9 12 1 10 12 1 10 12 1 1 9 12 1 1 100 1 10 12 1 100 1 11 100 12 1 1 100 1 10 12 1 100 1 10 12 1 10 100 12 1 1 1 10 100 12 1 1 1 100 1 10 10 12 1 10 7 12 1 1 1 7 1 10 7 1 10 10 7 12 1 1 1 10 12 1 1 10 7 12 1 1 7 1 10 12 1 10 12 1 1 10 12 1 1 10 12 1 1 1 1 1 1 1 1 1 1 1 1 1 1 1 1 1 1 1 1 1 1 1 1 1 1 1 1 1 1 1 1
staticfield java/lang/ref/Finalizer lock Ljava/lang/Object; java/lang/Object
staticfield java/lang/ref/Finalizer $assertionsDisabled Z 1
instanceKlass com/mysql/cj/jdbc/AbandonedConnectionCleanupThread$ConnectionFinalizerPhantomReference
instanceKlass jdk/internal/ref/PhantomCleanable
instanceKlass jdk/internal/ref/Cleaner
ciInstanceKlass java/lang/ref/PhantomReference 1 1 39 10 100 12 1 1 1 10 7 12 1 1 1 1 1 1 1 1 1 1 1 1 1 1 1 1 1 1 1 1 1 1 1 1 1 1 1 1 1
instanceKlass java/lang/reflect/Executable
instanceKlass java/lang/reflect/Field
ciInstanceKlass java/lang/reflect/AccessibleObject 1 1 398 10 7 12 1 1 1 9 100 12 1 1 1 10 100 12 1 1 1 10 7 12 1 1 10 7 12 1 1 1 10 7 12 1 1 1 10 12 1 1 10 12 1 1 9 12 1 1 100 1 10 7 12 1 1 1 11 12 1 100 1 10 12 1 7 1 100 1 10 12 1 10 12 1 1 7 1 10 100 12 1 1 1 10 12 1 1 7 1 10 12 1 1 100 1 10 10 10 7 12 1 1 1 10 12 1 1 10 12 1 10 12 1 10 12 1 1 10 12 1 8 1 100 1 10 10 12 1 1 8 1 10 12 1 10 12 1 8 1 8 1 8 1 8 1 8 1 8 1 100 1 10 12 1 10 12 1 9 12 1 1 10 12 1 1 10 12 1 10 11 100 1 100 1 8 1 10 10 12 1 10 12 1 1 8 1 10 12 1 8 1 10 12 1 1 10 100 1 8 1 10 11 7 12 1 1 10 12 1 1 10 12 1 1 10 12 1 1 9 12 1 1 100 1 10 12 1 7 1 10 12 1 10 12 1 1 10 100 1 10 12 1 10 12 10 12 1 10 12 1 1 10 12 1 10 12 1 1 10 12 1 9 12 1 10 100 12 1 1 8 1 10 100 12 1 1 1 8 1 10 100 12 1 1 1 9 12 1 100 1 10 7 1 10 10 7 12 1 1 1 7 1 10 10 7 12 1 1 1 7 1 9 12 1 1 1 1 1 1 1 1 1 1 1 1 1 1 1 1 1 1 1 1 1 1 1 1 1 1 1 1 1 1 1 1 1 1 1 1 1 1 1 1 1 1 1 1 1 1 1 1 1 1 1 1 1 1 1 1 1 1 1 1 1 1 1 1 1 1 1 1 1 1 1 1 1 1 1 1 1 1 1 1 1 1 1 1 1
staticfield java/lang/reflect/AccessibleObject reflectionFactory Ljdk/internal/reflect/ReflectionFactory; jdk/internal/reflect/ReflectionFactory
instanceKlass java/lang/reflect/Constructor
instanceKlass java/lang/reflect/Method
ciInstanceKlass java/lang/reflect/Executable 1 1 548 10 7 12 1 1 1 10 7 12 1 1 1 10 7 12 1 1 1 11 7 12 1 1 1 10 7 12 1 1 1 10 12 1 1 10 7 12 1 1 1 10 7 12 1 1 1 10 12 1 8 1 10 10 12 1 1 10 12 1 1 10 7 12 1 1 1 18 12 1 1 11 7 12 1 1 1 8 1 8 1 8 1 10 7 12 1 1 1 11 12 1 1 7 1 8 1 8 1 10 12 1 100 1 8 1 10 12 1 8 1 11 100 12 1 1 1 100 1 10 12 1 1 11 12 1 8 1 18 8 1 10 12 1 10 12 1 1 18 8 1 10 12 1 100 1 10 12 1 10 12 1 11 7 12 1 1 10 12 1 1 8 1 8 1 10 12 1 1 10 12 1 1 10 10 12 1 100 1 10 10 12 1 10 12 1 1 10 7 12 1 1 10 12 1 10 12 1 10 12 1 1 10 7 12 1 1 10 12 1 10 12 1 10 7 12 1 1 1 10 12 1 8 1 10 12 1 10 12 1 3 100 1 8 1 10 12 1 10 12 1 10 10 12 1 10 12 1 1 8 1 8 1 8 1 9 12 1 10 12 1 100 1 8 1 9 12 1 10 12 1 10 12 1 1 10 12 1 1 10 12 1 10 12 10 12 1 7 1 10 12 1 10 12 1 1 100 1 10 100 12 1 1 1 7 1 10 7 12 1 1 1 10 12 1 1 11 7 12 1 1 10 7 12 1 1 10 100 12 1 1 1 10 12 1 1 9 12 1 10 12 1 1 10 12 1 10 12 1 1 9 100 12 1 1 1 10 100 12 1 1 1 10 12 1 10 12 1 1 9 12 1 10 10 10 10 100 12 1 1 1 10 12 1 9 12 1 10 12 1 1 9 12 1 100 1 100 1 1 1 1 1 1 1 1 1 1 1 1 1 1 1 1 1 1 1 1 1 1 1 1 1 1 1 1 1 1 1 1 1 1 100 1 1 1 1 1 1 1 1 100 1 1 1 1 1 1 1 1 1 1 1 1 100 1 1 1 1 1 1 1 1 1 1 1 1 1 1 1 1 1 1 1 1 1 1 1 1 1 1 1 1 1 1 1 1 1 1 1 1 1 1 1 1 1 100 1 1 1 1 1 1 1 1 1 1 1 1 1 1 1 1 1 1 1 1 1 100 1 100 1 1 15 10 7 12 1 1 1 16 15 16 1 16 1 15 10 12 16 1 100 1 1 100 1 100 1 1
ciInstanceKlass java/lang/reflect/Constructor 1 1 429 10 7 12 1 1 1 10 7 12 1 1 9 7 12 1 1 1 10 12 1 1 10 12 1 1 10 7 12 1 1 9 12 1 1 10 7 12 1 1 1 9 12 1 1 9 12 1 1 9 12 1 9 12 1 1 9 12 1 9 12 1 1 9 12 1 1 9 12 1 100 1 8 1 10 12 1 10 12 1 9 12 1 1 10 7 12 1 1 10 7 12 1 1 1 10 12 1 1 10 12 1 1 10 12 1 7 1 100 1 8 1 10 10 12 1 10 12 1 10 12 1 1 10 12 1 1 7 1 10 7 12 1 1 10 12 1 1 10 12 1 10 12 1 1 10 7 12 1 1 1 10 100 12 1 1 10 12 1 1 10 12 1 10 100 12 1 1 1 8 1 10 10 12 1 100 1 8 1 10 12 1 10 12 1 1 10 12 1 1 10 12 1 10 12 1 10 12 1 1 10 12 1 1 9 12 1 1 10 12 1 1 10 12 1 1 10 12 1 8 1 10 12 1 1 11 7 12 1 1 1 10 12 1 1 10 12 1 10 12 1 9 12 1 1 10 7 12 1 1 1 10 12 1 1 10 12 1 1 10 12 1 1 10 12 1 1 10 12 1 9 100 12 1 1 10 12 1 10 12 1 10 12 1 100 1 8 1 10 10 12 1 1 10 12 1 10 10 12 1 1 10 12 1 1 10 100 12 1 1 1 11 100 12 1 1 1 10 12 1 1 9 100 12 1 1 1 10 100 12 1 1 1 10 12 1 1 1 1 1 1 1 1 1 1 1 1 1 1 1 1 1 1 1 1 1 1 1 1 1 1 1 1 1 1 1 1 1 1 1 1 1 1 1 1 1 1 1 1 1 1 1 1 1 1 1 100 1 100 1 100 1 100 1 1 1 1 1 1 1 1 1 1 1 1 1 1 1 1 1 1 1 1 1 1 1 1 1 1 1 1 1 1 1 1 1 100 1 1
ciInstanceKlass java/lang/reflect/Method 1 1 446 9 7 12 1 1 1 10 7 12 1 1 1 10 7 12 1 1 9 12 1 1 10 12 1 1 10 12 1 1 10 7 12 1 1 10 7 12 1 1 1 9 12 1 1 9 12 1 9 12 1 1 9 12 1 9 12 1 9 12 1 1 9 12 1 9 12 1 1 9 12 1 9 12 1 9 12 1 1 7 1 8 1 10 12 1 10 12 1 9 12 1 1 8 1 10 7 12 1 1 10 7 12 1 1 1 10 12 1 1 10 12 1 1 10 12 1 10 12 1 1 10 12 1 1 7 1 10 12 1 1 10 12 10 7 12 1 1 10 12 1 1 10 12 1 10 12 1 10 12 1 10 7 12 1 1 1 10 12 1 1 10 7 1 10 7 12 1 1 1 10 7 12 1 1 10 12 1 1 10 12 1 1 10 12 1 10 7 12 1 1 1 10 12 1 10 8 1 10 12 1 10 12 1 7 1 8 1 8 1 8 1 10 12 1 10 12 1 1 10 12 1 1 10 10 12 1 1 10 12 1 11 100 1 9 12 1 1 10 12 1 1 10 12 1 10 12 1 1 10 12 1 1 11 7 12 1 1 1 10 12 1 10 12 1 10 12 1 10 12 1 10 12 1 9 12 1 1 10 7 12 1 1 1 10 12 1 1 10 7 12 1 1 1 10 7 12 1 1 1 10 7 12 1 1 1 11 7 12 1 1 1 10 7 12 1 1 1 7 1 100 1 100 1 10 12 1 10 12 1 1 10 12 1 100 1 8 1 10 12 1 10 10 12 1 1 10 12 1 1 10 12 1 1 10 12 1 1 8 1 10 12 1 1 1 1 1 1 1 1 1 1 1 1 1 1 1 1 1 1 1 1 1 1 1 1 1 1 1 1 1 1 1 1 1 1 1 1 1 1 1 1 1 1 1 1 1 1 1 1 1 1 1 1 1 100 1 7 1 7 1 1 1 1 1 1 1 1 1 1 1 1 1 1 1 1 1 1 1 1 1 1 1 1 1 1
ciMethod java/lang/reflect/Constructor newInstance ([Ljava/lang/Object;)Ljava/lang/Object; 512 0 4463 0 -1
ciInstanceKlass java/lang/reflect/Field 1 1 437 9 7 12 1 1 1 10 12 1 1 10 7 12 1 1 1 10 7 12 1 1 9 12 1 1 10 12 1 1 10 12 1 1 10 7 12 1 1 10 7 12 1 1 1 9 12 1 1 9 12 1 9 12 1 9 12 1 1 9 12 1 1 9 12 1 9 12 1 1 9 12 1 1 100 1 8 1 10 12 1 10 12 1 9 12 1 1 9 12 1 10 12 1 10 7 12 1 1 10 12 1 1 10 12 1 1 10 12 1 10 12 1 1 7 1 10 12 1 1 10 12 1 1 10 12 1 1 10 12 1 10 12 1 10 7 1 10 7 12 1 1 100 1 10 8 1 10 12 1 1 10 12 1 1 8 1 10 12 10 12 1 8 1 8 1 10 11 100 1 9 12 1 10 12 1 1 10 12 1 1 11 7 12 1 1 1 11 12 1 1 11 12 1 1 11 12 1 1 11 12 1 1 11 12 1 1 11 12 1 1 11 12 1 1 11 12 1 1 11 12 1 1 11 12 1 1 11 12 1 1 11 12 1 1 11 12 1 1 11 12 1 1 11 12 1 1 11 12 1 1 11 12 1 1 10 12 1 10 7 12 1 1 10 12 1 10 12 1 1 10 12 9 12 1 1 10 7 12 1 1 1 10 12 1 1 10 7 12 1 1 10 12 1 1 11 7 1 10 12 1 100 1 10 100 12 1 1 1 10 7 12 1 1 1 9 12 1 10 7 12 1 1 1 11 7 12 1 1 1 10 12 1 1 10 12 1 1 9 100 12 1 1 1 10 100 12 1 1 1 10 12 1 1 100 1 1 1 1 1 1 1 1 1 1 1 1 1 1 1 1 1 1 1 1 1 1 1 1 1 1 1 1 1 1 1 1 1 1 1 100 1 1 1 1 1 1 1 1 1 1 1 1 1 1 1 1 1 1 1 1 1 1 1 1 1 1 1 1 1 1 1 1 1 1 100 1 1 1 1 1 1 1 1 100 1 1
ciInstanceKlass java/lang/reflect/Parameter 1 1 226 10 7 12 1 1 1 9 7 12 1 1 1 9 12 1 1 9 12 1 1 9 12 1 10 12 1 1 10 12 1 1 10 7 12 1 1 1 100 1 10 10 12 1 1 11 100 12 1 1 1 10 12 1 10 100 12 1 1 1 10 12 1 1 10 12 1 10 12 1 8 1 8 1 10 7 12 1 1 1 10 12 1 10 12 10 12 1 8 1 10 12 1 9 12 1 1 10 12 1 1 9 12 1 1 10 12 1 1 10 12 1 1 10 12 1 1 10 12 1 10 10 12 1 10 100 12 1 1 1 10 12 1 1 11 100 12 1 1 10 100 12 1 1 100 1 10 100 12 1 1 1 10 12 1 1 10 12 1 1 10 12 1 1 10 12 1 1 9 12 1 100 1 10 11 12 1 1 11 12 1 1 100 1 1 1 1 1 1 1 1 1 1 1 1 1 1 1 1 1 1 1 1 1 1 1 1 1 1 1 1 1 1 1 1 1 1 1 1 1 1 100 1 1 1 1
ciInstanceKlass java/lang/StringBuffer 1 1 470 10 7 12 1 1 1 10 12 1 10 12 1 10 12 1 1 9 7 12 1 1 1 10 12 1 1 10 12 1 10 12 1 1 9 12 1 1 10 12 1 10 12 1 1 10 12 1 1 10 12 1 10 12 1 1 10 12 1 10 12 1 1 10 12 1 1 10 100 12 1 1 1 10 12 1 1 10 12 1 10 12 1 10 12 1 10 12 1 10 12 1 10 12 1 10 12 1 10 12 1 10 12 1 10 12 1 10 12 1 10 12 1 10 12 1 10 12 1 1 10 12 1 10 12 1 1 10 12 1 1 10 10 12 1 1 10 12 1 10 12 1 10 12 1 10 12 1 10 12 1 10 12 1 10 12 10 12 1 10 12 1 10 12 1 10 12 1 1 10 12 1 10 12 1 10 10 12 1 1 10 12 1 1 9 12 1 1 10 7 12 1 1 1 10 100 1 10 10 100 12 1 1 1 10 10 12 1 10 8 10 100 12 1 1 1 8 10 12 1 8 1 10 12 1 10 12 1 10 100 12 1 1 1 10 100 12 1 1 1 7 1 10 12 100 1 8 1 10 10 12 1 1 10 12 1 1 10 12 1 1 10 12 1 10 12 1 10 12 1 10 12 1 10 12 1 10 12 1 10 12 1 10 12 1 10 12 1 10 12 1 10 12 1 10 12 1 10 12 1 10 12 1 10 12 1 10 12 1 10 12 10 12 10 12 1 10 12 1 10 12 1 10 12 10 12 1 10 12 1 10 12 1 10 12 1 10 12 1 10 12 1 10 12 1 10 12 1 10 12 1 10 12 1 10 12 1 7 1 10 12 1 9 7 12 1 1 1 9 7 1 9 12 1 1 100 1 100 1 100 1 1 1 1 5 0 1 1 1 1 1 1 1 1 1 1 1 1 1 1 1 1 1 1 1 1 1 1 1 1 1 1 1 1 1 1 1 1 1 1 1 1 1 1 1 1 1 1 1 1 1 1 1 1 1 1 1 1 1 1 1 1 1 1 1 1 100 1 1 1 1 1 100 1 1 1 1 1 1 1 1 1 1 1 1 1 1 1 1 1
staticfield java/lang/StringBuffer serialPersistentFields [Ljava/io/ObjectStreamField; 3 [Ljava/io/ObjectStreamField;
instanceKlass java/lang/StringBuilder
instanceKlass java/lang/StringBuffer
ciInstanceKlass java/lang/AbstractStringBuilder 1 1 547 7 1 7 1 10 7 12 1 1 1 9 7 12 1 1 1 9 12 1 9 12 1 1 9 12 1 1 10 7 12 1 1 1 10 12 1 1 3 3 10 12 1 10 12 1 1 11 7 1 100 1 100 1 10 8 1 10 12 1 10 12 1 10 12 1 1 10 12 1 10 12 1 10 12 1 9 12 1 1 10 12 1 1 10 7 12 1 1 1 10 10 12 1 10 12 1 10 12 1 1 10 12 1 1 10 7 12 1 1 1 10 7 12 1 1 1 100 1 8 1 10 10 12 1 1 100 1 10 12 10 12 1 1 10 10 12 1 1 10 12 1 1 10 12 1 1 10 12 1 1 100 1 10 10 12 1 10 100 12 1 1 1 10 12 1 1 10 12 1 10 12 1 1 10 10 12 1 1 10 12 10 12 1 10 12 1 1 10 12 1 1 10 12 1 1 10 12 1 10 10 12 1 1 10 12 1 10 12 1 1 8 1 10 12 1 1 10 12 1 10 12 1 10 12 1 10 12 1 10 12 1 10 12 1 10 7 12 1 1 10 12 1 10 12 1 10 7 12 1 1 1 10 12 1 10 12 1 10 12 1 10 12 1 10 12 1 1 10 12 1 10 12 1 1 10 12 1 1 10 10 7 12 1 1 1 10 12 1 10 12 1 10 12 1 1 10 12 1 10 12 1 10 12 1 10 12 1 10 12 1 10 12 1 10 12 1 10 12 1 10 12 1 1 10 12 1 10 12 1 10 12 10 12 1 1 18 12 1 1 100 1 10 100 12 1 1 1 18 10 12 1 1 10 12 1 10 12 1 1 11 12 1 10 12 1 10 12 1 10 10 12 1 10 8 1 8 1 8 1 10 10 100 1 10 12 1 100 1 10 100 1 10 100 1 1 1 3 1 1 1 1 1 1 1 1 1 1 100 1 1 1 1 1 1 1 1 1 1 1 1 1 1 1 1 1 1 1 1 1 1 1 1 1 1 1 1 1 1 1 1 1 1 1 1 1 1 1 1 1 1 1 1 1 1 1 1 1 1 1 1 1 1 1 1 1 1 1 1 1 1 1 1 1 1 1 1 1 1 1 1 1 1 1 1 1 1 1 1 1 1 1 1 1 1 1 1 1 1 1 1 1 1 1 1 1 100 1 1 100 1 1 1 1 1 100 1 1 1 1 1 1 15 10 100 12 1 1 1 16 1 15 10 12 16 15 10 12 1 1 1 1 100 1 100 1 1
staticfield java/lang/AbstractStringBuilder EMPTYVALUE [B 0
ciInstanceKlass java/lang/SecurityManager 0 0 576 10 100 12 1 1 1 9 100 12 1 1 1 10 100 12 1 1 1 100 1 8 1 10 12 1 10 12 1 1 10 100 12 1 1 1 10 100 1 10 100 1 10 9 100 12 1 1 1 10 100 12 1 1 1 10 12 1 1 10 100 12 1 1 100 1 8 1 10 9 12 1 1 9 12 1 8 1 9 12 1 100 1 10 8 1 10 12 1 1 10 12 1 10 12 1 1 100 1 10 10 12 1 1 100 1 8 1 10 12 1 8 1 8 1 8 1 8 1 8 1 8 1 10 12 1 8 1 8 1 8 1 8 1 8 1 10 100 12 1 1 1 10 12 1 1 8 1 100 1 8 1 10 8 1 8 1 8 1 8 1 8 1 10 100 12 1 1 8 1 100 1 8 1 8 1 10 8 1 10 12 1 100 1 8 1 10 10 12 1 1 10 12 1 10 12 1 10 12 1 10 100 12 1 1 1 10 12 1 10 100 12 1 1 11 100 12 1 1 1 18 12 1 1 11 100 12 1 1 1 18 12 1 1 11 12 1 1 18 18 11 12 1 18 12 1 11 12 1 1 9 12 1 1 9 12 1 9 12 1 9 12 1 100 1 10 100 12 1 1 10 12 1 10 12 1 18 12 1 18 10 100 12 1 1 1 18 12 1 10 12 1 18 18 8 1 10 12 1 9 12 1 1 11 100 12 1 1 1 8 1 100 1 10 12 1 10 12 1 1 10 12 1 1 9 12 1 1 10 12 1 10 12 1 1 8 1 100 1 10 9 12 1 8 1 10 12 1 8 1 100 1 10 10 100 12 1 1 10 100 1 9 100 12 1 1 1 11 12 1 1 10 12 1 11 12 1 10 12 1 100 1 10 10 12 1 1 10 12 1 1 1 1 1 1 1 1 1 1 1 100 1 1 1 1 1 1 1 1 1 1 1 1 1 1 1 1 1 1 1 1 1 1 1 1 1 1 1 1 1 1 1 1 1 1 1 1 1 1 1 1 1 1 1 1 1 1 1 1 1 1 1 1 1 1 1 1 3 1 1 1 1 1 1 1 1 1 1 100 1 1 1 1 1 1 1 1 1 1 1 1 1 1 1 1 1 1 1 1 1 1 1 1 1 1 1 1 1 1 1 1 1 1 1 1 1 1 15 10 100 12 1 1 1 16 15 10 100 12 1 1 1 16 1 16 15 10 12 16 1 15 10 12 16 15 11 100 1 16 1 16 1 15 10 12 16 15 10 12 16 15 10 12 1 16 1 15 11 12 1 15 10 12 16 15 10 16 1 1 1 1 100 1 100 1 1
ciInstanceKlass java/security/AccessControlContext 1 1 373 9 7 12 1 1 1 9 12 1 1 10 7 12 1 1 1 8 1 10 7 12 1 1 1 10 7 12 1 1 1 9 12 1 9 12 1 1 9 12 1 1 10 7 12 1 1 100 1 10 12 1 11 100 12 1 1 1 11 12 1 11 12 1 11 12 1 1 7 1 11 12 1 1 10 12 1 10 7 12 1 1 1 9 100 12 1 1 1 10 100 12 1 1 1 11 100 12 1 1 1 10 7 1 100 1 8 1 10 12 1 10 12 1 1 7 1 10 7 12 1 1 1 9 12 1 9 12 1 9 12 1 9 12 1 1 9 12 1 1 9 12 1 9 12 1 10 7 12 1 1 1 9 12 1 10 12 1 1 10 12 1 1 8 1 10 12 1 1 10 12 1 1 10 100 12 1 1 1 7 1 10 10 12 1 1 10 100 12 1 1 1 10 8 1 10 100 12 1 1 8 1 10 100 12 1 1 8 1 8 1 10 12 1 8 1 10 12 1 8 1 10 12 1 10 12 1 10 12 1 1 8 1 8 1 100 1 10 12 1 10 12 1 1 7 1 10 12 1 8 1 10 12 1 10 12 1 10 8 1 10 12 1 1 10 12 1 1 10 12 1 1 10 12 1 1 10 12 1 10 12 1 10 12 1 10 12 1 1 10 10 10 12 1 1 1 1 1 1 1 1 1 1 1 1 1 1 1 1 1 1 1 1 1 1 1 1 100 1 1 1 1 1 1 1 1 1 1 1 1 1 1 1 1 1 1 1 1 1 1 1 1 1 1 1 1 1 1 1 1 1 1 1 1 1 1 1 1 1 1 1 1 1 1 1 1 1 1 1 1 3 1 1
ciInstanceKlass java/net/URL 1 1 743 10 7 12 1 1 1 10 12 1 10 7 12 1 1 9 12 1 1 9 12 1 10 7 12 1 1 1 10 12 1 1 10 12 1 1 9 12 1 1 10 7 12 1 1 1 8 1 10 12 1 1 7 1 10 10 12 1 1 8 1 10 12 1 1 9 12 1 7 1 8 1 10 12 1 10 12 1 8 1 9 12 1 10 12 1 1 9 12 1 10 12 1 10 12 1 9 12 1 9 12 1 8 1 9 12 1 10 12 1 1 8 1 9 12 1 1 10 12 1 1 10 7 12 1 1 1 8 1 10 12 1 7 1 10 12 1 10 12 1 10 12 1 10 12 1 1 10 12 1 1 8 1 10 12 1 1 10 12 1 8 1 9 12 1 8 1 10 12 1 10 7 12 1 1 1 100 1 10 12 1 10 12 1 1 10 7 12 1 1 1 7 1 8 1 10 10 12 1 8 1 10 12 1 1 10 12 1 10 12 1 10 12 1 10 12 1 10 12 1 8 1 10 12 1 10 10 7 12 1 1 1 10 12 1 9 100 12 1 1 1 10 100 12 1 1 1 9 12 1 1 10 12 1 10 100 12 1 1 1 100 1 100 1 10 12 1 10 12 1 10 12 1 10 12 1 10 12 1 10 12 10 10 10 12 1 100 1 10 12 1 10 12 1 1 8 1 9 100 12 1 1 1 10 100 12 1 1 1 10 12 1 1 9 100 12 1 1 1 10 12 1 1 100 1 10 12 1 10 12 1 10 10 12 1 1 10 12 1 1 10 12 1 10 12 1 10 12 1 10 7 12 1 1 1 10 12 1 1 10 12 1 9 12 1 1 9 12 1 1 100 1 8 1 10 10 12 1 9 12 1 1 10 7 12 1 1 8 1 10 7 12 1 1 8 1 10 12 1 1 10 12 1 8 1 8 1 10 7 12 1 1 1 100 1 10 100 12 1 1 1 10 12 1 10 12 1 100 1 10 9 12 1 1 10 7 12 1 1 8 1 10 12 1 1 100 1 10 10 100 12 1 1 1 8 9 100 12 1 1 1 10 12 1 10 12 1 10 12 1 10 12 1 10 7 12 1 1 11 7 12 1 1 10 12 1 10 12 1 9 12 1 10 12 1 1 10 100 12 1 1 10 100 12 1 1 1 8 10 100 12 1 1 100 1 10 8 8 10 12 1 8 8 8 100 1 10 12 1 9 12 1 1 10 12 1 10 12 1 1 10 12 1 10 12 10 12 1 1 10 12 1 1 10 10 10 12 1 10 12 1 10 12 1 10 12 1 10 12 1 10 10 12 1 100 1 8 1 10 10 10 12 1 1 10 12 1 10 12 1 1 8 1 7 1 10 10 10 7 1 10 12 1 9 7 12 1 1 1 9 12 1 1 7 1 10 10 7 12 1 1 1 100 1 1 1 1 1 5 0 1 1 1 1 1 1 1 1 1 1 1 1 1 1 1 1 1 1 1 1 1 1 1 1 1 1 1 1 1 1 1 1 1 1 1 1 1 1 1 100 1 1 1 1 1 1 1 1 1 1 1 1 1 1 1 1 1 1 1 1 1 1 1 1 1 1 1 1 1 1 1 1 1 1 1 1 1 100 1 1 1 1 1 1 1 1 1 1 1 1 1 1 1 1 100 1 1 1 1 1 1 1 1 1 1 1 1 1 1 1 1 1 1
staticfield java/net/URL defaultFactory Ljava/net/URLStreamHandlerFactory; java/net/URL$DefaultFactory
staticfield java/net/URL streamHandlerLock Ljava/lang/Object; java/lang/Object
staticfield java/net/URL serialPersistentFields [Ljava/io/ObjectStreamField; 7 [Ljava/io/ObjectStreamField;
ciInstanceKlass java/util/jar/Manifest 1 1 336 10 7 12 1 1 1 7 1 10 9 7 12 1 1 1 7 1 10 9 12 1 1 9 12 1 1 10 12 1 10 12 1 1 10 12 1 1 10 12 1 1 10 12 1 1 11 7 1 11 12 1 1 10 12 1 1 10 100 12 1 1 1 100 1 100 1 10 8 1 10 12 1 1 10 12 1 1 10 12 1 10 12 1 11 100 1 10 12 1 10 12 1 1 11 12 1 1 10 12 1 11 12 1 1 11 100 12 1 1 1 11 100 12 1 1 11 12 1 1 100 1 10 12 1 8 1 11 12 1 7 1 10 12 1 1 11 12 1 10 12 1 10 12 1 10 100 12 1 1 1 8 1 10 12 1 1 10 9 7 12 1 1 1 10 12 1 1 10 100 12 1 10 12 1 10 12 1 9 100 12 1 1 1 8 1 10 12 1 8 1 8 1 7 1 10 12 1 10 12 1 10 12 1 1 100 1 8 1 10 12 1 1 8 1 10 10 12 1 1 8 1 10 12 1 1 10 7 12 1 1 1 10 12 1 10 11 12 1 1 10 12 1 10 7 12 1 1 1 10 12 1 1 10 12 1 1 11 10 12 1 11 10 12 1 100 1 1 1 1 1 1 1 1 1 1 1 1 1 1 1 1 1 1 1 1 1 1 1 1 1 1 1 1 1 1 1 1 1 1 1 1 1 1 1 1 1 1 1 100 1 1 1 1 1 1 1 1 1 1 1 1 1 1 100 1 1 1 1 1 1 1 1 1 1 1
ciInstanceKlass java/util/Objects 1 1 151 10 7 12 1 1 1 100 1 8 1 10 12 1 10 12 1 1 10 7 12 1 1 1 10 12 1 1 10 12 1 10 100 12 1 1 1 10 12 1 1 11 100 12 1 1 1 100 1 10 10 12 1 8 1 10 7 12 1 1 1 8 1 100 1 11 12 1 1 8 1 10 7 12 1 1 1 10 12 1 1 10 12 1 10 12 1 10 12 1 10 12 1 1 1 1 1 1 1 1 1 1 1 1 1 1 1 1 1 1 1 1 1 1 1 1 1 1 1 1 1 1 1 1 1 1 1 1 1 1 1 1 1 1 1 1 1 1 1 1 1 1 1 1 1 1 1 1 1 1 1
instanceKlass com/sun/javafx/scene/KeyboardShortcutsHandler$CopyOnWriteMap
instanceKlass com/sun/javafx/fxml/BeanAdapter
instanceKlass org/hibernate/internal/util/collections/BoundedConcurrentHashMap
instanceKlass org/springframework/util/ConcurrentReferenceHashMap
instanceKlass java/util/Collections$SingletonMap
instanceKlass javafx/collections/FXCollections$EmptyObservableMap
instanceKlass java/util/concurrent/ConcurrentSkipListMap
instanceKlass java/util/TreeMap
instanceKlass java/util/IdentityHashMap
instanceKlass sun/util/PreHashedMap
instanceKlass java/util/EnumMap
instanceKlass java/util/WeakHashMap
instanceKlass java/util/Collections$EmptyMap
instanceKlass java/util/HashMap
instanceKlass java/util/ImmutableCollections$AbstractImmutableMap
instanceKlass java/util/concurrent/ConcurrentHashMap
ciInstanceKlass java/util/AbstractMap 1 1 192 10 7 12 1 1 1 10 7 12 1 1 1 11 7 12 1 1 1 10 11 12 1 1 11 7 12 1 1 1 11 12 1 1 7 1 11 12 1 10 12 1 1 11 12 1 100 1 10 11 12 1 11 7 1 10 12 1 1 11 12 1 9 12 1 1 7 1 10 12 1 9 12 1 1 100 1 10 11 11 12 1 1 11 12 1 100 1 100 1 11 12 1 8 1 100 1 10 10 12 1 1 8 1 10 12 1 10 12 1 1 10 12 1 1 1 1 1 1 1 1 1 1 1 1 1 1 1 1 1 1 1 1 1 1 1 1 1 1 1 1 1 1 1 1 1 1 1 1 1 1 1 1 100 1 1 1 1 1 1 1 1 1 1 1 1 1 1 1 1 100 1 1 1 1 1 1 1 1 1 100 1 100 1 100 1 100 1 1 1 1 1
ciInstanceKlass java/util/List 1 1 217 10 100 12 1 1 1 11 100 12 1 1 1 11 100 12 1 1 1 11 12 1 1 11 100 12 1 1 11 12 1 1 11 12 1 1 10 100 12 1 1 1 7 1 7 1 10 12 1 1 100 1 10 7 12 1 1 1 9 7 12 1 1 1 7 1 10 12 10 12 1 7 1 10 12 1 1 10 12 1 10 12 1 1 100 1 1 1 1 1 1 1 1 1 1 1 1 1 1 1 1 1 1 1 1 1 1 1 1 1 1 1 1 1 1 1 1 1 1 1 1 1 1 1 1 1 1 1 1 1 1 1 1 1 1 100 1 100 1 1 1 1 1 1 1 1 1 1 1 1 1 1 1 1 1 1 1 1 1 1 1 1 1 1 1 1 1 1 1 1 1 1 1 1 1 1 1 1 1 1 1 1 1 1 1 1 1 1 1 1 1 1 1 1 1 1 1 1 1 1 1 1 1 1 1 1 1 1 1 1 100 1 1 100 1 1 1
instanceKlass javafx/scene/control/skin/VirtualFlow$ArrayLinkedList
instanceKlass com/sun/javafx/UnmodifiableArrayList
instanceKlass org/hibernate/internal/util/collections/JoinedList
instanceKlass net/bytebuddy/matcher/FilterableList$AbstractBase
instanceKlass net/bytebuddy/matcher/FilterableList$Empty
instanceKlass org/jboss/jandex/MethodInfoGenerator
instanceKlass java/util/AbstractList$SubList
instanceKlass java/util/Collections$CopiesList
instanceKlass sun/security/jca/ProviderList$ServiceList
instanceKlass java/util/Collections$SingletonList
instanceKlass javafx/collections/ObservableListBase
instanceKlass javafx/collections/FXCollections$EmptyObservableList
instanceKlass sun/security/jca/ProviderList$3
instanceKlass java/util/ArrayList$SubList
instanceKlass java/util/AbstractSequentialList
instanceKlass java/util/Vector
instanceKlass java/util/Arrays$ArrayList
instanceKlass java/util/Collections$EmptyList
instanceKlass java/util/ArrayList
ciInstanceKlass java/util/AbstractList 1 1 218 10 7 12 1 1 1 9 7 12 1 1 1 10 12 1 1 10 12 1 1 100 1 10 10 12 1 1 11 7 12 1 1 1 11 12 1 1 11 12 1 10 7 12 1 1 1 10 12 1 11 12 1 11 12 1 11 12 1 10 12 1 1 10 12 1 1 11 100 12 1 1 1 11 7 1 11 7 1 10 12 1 7 1 10 12 1 10 12 1 1 7 1 7 1 10 12 1 7 1 10 100 1 100 1 10 8 1 10 12 1 1 10 12 1 10 12 1 1 10 12 1 8 1 100 1 8 1 8 1 8 1 10 7 1 11 10 10 12 1 11 12 1 10 12 1 1 8 1 8 1 1 1 1 1 1 1 1 1 1 1 1 1 1 1 1 1 1 1 1 1 1 1 1 1 1 1 1 1 1 1 1 1 1 1 1 1 1 1 1 1 1 1 1 1 1 1 1 1 1 1 1 1 1 1 1 1 1 100 1 100 1 1 1 1 1 1 1
ciInstanceKlass jdk/internal/util/Preconditions 1 1 170 10 100 12 1 1 1 11 100 12 1 1 1 11 100 12 1 1 1 100 1 100 1 10 100 12 1 1 1 10 12 1 8 1 100 1 10 100 12 1 1 1 10 12 1 1 8 1 8 1 10 100 12 1 1 7 1 10 12 1 8 1 10 100 12 1 1 1 8 1 10 12 1 1 10 12 1 1 11 12 1 8 1 8 1 11 12 1 1 8 1 8 1 8 1 10 12 1 1 10 12 1 1 10 12 1 10 12 1 10 12 1 10 12 1 1 1 1 1 1 1 1 1 1 1 1 1 1 1 1 1 1 1 1 1 1 1 1 1 1 1 1 1 1 1 1 1 1 1 1 1 1 1 1 1 1 1 1 1 1 1 1 1 1 1 1 1 1 1 1
ciMethod java/util/Objects checkIndex (II)I 706 0 77615 0 -1
ciInstanceKlass java/lang/AssertionStatusDirectives 0 0 24 10 100 12 1 1 1 100 1 1 1 1 1 1 1 1 1 1 1 1 1 1 1 1
ciInstanceKlass java/lang/invoke/MethodHandleNatives$CallSiteContext 1 1 49 10 7 12 1 1 1 7 1 10 10 7 12 1 1 1 10 7 12 1 1 1 10 7 12 1 1 1 100 1 1 1 1 1 1 1 1 1 1 1 1 1 1 1 1 1 100 1 1
ciInstanceKlass jdk/internal/invoke/NativeEntryPoint 0 0 92 10 100 12 1 1 1 9 100 12 1 1 1 10 100 12 1 1 1 100 1 9 12 1 9 12 1 9 12 1 1 9 12 1 1 9 12 1 1 100 1 8 1 10 12 1 11 100 12 1 1 1 10 12 1 1 10 12 1 11 100 12 1 1 11 12 1 10 12 1 1 10 12 1 1 1 1 1 1 1 1 1 1 1 1 1 1 1 1 1 1 1
instanceKlass java/lang/invoke/VolatileCallSite
instanceKlass java/lang/invoke/MutableCallSite
instanceKlass java/lang/invoke/ConstantCallSite
ciInstanceKlass java/lang/invoke/CallSite 1 1 302 10 7 12 1 1 1 10 7 12 1 1 1 9 7 12 1 1 1 10 12 1 1 9 12 1 1 10 7 12 1 1 1 10 12 1 100 1 10 12 1 1 10 12 1 1 9 100 12 1 1 1 10 100 12 1 1 10 12 1 1 100 1 100 1 10 10 100 12 1 1 1 10 12 1 1 8 1 10 12 1 10 12 1 1 10 12 1 10 12 1 1 10 12 1 1 10 10 100 12 1 1 10 12 1 1 9 12 1 9 100 12 1 1 1 8 1 10 7 12 1 1 1 10 12 1 1 100 1 10 12 1 1 9 12 1 8 1 100 1 10 12 1 10 12 1 100 1 8 1 10 10 12 1 10 12 1 1 100 1 10 12 1 1 10 12 1 10 12 1 10 12 1 1 10 12 1 1 9 12 1 1 8 10 12 1 1 9 12 1 1 100 1 10 10 12 1 10 100 12 1 1 1 10 12 1 1 10 12 1 1 10 12 1 10 7 12 1 1 1 100 1 8 1 10 10 12 10 12 1 1 100 1 100 1 100 1 8 1 10 12 1 10 7 12 1 1 1 1 1 1 1 1 1 1 1 1 1 1 1 1 1 1 1 1 1 1 1 1 1 1 1 1 1 1 1 1 1 1 1 1 1 1 1 1 1 1 1 1 1 1 1 1 1 1 1 1 1 1 1 1 1
staticfield java/lang/invoke/CallSite $assertionsDisabled Z 1
ciInstanceKlass java/lang/invoke/VolatileCallSite 0 0 37 10 100 12 1 1 1 10 12 1 10 100 12 1 1 1 10 12 1 10 12 1 1 1 1 1 1 1 1 1 1 1 1 1 1 1 1
ciInstanceKlass java/lang/invoke/MethodType 1 1 771 7 1 10 7 12 1 1 1 9 12 1 1 9 12 1 1 9 12 1 1 10 7 12 1 1 1 9 7 12 1 1 8 1 10 100 12 1 1 1 9 7 1 9 7 1 10 12 1 1 100 1 10 8 1 10 12 1 1 10 12 1 10 12 1 1 100 1 8 1 10 12 1 100 1 10 10 12 1 10 12 1 1 10 12 1 1 11 7 12 1 1 1 9 12 1 11 12 1 1 7 7 1 10 7 12 1 1 1 10 12 1 9 12 1 1 10 7 12 1 1 10 12 1 1 10 7 12 1 1 1 10 7 12 1 1 1 10 12 1 9 12 1 1 10 12 1 1 7 1 10 12 1 1 10 12 1 1 10 12 1 1 10 12 1 1 10 12 1 1 10 12 1 10 12 1 10 12 1 1 10 12 1 8 1 8 1 10 12 1 1 9 12 1 1 100 1 10 10 12 1 1 10 12 1 10 12 1 1 10 12 1 1 10 12 1 10 12 1 1 10 12 1 8 1 10 12 1 1 10 7 12 1 1 1 10 12 1 10 12 1 1 10 12 1 10 12 1 10 12 1 1 10 12 1 10 12 1 9 12 1 10 12 1 10 10 12 1 1 10 12 1 9 12 1 1 10 12 1 1 10 12 1 1 10 12 1 1 10 12 1 1 7 1 10 12 10 12 1 10 12 1 100 1 8 1 8 1 8 1 10 12 1 10 12 1 10 12 1 10 11 12 1 1 11 12 1 10 100 12 1 1 1 9 12 1 10 12 1 10 12 1 1 10 12 1 1 10 12 1 10 12 1 10 100 12 1 1 1 10 12 1 1 10 12 1 10 12 1 10 12 1 10 9 12 1 1 7 1 10 12 1 10 12 1 1 9 100 12 1 1 1 10 100 12 1 1 1 10 100 12 1 1 1 10 12 1 1 10 7 12 1 1 1 10 12 1 1 8 1 10 7 12 1 1 1 11 12 1 1 9 12 1 1 10 12 1 1 10 12 1 10 12 1 1 10 12 1 1 10 100 12 1 1 100 1 10 12 1 1 11 100 12 1 1 1 18 12 1 1 11 12 1 1 18 12 1 11 12 1 100 1 11 100 12 1 1 10 12 1 100 1 10 12 1 10 100 12 1 1 10 12 1 1 9 12 1 1 9 100 12 1 1 1 10 100 12 1 1 1 9 12 1 10 100 12 1 1 10 12 1 100 10 12 1 1 10 12 1 10 7 1 7 1 9 12 1 1 100 1 100 1 100 1 1 1 5 0 1 1 1 1 1 1 1 3 1 3 1 3 1 1 1 1 1 1 1 1 1 1 1 1 1 1 1 1 1 1 1 1 1 1 1 1 1 1 1 1 1 1 1 1 1 1 1 1 1 1 1 1 1 1 1 1 1 1 1 1 1 1 1 1 1 1 1 1 1 1 1 1 1 1 1 1 1 1 1 1 1 1 1 1 1 1 1 1 1 1 1 1 1 1 1 1 1 1 1 1 1 1 1 1 1 1 1 1 1 1 1 1 1 1 1 1 1 1 1 1 1 1 1 1 1 1 1 1 1 1 1 1 1 1 1 1 1 1 1 100 1 100 1 1 1 1 1 1 1 1 1 1 1 1 1 100 1 1 1 100 1 1 1 1 1 1 1 1 1 1 1 1 1 1 1 1 1 1 1 1 1 15 10 100 12 1 1 1 16 15 10 12 16 16 15 10 12 16 1 1 1 1 100 1 1 100 1 1 100 1 100 1 1
staticfield java/lang/invoke/MethodType internTable Ljava/lang/invoke/MethodType$ConcurrentWeakInternSet; java/lang/invoke/MethodType$ConcurrentWeakInternSet
staticfield java/lang/invoke/MethodType NO_PTYPES [Ljava/lang/Class; 0 [Ljava/lang/Class;
staticfield java/lang/invoke/MethodType objectOnlyTypes [Ljava/lang/invoke/MethodType; 20 [Ljava/lang/invoke/MethodType;
staticfield java/lang/invoke/MethodType METHOD_HANDLE_ARRAY [Ljava/lang/Class; 1 [Ljava/lang/Class;
staticfield java/lang/invoke/MethodType serialPersistentFields [Ljava/io/ObjectStreamField; 0 [Ljava/io/ObjectStreamField;
staticfield java/lang/invoke/MethodType $assertionsDisabled Z 1
ciInstanceKlass java/lang/BootstrapMethodError 0 0 45 10 100 12 1 1 1 10 12 1 10 12 1 10 100 12 1 1 1 10 100 12 1 1 1 1 1 1 5 0 1 1 1 1 1 1 1 1 1 1 1 100 1 1 1
instanceKlass org/springframework/aop/framework/InterceptorAndDynamicMethodMatcher
instanceKlass org/springframework/context/support/DefaultLifecycleProcessor$LifecycleGroupMember
instanceKlass org/springframework/boot/autoconfigure/ssl/SslPropertiesBundleRegistrar$Bundle
instanceKlass org/springframework/data/jpa/repository/query/ParameterBinding$Named
instanceKlass org/springframework/data/jpa/repository/query/ParameterBinding$Expression
instanceKlass org/springframework/data/jpa/repository/query/ParameterBinding$MethodInvocationArgument
instanceKlass org/springframework/data/jpa/repository/query/ParameterBinding$NamedAndIndexed
instanceKlass org/springframework/data/mapping/model/ClassGeneratingPropertyAccessorFactory$KotlinValueBoxingAdapter
instanceKlass org/springframework/cglib/core/MethodWrapper$MethodWrapperKey
instanceKlass org/springframework/cglib/proxy/Enhancer$EnhancerKey
instanceKlass org/springframework/util/ConcurrentLruCache$CacheEntry
instanceKlass sun/security/pkcs/SignerInfo$AlgorithmInfo
instanceKlass jdk/internal/misc/ThreadTracker$ThreadRef
instanceKlass jdk/net/UnixDomainPrincipal
ciInstanceKlass java/lang/Record 1 1 22 10 7 12 1 1 1 100 1 1 1 1 1 1 1 1 1 1 1 1 1 1
ciInstanceKlass java/lang/ClassNotFoundException 1 1 96 7 1 10 7 12 1 1 1 10 12 1 10 12 1 1 10 100 12 1 1 1 8 1 10 100 12 1 1 1 10 7 12 1 1 10 100 12 1 1 1 10 100 12 1 1 1 10 12 1 1 7 1 10 12 1 9 12 1 1 1 1 1 5 0 1 1 1 1 1 1 1 1 1 1 1 1 1 1 1 1 1 1 100 1 1 1 1 1 1 1 1 1 1 1 1
staticfield java/lang/ClassNotFoundException serialPersistentFields [Ljava/io/ObjectStreamField; 1 [Ljava/io/ObjectStreamField;
ciInstanceKlass jdk/internal/loader/ClassLoaders$AppClassLoader 1 1 119 8 1 10 7 12 1 1 1 10 7 12 1 1 1 10 100 12 1 1 1 10 12 1 1 10 100 12 1 1 1 10 12 1 1 10 12 1 1 7 1 8 1 10 12 10 7 12 1 1 1 10 7 12 1 1 10 12 1 1 10 12 1 1 10 7 12 1 1 1 100 1 10 12 1 1 1 1 1 1 1 1 1 1 1 1 1 1 1 1 1 1 1 1 1 7 1 1 1 1 1 1 1 1 1 1 1 1 1 1 1 1 1 1 1 100 1 1 1
ciInstanceKlass jdk/internal/loader/ClassLoaders$PlatformClassLoader 1 1 42 8 1 10 7 12 1 1 1 10 7 12 1 1 1 100 1 10 12 1 100 1 1 1 1 1 1 1 1 1 1 1 1 1 1 100 1 1 1 100 1 1
ciInstanceKlass java/lang/ArithmeticException 1 1 26 10 100 12 1 1 1 10 12 1 100 1 1 1 1 5 0 1 1 1 1 1 1 1 1 1
ciInstanceKlass java/lang/NullPointerException 1 1 52 10 7 12 1 1 1 10 12 1 9 7 12 1 1 1 10 12 1 1 9 12 1 1 10 12 1 1 10 12 1 1 1 1 5 0 1 1 1 1 1 1 1 1 100 1 100 1 100 1 1 1
ciInstanceKlass java/lang/IllegalMonitorStateException 1 1 26 10 100 12 1 1 1 10 12 1 100 1 1 1 1 5 0 1 1 1 1 1 1 1 1 1
ciInstanceKlass java/lang/OutOfMemoryError 1 1 26 10 100 12 1 1 1 10 12 1 100 1 1 1 1 5 0 1 1 1 1 1 1 1 1 1
ciInstanceKlass java/lang/InternalError 1 1 34 10 7 12 1 1 1 10 12 1 10 12 1 10 12 1 100 1 1 1 1 5 0 1 1 1 1 1 1 1 1 1 1 1
ciInstanceKlass java/lang/ClassCastException 1 1 26 10 100 12 1 1 1 10 12 1 100 1 1 1 1 5 0 1 1 1 1 1 1 1 1 1
ciInstanceKlass java/lang/NoClassDefFoundError 1 1 26 10 7 12 1 1 1 10 12 1 100 1 1 1 1 5 0 1 1 1 1 1 1 1 1 1
instanceKlass java/nio/DoubleBuffer
instanceKlass java/nio/FloatBuffer
instanceKlass java/nio/ShortBuffer
instanceKlass java/nio/IntBuffer
instanceKlass java/nio/CharBuffer
instanceKlass java/nio/LongBuffer
instanceKlass java/nio/ByteBuffer
ciInstanceKlass java/nio/Buffer 1 1 224 100 1 10 7 12 1 1 1 9 7 12 1 1 1 9 12 1 9 12 1 1 9 12 1 9 12 1 1 10 12 1 1 10 12 1 1 10 12 100 1 100 1 10 8 1 10 12 1 1 10 12 1 8 1 8 1 10 12 1 1 10 12 1 8 1 9 12 1 1 100 1 8 1 10 12 1 8 1 8 1 9 12 10 12 1 8 1 8 1 8 1 10 12 1 8 1 8 1 8 1 100 1 10 100 1 10 100 1 10 100 1 10 10 100 12 1 1 1 10 11 100 12 1 1 10 7 12 1 1 1 10 7 12 1 1 1 9 12 1 1 10 7 12 1 1 1 9 12 1 1 7 1 10 10 7 12 1 1 1 1 1 3 1 1 1 1 1 1 1 1 1 1 1 1 1 1 1 1 1 1 100 1 1 1 1 1 1 1 1 1 1 1 1 1 1 1 1 1 1 1 1 1 1 1 1 1 1 1 1 1 1 1 1 1 1 1 1 1 1 1 1 1 1
staticfield java/nio/Buffer UNSAFE Ljdk/internal/misc/Unsafe; jdk/internal/misc/Unsafe
staticfield java/nio/Buffer SCOPED_MEMORY_ACCESS Ljdk/internal/misc/ScopedMemoryAccess; jdk/internal/misc/ScopedMemoryAccess
staticfield java/nio/Buffer $assertionsDisabled Z 1
ciInstanceKlass jdk/internal/misc/UnsafeConstants 1 1 34 10 100 12 1 1 1 9 7 12 1 1 1 9 12 1 9 12 1 1 9 12 1 9 12 1 1 1 1 1 1 1 1 1
staticfield jdk/internal/misc/UnsafeConstants ADDRESS_SIZE0 I 8
staticfield jdk/internal/misc/UnsafeConstants PAGE_SIZE I 4096
staticfield jdk/internal/misc/UnsafeConstants BIG_ENDIAN Z 0
staticfield jdk/internal/misc/UnsafeConstants UNALIGNED_ACCESS Z 1
staticfield jdk/internal/misc/UnsafeConstants DATA_CACHE_LINE_FLUSH_SIZE I 0
instanceKlass java/lang/invoke/DelegatingMethodHandle
instanceKlass java/lang/invoke/BoundMethodHandle
instanceKlass java/lang/invoke/DirectMethodHandle
ciInstanceKlass java/lang/invoke/MethodHandle 1 1 644 100 1 9 7 12 1 1 1 10 7 12 1 1 1 10 7 12 1 1 1 7 1 7 1 10 12 1 1 9 12 1 1 10 12 1 10 12 1 1 10 12 1 1 10 100 12 1 1 1 10 12 1 1 10 12 1 1 11 100 12 1 1 1 10 12 1 1 10 12 1 10 12 1 9 12 1 1 10 12 1 1 100 1 100 1 10 8 1 10 12 1 1 10 12 1 8 1 10 12 1 1 10 12 1 10 7 12 1 1 1 10 12 1 10 12 1 1 10 12 1 1 10 12 1 1 10 12 1 1 10 7 12 1 1 1 10 7 12 1 1 1 7 1 10 12 1 1 10 12 1 1 10 12 1 1 8 1 10 7 12 1 1 1 8 1 10 12 1 1 10 12 1 1 10 12 1 1 10 12 1 8 1 10 12 1 1 8 1 10 12 1 8 1 10 100 12 1 1 1 9 12 1 1 100 1 10 9 100 12 1 1 1 9 100 1 8 1 10 12 1 1 10 12 1 10 12 1 1 10 12 1 10 12 1 1 10 12 1 10 12 1 1 10 12 1 10 12 1 1 10 12 1 1 8 1 10 12 1 1 8 1 10 12 1 10 12 1 1 10 12 1 10 12 1 10 12 1 1 9 100 12 1 1 1 10 12 1 1 11 12 1 10 12 1 10 12 1 1 10 100 12 1 1 1 100 1 11 12 1 10 100 1 11 12 1 100 1 10 12 1 11 12 1 9 100 12 1 1 1 11 12 1 1 11 100 12 1 1 1 10 12 1 1 9 12 1 11 12 1 9 12 1 9 12 1 9 12 1 11 12 1 1 9 12 1 9 12 1 9 12 1 9 12 1 9 12 1 9 12 1 9 12 1 8 1 10 12 1 10 12 1 8 1 10 12 1 10 12 1 10 10 7 12 1 1 10 12 1 1 100 1 8 1 10 12 1 1 10 12 1 1 10 12 1 10 12 1 100 1 10 100 12 1 1 1 10 12 1 9 7 12 1 1 1 10 12 1 1 10 12 1 1 8 1 9 12 1 9 12 1 1 9 12 1 1 10 12 1 7 1 10 12 1 10 12 1 1 9 12 1 1 9 12 1 1 10 7 12 1 1 1 11 7 12 1 1 9 12 1 10 12 1 1 10 12 1 9 12 1 10 12 1 8 10 12 1 1 8 1 1 1 1 1 1 100 1 1 1 1 1 1 1 1 1 1 1 1 1 1 1 1 1 1 1 1 1 1 1 1 1 1 1 1 1 1 1 1 1 1 1 1 1 1 1 1 1 1 1 1 1 1 1 1 1 1 1 1 1 1 1 1 1 1 1 1 1 1 1 1 1 1 1 1 1 100 1 1 1 1 1 1 1 1 1 100 1 1 1 1 1 1 1 1 1 1 1 1 1 1 1 1 1 1 1 1 1 1 1 1 1 1 1 100 1 1 100 1 1 100 1 1 1 1
staticfield java/lang/invoke/MethodHandle FORM_OFFSET J 20
staticfield java/lang/invoke/MethodHandle UPDATE_OFFSET J 13
staticfield java/lang/invoke/MethodHandle $assertionsDisabled Z 1
ciInstanceKlass jdk/internal/reflect/CallerSensitive 1 1 17 100 1 100 1 100 1 1 1 1 1 1 1 1 1 1 1
ciInstanceKlass jdk/internal/reflect/NativeConstructorAccessorImpl 1 1 126 10 7 12 1 1 1 9 7 12 1 1 1 9 12 1 1 10 7 12 1 1 1 10 7 12 1 1 1 10 7 12 1 1 1 9 12 1 9 12 1 1 9 12 1 1 10 7 12 1 1 1 7 1 10 10 12 1 1 10 12 1 10 12 1 10 12 1 1 9 12 1 1 10 7 12 1 1 1 100 1 10 12 1 1 10 12 1 1 8 10 12 1 1 1 1 1 1 1 1 1 1 1 1 1 1 1 1 1 1 1 1 1 1 100 1 100 1 100 1 1 1 1 1 1 1
staticfield jdk/internal/reflect/NativeConstructorAccessorImpl U Ljdk/internal/misc/Unsafe; jdk/internal/misc/Unsafe
staticfield jdk/internal/reflect/NativeConstructorAccessorImpl GENERATED_OFFSET J 16
instanceKlass java/lang/invoke/DirectMethodHandle$Special
instanceKlass java/lang/invoke/DirectMethodHandle$Interface
instanceKlass java/lang/invoke/DirectMethodHandle$Constructor
instanceKlass java/lang/invoke/DirectMethodHandle$Accessor
ciInstanceKlass java/lang/invoke/DirectMethodHandle 1 1 940 7 1 7 1 100 1 7 1 7 1 10 7 12 1 1 1 10 7 12 1 1 1 100 1 10 12 1 10 12 1 1 10 7 12 1 1 10 12 1 1 10 12 1 10 12 1 7 1 10 12 1 1 10 12 1 1 10 12 1 10 12 1 1 10 7 12 1 1 1 10 12 1 9 12 1 1 100 1 10 9 12 1 1 9 12 1 10 12 1 10 12 1 10 12 1 1 10 12 1 10 12 1 10 12 1 10 7 12 1 1 1 10 12 1 10 12 1 1 8 1 10 12 1 1 7 1 10 12 1 7 1 10 10 12 1 10 12 1 10 12 1 10 7 12 1 1 1 10 12 1 1 100 1 10 12 1 10 12 1 7 1 10 12 1 10 12 1 1 10 12 1 1 10 12 1 8 10 100 12 1 1 1 10 12 1 10 12 1 10 12 1 1 10 12 1 9 7 12 1 1 1 7 1 10 12 1 10 7 12 1 1 1 10 12 1 10 12 1 1 9 12 1 1 100 1 10 8 1 10 12 1 1 10 12 1 10 12 1 10 10 12 1 10 12 1 10 12 1 10 12 1 10 12 1 1 10 12 1 10 12 1 1 10 12 1 10 12 1 1 10 10 7 12 1 1 1 10 12 1 10 12 1 1 10 12 1 10 12 1 1 8 1 9 7 12 1 1 1 8 1 9 12 1 9 12 1 8 1 9 12 1 9 12 1 8 1 9 12 1 9 12 1 8 1 10 12 1 10 12 1 1 9 12 1 1 7 1 10 12 1 1 100 1 10 7 12 1 1 1 10 12 1 1 10 12 1 10 12 1 1 7 1 10 12 1 1 10 12 1 10 12 1 1 7 1 10 12 1 1 10 7 12 1 1 1 10 12 1 10 12 1 10 12 1 9 12 1 1 10 7 1 9 12 9 12 1 10 7 12 1 1 1 10 12 1 7 1 7 1 7 1 9 12 1 1 10 7 12 1 10 12 1 1 10 12 1 7 1 10 12 1 10 12 1 1 9 7 12 1 1 1 10 12 1 1 100 1 10 100 12 1 1 1 10 12 1 10 12 1 8 1 9 12 1 9 12 1 10 12 1 9 12 1 1 10 7 12 1 1 1 9 12 1 1 9 12 1 1 10 12 1 10 12 1 10 12 1 10 12 1 10 12 1 1 10 12 1 10 7 12 1 1 9 12 1 10 12 1 10 12 1 10 12 1 10 12 1 1 10 12 1 1 9 12 1 1 10 12 1 1 9 7 12 1 1 1 9 12 1 9 12 1 9 12 1 9 12 1 9 12 1 9 12 1 9 12 1 9 12 1 9 12 1 9 12 1 9 12 1 9 12 1 9 12 1 9 12 1 9 12 1 9 12 1 9 12 1 9 12 1 9 12 1 9 12 1 9 12 1 9 12 1 9 12 1 9 12 1 9 12 1 9 12 1 9 12 1 9 12 1 9 12 1 9 12 1 9 12 1 9 12 1 9 12 1 9 12 1 9 12 1 9 12 1 8 1 9 12 1 1 9 12 1 1 10 12 1 10 12 1 1 9 7 1 10 12 1 9 12 1 1 10 12 10 12 1 10 12 1 10 12 1 10 8 1 8 1 8 1 8 1 10 12 1 1 9 12 1 1 10 12 1 10 100 12 1 1 1 8 9 12 1 1 10 12 1 1 8 1 8 8 9 12 1 8 1 8 8 8 8 8 1 8 10 12 1 10 12 1 8 1 8 1 10 12 1 10 12 1 10 12 1 10 12 1 1 7 1 1 1 1 3 1 3 1 3 1 3 1 3 1 3 1 3 1 3 1 3 1 3 1 1 1 1 1 1 1 1 1 1 3 1 3 1 1 1 1 3 1 1 1 1 1 1 1 1 1 1 1 1 1 1 1 1 1 1 1 1 1 1 1 1 1 1 1 1 1 1 1 1 1 1 1 1 1 1 1 1 1 1 1 1 1 1 1 1 1 1 1 1 1 1 1 1 100 1 1 1 1 1 1 1 1 1 1 1 1 100 1 1 1 1 1 1 1 1 1 1 1 1 1 1 1 1 1 1 1 1 1 1 1 1 1 1 1 1 1 1 1 1 1 1 1 1 1 1 1 1 1 1 1 1 1 1 1 1 1 1 1
staticfield java/lang/invoke/DirectMethodHandle IMPL_NAMES Ljava/lang/invoke/MemberName$Factory; java/lang/invoke/MemberName$Factory
staticfield java/lang/invoke/DirectMethodHandle FT_UNCHECKED_REF I 8
staticfield java/lang/invoke/DirectMethodHandle ACCESSOR_FORMS [Ljava/lang/invoke/LambdaForm; 132 [Ljava/lang/invoke/LambdaForm;
staticfield java/lang/invoke/DirectMethodHandle ALL_WRAPPERS [Lsun/invoke/util/Wrapper; 10 [Lsun/invoke/util/Wrapper;
staticfield java/lang/invoke/DirectMethodHandle NFS [Ljava/lang/invoke/LambdaForm$NamedFunction; 12 [Ljava/lang/invoke/LambdaForm$NamedFunction;
staticfield java/lang/invoke/DirectMethodHandle OBJ_OBJ_TYPE Ljava/lang/invoke/MethodType; java/lang/invoke/MethodType
staticfield java/lang/invoke/DirectMethodHandle LONG_OBJ_TYPE Ljava/lang/invoke/MethodType; java/lang/invoke/MethodType
staticfield java/lang/invoke/DirectMethodHandle $assertionsDisabled Z 1
ciInstanceKlass java/lang/invoke/LambdaForm 1 1 1052 100 1 9 7 12 1 1 1 10 7 12 1 1 1 10 7 12 1 1 9 12 1 1 9 12 1 1 10 12 1 1 100 1 10 9 12 1 10 12 1 1 9 12 1 10 7 12 1 1 1 9 12 1 9 12 1 9 12 1 1 9 12 1 10 12 1 1 7 1 10 12 1 10 100 12 1 1 1 10 100 12 1 1 1 10 12 1 10 12 1 1 9 100 12 1 1 1 10 12 1 1 9 12 1 10 12 1 1 10 12 1 10 12 1 1 10 12 1 1 10 100 12 1 1 1 7 1 10 10 12 1 1 8 1 10 12 1 10 12 1 10 12 1 1 7 1 10 7 12 1 1 1 10 12 1 1 10 12 1 10 12 1 1 9 12 1 1 9 12 1 9 12 1 1 10 12 1 9 12 1 10 100 12 1 1 1 10 12 1 1 10 12 1 9 12 1 1 10 100 12 1 1 1 10 12 1 10 12 1 10 12 1 10 12 1 10 12 1 10 12 1 1 10 12 1 10 12 1 1 8 1 10 12 1 10 12 1 8 1 8 1 9 12 1 9 12 1 9 12 1 1 10 12 1 1 10 12 1 9 12 1 10 12 1 1 10 7 12 1 1 1 10 12 1 1 10 12 1 10 12 1 10 12 1 1 9 12 1 10 12 1 8 1 8 1 8 1 8 1 8 1 8 1 8 1 8 1 10 12 1 9 12 1 7 1 10 12 1 1 9 12 1 10 12 1 10 12 1 1 10 12 10 12 1 10 12 1 1 10 12 1 1 10 10 12 1 1 10 12 1 1 7 1 8 1 10 12 1 1 10 12 1 10 12 1 1 10 8 1 10 12 1 1 8 1 8 1 8 1 10 12 1 9 12 1 1 10 12 1 1 10 12 1 1 100 1 10 12 1 1 10 12 1 10 7 12 1 1 1 10 12 1 1 9 12 1 1 8 1 10 100 12 1 1 1 10 7 12 1 1 10 12 10 10 12 1 1 9 12 1 8 10 12 1 1 100 1 10 12 1 1 10 12 1 9 7 12 1 1 9 12 1 1 8 1 10 100 12 1 1 10 12 1 1 100 1 100 1 10 10 12 1 1 10 12 1 1 8 1 8 1 100 1 8 1 10 12 10 12 1 10 12 1 10 12 1 1 8 1 8 1 9 100 12 1 1 1 10 12 1 10 12 1 1 8 1 8 1 8 1 100 1 8 1 100 1 8 1 100 1 8 1 10 12 1 8 1 9 10 7 12 1 1 1 10 12 1 9 12 1 1 10 12 1 10 10 12 1 10 12 1 10 12 1 10 12 1 1 10 12 1 10 12 1 1 10 12 1 1 10 12 1 1 8 1 100 10 12 1 10 12 1 9 12 1 1 10 7 12 1 1 8 1 8 1 100 1 8 1 8 1 8 1 8 1 8 1 8 1 8 1 8 1 10 12 1 1 10 12 1 1 10 12 1 10 12 1 8 1 8 1 8 1 10 12 1 8 1 10 12 1 8 1 8 1 8 1 8 1 8 1 10 12 1 10 12 1 10 12 1 1 10 7 12 1 1 1 10 12 1 10 12 1 10 12 1 10 12 1 10 12 1 10 12 1 10 12 1 9 12 1 1 8 1 10 12 1 1 9 12 1 1 10 12 1 1 9 12 1 9 12 1 1 9 12 1 9 12 1 1 7 1 10 7 12 1 1 1 9 12 1 10 12 1 10 12 1 8 1 10 12 1 9 12 1 1 7 1 10 7 12 1 1 1 8 1 100 1 10 12 1 9 12 1 9 12 1 10 12 1 10 12 1 10 7 12 1 1 1 10 12 1 9 7 12 1 1 10 12 1 1 10 12 1 10 12 1 9 12 10 12 1 10 10 12 1 9 9 12 1 7 9 12 1 1 10 12 1 1 9 12 1 10 12 1 10 7 1 9 1 1 1 1 3 1 3 1 3 1 1 1 1 1 1 1 1 1 1 1 1 1 1 1 1 1 1 1 1 1 1 1 1 1 1 1 1 1 1 1 1 1 1 1 1 1 1 1 1 1 1 1 1 1 1 1 1 1 1 1 1 1 1 1 1 100 1 1 1 1 1 1 1 1 1 1 1 1 1 1 1 1 1 1 1 1 1 1 1 1 1 1 1 1 1 1 1 1 1 1 1 1 1 1 1 1 1 1 1 1 1 1 1 1 1 1 1 1 1 1 1 1 1 1 1 100 1 1 1 1 1 1 1 1 1 1 1 1 1 1 1 1 1 1 1 1 1 1 1 1 1 1 1 1 1 1 1 1 1 1 100 1 1 1 1 1 1 1 1 1 1 1 1 1 1 1 1 1 1 1 1 1 1 100 1 1 1 100 1 1 100 1 1 1 1 1 1 1 1 1 1 1
staticfield java/lang/invoke/LambdaForm COMPILE_THRESHOLD I 0
staticfield java/lang/invoke/LambdaForm INTERNED_ARGUMENTS [[Ljava/lang/invoke/LambdaForm$Name; 5 [[Ljava/lang/invoke/LambdaForm$Name;
staticfield java/lang/invoke/LambdaForm IMPL_NAMES Ljava/lang/invoke/MemberName$Factory; java/lang/invoke/MemberName$Factory
staticfield java/lang/invoke/LambdaForm LF_identity [Ljava/lang/invoke/LambdaForm; 6 [Ljava/lang/invoke/LambdaForm;
staticfield java/lang/invoke/LambdaForm LF_zero [Ljava/lang/invoke/LambdaForm; 6 [Ljava/lang/invoke/LambdaForm;
staticfield java/lang/invoke/LambdaForm NF_identity [Ljava/lang/invoke/LambdaForm$NamedFunction; 6 [Ljava/lang/invoke/LambdaForm$NamedFunction;
staticfield java/lang/invoke/LambdaForm NF_zero [Ljava/lang/invoke/LambdaForm$NamedFunction; 6 [Ljava/lang/invoke/LambdaForm$NamedFunction;
staticfield java/lang/invoke/LambdaForm createFormsLock Ljava/lang/Object; java/lang/Object
staticfield java/lang/invoke/LambdaForm DEBUG_NAME_COUNTERS Ljava/util/HashMap; null
staticfield java/lang/invoke/LambdaForm DEBUG_NAMES Ljava/util/HashMap; null
staticfield java/lang/invoke/LambdaForm TRACE_INTERPRETER Z 0
staticfield java/lang/invoke/LambdaForm $assertionsDisabled Z 1
ciInstanceKlass java/lang/invoke/MethodHandleNatives 1 1 684 100 1 10 7 12 1 1 1 9 7 12 1 1 1 10 12 1 1 100 1 10 10 12 1 1 10 12 1 10 12 1 8 1 8 1 8 1 8 1 8 1 8 1 8 1 8 1 8 1 8 1 10 12 1 1 7 1 10 7 12 1 1 1 10 100 12 1 1 1 7 1 10 10 12 1 1 8 1 10 12 1 8 1 10 12 1 1 8 1 10 12 1 1 9 100 12 1 1 1 8 1 10 100 12 1 1 1 100 1 10 12 100 1 100 1 8 1 7 1 10 10 12 1 7 1 9 7 12 1 1 10 12 1 1 10 12 1 10 7 12 1 1 1 7 1 10 12 1 1 10 7 12 1 1 1 10 12 1 10 12 1 1 10 12 1 1 9 12 1 8 1 10 12 1 8 1 10 12 1 8 1 8 1 8 1 100 1 10 12 1 8 1 10 12 1 1 10 12 1 10 100 12 1 1 1 100 1 8 1 10 100 12 1 1 1 7 1 8 1 10 12 1 8 1 8 1 8 1 8 1 8 1 10 12 1 1 10 12 1 1 10 12 1 10 12 1 1 10 12 1 1 7 1 10 12 1 100 1 100 1 10 12 1 10 12 1 8 1 8 1 10 10 12 1 1 10 12 1 1 8 1 10 100 12 1 1 1 8 1 8 1 10 12 1 1 10 7 12 1 1 1 100 1 10 12 1 1 7 1 9 12 1 1 10 7 12 1 1 1 10 10 12 1 9 12 1 10 12 1 1 9 12 1 9 12 1 10 12 1 1 10 12 1 10 12 1 1 7 1 7 1 10 12 1 1 10 12 1 10 12 1 1 10 7 12 1 1 1 10 12 1 8 1 10 12 1 10 12 1 10 12 1 1 10 12 1 10 7 12 1 1 1 10 12 1 1 100 1 8 1 10 9 7 12 1 1 1 10 12 1 1 10 12 1 1 100 1 10 12 1 1 10 12 1 1 100 1 100 1 10 10 100 1 100 1 10 100 1 10 10 12 1 1 10 100 1 10 12 1 10 12 1 10 12 1 1 10 12 1 1 10 12 1 1 10 12 1 10 12 1 1 10 8 1 100 1 10 12 1 10 12 1 10 12 1 10 12 1 10 12 1 1 10 12 1 9 12 1 1 10 7 12 1 1 1 9 12 1 1 11 7 12 1 1 1 10 12 1 10 12 1 10 10 12 1 10 7 12 1 1 1 1 1 1 1 1 1 1 1 1 1 1 1 100 1 1 1 1 1 1 1 1 1 1 1 1 1 1 1 1 1 1 1 1 1 1 1 1 1 1 1 1 1 1 1 1 1 1 1 1 1 1 1 1 1 1 1 1 1 1 1 1 1 1 1 1 1 1 1 1 1 1 1 1 1 1 1 1 1 1 1 1 1 1 1 1 1 1 1 1 1 1 1 1 1 1 1 1 1 1 1 1 1 1 1 1 1 1 1 1 1 1 100 1 1 1 1 1 1 1 1 1 1 1 1 1 1 1 1 1 1 1 1 1 1 1 1 1 1 1 1 100 1 1 1 1 1 1 1 100 1 1 1
staticfield java/lang/invoke/MethodHandleNatives JLA Ljdk/internal/access/JavaLangAccess; java/lang/System$2
staticfield java/lang/invoke/MethodHandleNatives $assertionsDisabled Z 1
ciInstanceKlass jdk/internal/reflect/ConstantPool 1 1 142 10 100 12 1 1 1 9 7 12 1 1 1 10 12 1 1 10 12 1 1 10 12 1 10 12 1 1 10 12 1 1 10 12 1 10 12 1 1 10 12 1 10 12 1 1 10 12 1 10 12 1 10 12 1 10 12 1 1 10 12 1 1 10 12 1 1 10 12 1 1 10 12 1 10 12 1 1 10 100 12 1 1 1 8 11 7 12 1 1 1 10 7 12 1 1 1 1 1 1 1 1 1 1 1 1 1 1 1 1 1 1 1 1 1 1 1 1 1 1 1 1 1 1 1 1 1 1 1 1 1 1 1 1 1 1 1 1 1 1 1 1
instanceKlass jdk/internal/reflect/UnsafeQualifiedStaticFieldAccessorImpl
instanceKlass jdk/internal/reflect/UnsafeStaticObjectFieldAccessorImpl
ciInstanceKlass jdk/internal/reflect/UnsafeStaticFieldAccessorImpl 1 1 47 10 7 12 1 1 1 9 7 12 1 1 1 10 7 12 1 1 1 9 12 1 1 8 11 7 12 1 1 1 10 7 12 1 1 1 1 1 1 1 1 1 1 1 1 1 1
instanceKlass jdk/internal/reflect/UnsafeFieldAccessorImpl
ciInstanceKlass jdk/internal/reflect/FieldAccessorImpl 1 1 59 10 7 12 1 1 1 100 1 100 1 1 1 1 1 1 1 1 1 100 1 1 1 1 1 1 1 1 1 1 1 1 1 1 1 1 1 1 1 100 1 1 1 1 1 1 1 1 1 1 1 1 1 1 1 1 1 1 1
instanceKlass jdk/internal/reflect/UnsafeObjectFieldAccessorImpl
instanceKlass jdk/internal/reflect/UnsafeStaticFieldAccessorImpl
ciInstanceKlass jdk/internal/reflect/UnsafeFieldAccessorImpl 1 1 254 10 7 12 1 1 1 9 7 12 1 1 1 10 7 12 1 1 1 10 7 12 1 1 1 9 12 1 1 10 7 12 1 1 1 9 12 1 1 10 12 1 10 12 1 9 12 1 10 12 1 1 10 7 12 1 1 10 7 12 1 1 1 10 12 1 1 100 1 10 10 12 1 1 10 12 1 1 8 1 10 10 12 1 100 1 8 1 10 12 1 8 1 10 12 1 8 1 10 12 1 100 1 10 12 1 1 10 8 1 10 12 1 1 8 1 10 100 12 1 1 8 1 10 100 12 1 1 8 1 10 100 12 1 1 8 1 10 100 12 1 1 8 1 10 100 12 1 1 8 1 10 100 12 1 1 8 1 10 100 12 1 1 8 1 10 100 12 1 1 10 12 1 1 8 1 8 1 8 1 8 1 8 1 8 1 10 100 12 1 1 1 8 1 8 1 8 1 10 12 10 12 1 1 1 1 1 1 1 1 1 1 1 1 1 1 1 1 1 1 1 1 1 1 1 1 1 1 1 1 1 1 1 1 1 1 1 1 1 1 1 1 1 1 1 1 1 1 1 1 1 1 1 1
staticfield jdk/internal/reflect/UnsafeFieldAccessorImpl unsafe Ljdk/internal/misc/Unsafe; jdk/internal/misc/Unsafe
ciInstanceKlass java/lang/invoke/ConstantCallSite 1 1 65 10 7 12 1 1 1 9 7 12 1 1 1 9 12 1 1 10 7 12 1 1 1 10 12 1 100 1 10 12 9 12 1 1 100 1 10 10 12 1 1 10 12 1 1 1 1 1 1 1 1 1 1 1 1 1 100 1 1 1 1 1 1 1 1
staticfield java/lang/invoke/ConstantCallSite UNSAFE Ljdk/internal/misc/Unsafe; jdk/internal/misc/Unsafe
ciInstanceKlass java/lang/invoke/MutableCallSite 0 0 63 10 100 12 1 1 1 10 12 1 9 100 12 1 1 1 10 12 1 10 12 1 1 9 12 1 1 10 100 12 1 1 1 10 100 12 1 1 1 10 12 1 1 1 1 1 1 1 1 1 1 1 1 1 1 1 1 1 1 100 1 1 1
instanceKlass java/lang/invoke/VarHandleReferences$Array
instanceKlass java/lang/invoke/VarHandleLongs$Array
instanceKlass java/lang/invoke/VarHandleReferences$FieldStaticReadOnly
instanceKlass java/lang/invoke/VarHandleInts$FieldStaticReadOnly
instanceKlass java/lang/invoke/VarHandleLongs$FieldInstanceReadOnly
instanceKlass java/lang/invoke/VarHandleByteArrayAsLongs$ByteArrayViewVarHandle
instanceKlass java/lang/invoke/VarHandleByteArrayAsInts$ByteArrayViewVarHandle
instanceKlass java/lang/invoke/VarHandleInts$FieldInstanceReadOnly
instanceKlass java/lang/invoke/VarHandleReferences$FieldInstanceReadOnly
ciInstanceKlass java/lang/invoke/VarHandle 1 1 390 10 7 12 1 1 1 10 7 12 1 1 9 12 1 1 9 12 1 1 100 1 10 8 1 10 12 1 1 10 7 12 1 1 1 10 12 1 1 10 100 12 1 1 1 9 100 12 1 1 1 10 12 1 1 10 100 12 1 1 1 10 12 1 1 9 12 1 10 12 1 9 12 1 1 10 7 12 1 1 10 12 1 9 7 12 1 1 1 9 12 1 1 10 12 1 1 100 1 100 1 10 8 1 10 12 1 1 10 12 1 8 1 10 12 1 10 12 1 10 12 1 1 9 7 12 1 1 1 10 12 1 10 12 1 1 10 12 1 10 10 100 12 1 1 1 10 12 1 1 10 12 1 1 10 100 12 1 1 1 10 100 12 1 1 1 10 100 12 1 1 1 9 12 1 1 10 9 12 1 1 10 12 1 10 12 1 10 12 1 1 10 12 1 10 100 12 1 1 1 9 12 1 1 10 12 1 1 9 12 1 10 12 1 10 12 1 10 100 12 1 1 100 1 10 9 7 12 1 1 1 9 12 1 1 10 7 12 1 1 1 10 12 1 10 12 1 10 12 1 10 12 1 10 12 1 10 12 1 1 7 1 10 10 7 12 1 1 1 9 12 1 1 8 10 12 1 1 7 1 10 12 1 1 100 1 1 1 1 1 1 1 1 1 1 1 1 1 1 1 1 1 1 1 1 1 1 1 1 1 1 1 1 1 1 1 1 1 1 1 1 1 1 1 1 1 1 1 1 1 1 1 1 1 1 1 1 1 1 1 1 1 1 1 1 1 1 1 1 1 1 1 1 1 1 1 1 1 1 1 1 1 1 1 1 1 1 1 1 1 1 1 1 1 100 1 100 1 100 1 1 1 1 1 1 1 100 1 1 1
staticfield java/lang/invoke/VarHandle AIOOBE_SUPPLIER Ljava/util/function/BiFunction; jdk/internal/util/Preconditions$1
staticfield java/lang/invoke/VarHandle VFORM_OFFSET J 16
staticfield java/lang/invoke/VarHandle $assertionsDisabled Z 1
ciInstanceKlass java/lang/invoke/MemberName 1 1 757 7 1 7 1 100 1 9 12 1 1 10 7 12 1 1 1 9 12 1 1 10 12 1 1 10 12 1 1 10 12 1 1 10 12 1 10 12 1 1 10 7 12 1 1 1 10 12 1 9 100 12 1 1 10 12 1 100 1 100 1 10 12 1 8 1 10 12 1 1 10 12 1 10 12 1 1 10 12 1 9 12 1 1 8 1 10 100 12 1 1 1 7 1 10 10 12 1 1 100 1 100 1 10 12 1 1 9 12 1 1 100 1 8 1 10 12 1 10 12 1 10 12 1 10 12 1 10 12 1 1 10 12 1 10 12 1 10 12 1 1 10 12 1 1 10 12 1 8 1 8 1 8 1 10 100 12 1 1 1 10 12 1 9 12 1 1 3 10 12 1 10 12 1 10 12 1 10 10 7 12 1 1 1 10 12 1 10 12 1 10 12 1 10 12 1 7 1 8 10 12 1 1 10 12 1 1 8 1 9 100 1 8 9 100 1 10 12 1 1 10 12 1 10 12 1 8 1 10 12 1 1 10 12 1 10 12 1 10 12 1 10 12 1 1 100 1 10 12 1 1 10 12 1 8 1 10 12 1 10 12 1 8 1 10 12 1 1 10 12 1 1 7 1 10 12 1 1 10 12 8 1 8 1 100 1 10 12 1 10 100 12 1 1 1 100 1 10 12 10 12 1 10 12 1 10 12 1 10 12 1 10 10 12 1 10 12 1 10 12 1 3 10 12 1 3 10 12 1 3 3 3 3 3 3 3 100 1 10 12 1 10 7 12 1 1 1 10 12 1 3 9 12 1 10 12 1 1 3 10 12 1 10 10 7 12 1 1 1 10 12 1 1 10 7 1 10 10 12 1 10 12 1 10 12 1 10 10 12 1 1 10 12 1 10 12 1 10 12 1 100 1 10 10 10 12 100 1 10 10 10 12 1 1 10 12 1 1 10 10 12 1 8 10 100 1 10 12 1 10 100 1 10 12 1 10 12 1 10 12 1 10 10 12 1 10 12 1 1 10 12 1 1 10 12 1 10 12 1 10 12 1 100 1 10 12 1 1 100 1 8 1 10 7 1 10 12 1 10 12 10 12 1 1 10 12 1 10 12 1 8 1 8 1 8 1 8 1 10 12 1 10 12 1 10 12 1 1 8 1 8 1 10 12 1 8 1 10 10 12 1 10 12 1 8 1 8 1 10 10 12 1 8 1 10 100 12 1 1 1 8 1 10 12 1 10 12 1 1 10 12 1 8 1 8 1 8 1 8 1 100 1 10 8 1 8 1 8 1 8 1 10 12 1 100 1 100 1 100 1 10 100 1 10 100 1 10 100 12 1 1 1 9 7 12 1 1 1 100 1 100 1 1 1 1 1 1 1 3 1 3 1 3 1 3 1 3 1 3 1 1 1 1 1 1 1 1 3 1 3 1 1 1 1 3 1 1 1 1 1 1 1 1 1 1 1 1 1 1 1 1 1 1 1 1 1 1 1 1 1 1 1 1 1 1 1 1 1 1 1 1 1 1 1 1 1 1 1 1 1 1 1 1 1 1 1 1 1 1 1 1 1 1 1 1 1 1 1 1 1 1 1 1 1 1 1 1 1 1 1 1 1 1 1 1 1 1 1 1 1 1 1 1 1 1 1 1 1 1 1 1 1 1 1 1 1 1 1 1 1 1 100 1 1 1 1 1 1 1 1 1 1 1 1 1 1 1
staticfield java/lang/invoke/MemberName $assertionsDisabled Z 1
ciInstanceKlass java/lang/invoke/ResolvedMethodName 1 1 16 10 100 12 1 1 1 100 1 1 1 1 1 1 1 1
ciInstanceKlass java/lang/StackWalker 1 1 235 9 7 12 1 1 1 10 7 12 1 1 1 7 1 10 7 12 1 1 1 10 12 1 1 11 7 12 1 1 1 10 12 1 1 10 12 1 1 10 12 1 1 100 1 8 1 10 12 1 10 12 1 10 12 1 10 7 12 1 1 9 12 1 1 9 12 1 1 9 12 1 1 9 12 1 1 10 12 1 1 9 12 1 1 10 7 12 1 1 1 11 12 1 1 100 1 8 1 10 10 100 12 1 1 9 12 1 1 10 12 1 1 10 7 12 1 1 1 10 7 12 1 1 1 18 12 1 1 100 1 8 1 10 10 12 1 1 10 7 12 1 1 1 9 7 12 1 1 11 100 12 1 1 1 10 12 1 1 1 1 1 1 1 1 1 1 1 1 1 1 1 1 1 1 1 1 1 1 1 1 1 1 1 1 1 1 1 1 1 1 1 1 1 1 1 1 1 1 1 1 1 1 1 1 1 1 1 100 1 1 15 10 100 12 1 1 1 16 15 10 12 16 1 1 1 1 1 1 1 100 1 100 1 1
staticfield java/lang/StackWalker DEFAULT_EMPTY_OPTION Ljava/util/EnumSet; java/util/RegularEnumSet
staticfield java/lang/StackWalker DEFAULT_WALKER Ljava/lang/StackWalker; java/lang/StackWalker
instanceKlass java/lang/StackStreamFactory$CallerClassFinder
instanceKlass java/lang/StackStreamFactory$StackFrameTraverser
ciInstanceKlass java/lang/StackStreamFactory$AbstractStackWalker 1 1 306 7 1 100 1 3 10 7 12 1 1 1 10 7 12 1 1 10 7 12 1 1 1 9 12 1 1 10 12 1 1 9 12 1 1 9 12 1 1 9 12 1 1 9 12 1 9 7 12 1 1 1 10 7 12 1 1 1 10 12 1 1 9 12 1 1 10 7 12 1 1 1 10 12 1 1 9 12 1 1 9 100 12 1 1 1 100 1 10 8 1 10 12 1 1 10 12 1 8 1 10 12 1 1 10 100 12 1 1 1 100 1 8 1 10 12 1 8 1 10 12 9 7 12 1 1 1 10 7 12 1 1 9 12 1 8 1 5 0 8 1 8 1 9 12 1 1 10 12 1 1 10 12 1 1 10 12 1 9 12 1 10 12 1 10 12 1 10 12 1 10 12 1 1 10 12 1 10 12 1 1 8 1 10 12 1 10 12 1 10 12 1 10 12 1 1 8 1 10 12 1 1 10 12 1 1 10 12 1 1 10 12 1 10 12 1 10 7 12 1 1 1 9 12 1 8 1 10 12 1 10 12 1 10 12 1 10 12 1 10 12 1 10 12 1 10 12 1 1 10 12 1 1 10 12 1 1 10 12 1 8 1 1 1 1 1 1 1 1 1 1 1 1 1 1 1 1 1 1 100 1 1 1 1 100 1 1 1 1 1 1 1 1 1 1 1 1 1 1 1 1 1 1 1 1 1
ciInstanceKlass jdk/internal/module/Modules 1 1 504 10 100 12 1 1 1 9 7 12 1 1 1 11 7 12 1 1 1 11 12 1 1 11 12 1 1 11 12 1 1 11 12 1 11 12 1 11 12 1 11 12 1 11 12 1 1 10 100 12 1 1 1 10 100 12 1 1 1 18 12 1 1 10 100 12 1 1 1 100 1 10 100 12 1 1 1 10 100 12 1 1 1 10 100 12 1 1 10 12 1 1 11 12 1 9 12 1 1 11 7 12 1 1 1 10 12 1 1 10 10 12 1 10 9 12 1 1 10 7 12 1 1 10 12 1 1 10 100 12 1 1 100 1 11 100 12 1 1 1 10 100 12 1 1 1 11 100 12 1 1 10 12 1 1 10 100 12 1 1 10 100 12 1 1 1 10 12 1 1 10 12 1 1 11 12 1 1 18 12 1 1 11 100 12 1 1 10 100 12 1 1 1 11 100 12 1 1 1 100 1 11 12 1 1 11 100 12 1 1 1 11 12 1 1 10 12 1 1 10 100 12 1 1 18 12 1 1 11 12 1 1 18 12 1 1 11 12 1 1 10 12 1 18 18 10 12 1 1 9 12 1 1 11 100 12 1 1 1 100 1 10 11 12 1 11 12 1 1 11 12 1 1 10 100 1 10 12 1 1 10 100 12 1 1 10 12 1 1 11 12 10 12 1 1 100 1 10 18 12 1 10 12 1 1 100 1 8 1 10 12 1 10 100 12 1 1 18 12 1 11 11 12 10 12 1 10 10 100 1 18 12 1 10 10 10 7 12 1 1 10 7 12 1 1 1 10 12 1 1 1 1 1 1 1 1 1 1 1 1 1 1 1 1 1 1 1 1 1 1 1 1 1 1 1 1 1 1 1 1 1 100 1 1 1 1 1 1 1 1 1 1 1 1 1 1 1 1 1 1 1 1 1 1 1 1 1 1 1 1 1 1 1 1 1 1 1 100 1 1 1 1 1 1 1 1 1 1 1 1 1 1 1 1 1 1 1 1 1 1 1 15 10 100 12 1 1 1 16 15 10 12 1 16 16 15 10 12 1 16 1 16 1 15 10 12 1 16 1 16 1 15 10 12 16 1 15 10 16 1 15 10 12 16 1 15 10 12 16 15 10 12 16 15 10 12 1 1 1 100 1 100 1 1
staticfield jdk/internal/module/Modules JLA Ljdk/internal/access/JavaLangAccess; java/lang/System$2
staticfield jdk/internal/module/Modules JLMA Ljdk/internal/access/JavaLangModuleAccess; java/lang/module/ModuleDescriptor$1
staticfield jdk/internal/module/Modules $assertionsDisabled Z 1
ciInstanceKlass java/lang/invoke/Invokers$Holder 1 1 99 1 100 1 100 1 1 1 1 1 1 1 7 1 7 1 7 1 1 12 10 1 1 12 10 1 1 12 10 1 1 100 1 1 12 9 1 1 1 12 10 1 1 1 12 10 1 1 12 10 1 1 1 12 10 1 1 100 1 1 12 10 1 1 12 10 1 1 12 10 1 12 10 1 1 12 10 1 1 12 10 1 12 10 1 12 10 12 10 1 1 12 10 1 12 10 1 1 1
ciMethod java/lang/invoke/Invokers$Holder linkToTargetMethod (Ljava/lang/Object;)Ljava/lang/Object; 512 0 78893 0 -1
ciInstanceKlass java/util/function/BiFunction 1 1 65 10 100 12 1 1 1 18 12 1 1 11 100 12 1 1 11 100 12 1 100 1 1 1 1 1 1 1 1 1 1 1 1 1 1 1 1 1 1 1 1 1 1 1 1 1 1 1 15 10 100 12 1 1 1 16 15 11 12 1 100 1 100 1 1
ciInstanceKlass java/util/Arrays$ArrayList 1 1 149 10 7 12 1 1 1 10 7 12 1 1 1 7 1 9 7 12 1 1 10 7 12 1 1 1 10 12 1 1 10 7 12 1 1 1 10 100 12 1 1 1 10 12 1 1 10 12 1 1 100 1 10 7 12 1 1 1 11 100 12 1 1 1 11 100 12 1 1 10 12 1 1 7 1 10 12 1 100 1 100 1 1 1 1 5 0 1 1 1 1 1 1 1 1 1 1 1 1 1 1 1 1 1 1 1 1 1 1 1 1 1 1 1 1 1 1 1 1 1 1 1 1 1 1 1 1 1 1 1 1 1 1 1 1 1 1 1 1 1 1 1 1 1 1 1 1 1 1
ciInstanceKlass java/util/Collections$EmptyList 1 1 150 10 7 12 1 1 1 10 7 12 1 1 1 10 12 1 1 11 100 12 1 1 1 7 1 100 1 100 1 10 8 1 10 12 1 1 10 12 1 10 12 1 1 10 12 1 7 1 11 10 7 12 1 1 1 10 7 12 1 1 1 9 12 1 1 100 1 100 1 100 1 1 1 1 5 0 1 1 1 1 1 1 1 1 1 1 1 1 1 1 1 1 1 1 1 1 1 1 1 1 1 1 1 1 1 1 1 1 1 1 1 1 1 1 1 1 1 1 1 1 1 1 1 1 1 1 1 1 1 1 1 1 1 1 1 1 1 1 1 1 1 1 1 1 1 1 1 1 1 1
ciMethod java/util/Collections$EmptyList isEmpty ()Z 270 0 135 0 0
ciMethod java/util/Collections$EmptyList size ()I 268 0 134 0 0
ciMethod java/util/Arrays$ArrayList get (I)Ljava/lang/Object; 768 0 1561 0 128
instanceKlass java/util/Collections$UnmodifiableList
instanceKlass java/util/Collections$UnmodifiableSet
ciInstanceKlass java/util/Collections$UnmodifiableCollection 1 1 136 10 7 12 1 1 1 100 1 10 9 7 12 1 1 1 11 7 12 1 1 1 11 12 1 1 11 12 1 1 11 12 1 1 11 12 1 11 12 1 10 12 1 1 7 1 10 12 1 100 1 10 11 12 1 1 11 12 1 1 11 12 1 1 11 12 1 1 11 12 1 100 1 1 1 1 5 0 1 1 1 1 1 1 1 1 1 1 1 1 1 1 1 1 1 1 1 1 1 1 1 1 1 1 1 1 1 1 1 1 1 1 1 1 1 1 1 1 1 1 1 1 1 1 1 1 1 1 1 1 1 1 100 1 1 1
instanceKlass java/util/Collections$UnmodifiableRandomAccessList
ciInstanceKlass java/util/Collections$UnmodifiableList 1 1 127 10 7 12 1 1 1 9 7 12 1 1 1 11 7 12 1 1 1 11 12 1 1 11 12 1 1 100 1 10 12 1 11 12 1 1 11 12 1 10 12 1 1 100 1 10 12 1 11 12 1 1 10 12 1 100 1 100 1 10 1 1 1 5 0 1 1 1 1 1 1 1 1 1 1 1 1 1 1 1 1 1 1 1 1 1 1 1 1 1 1 1 1 1 1 1 1 1 1 1 1 1 1 1 1 1 1 1 1 1 1 1 1 1 1 100 1 1 1 1 1 100 1 1 1 1 1
ciInstanceKlass java/util/Collections$UnmodifiableRandomAccessList 1 1 52 10 7 12 1 1 1 100 1 9 12 1 1 11 100 12 1 1 1 10 100 1 1 1 1 5 0 1 1 1 1 1 1 1 1 1 1 1 1 1 1 1 1 1 1 1 1 100 1 1 1 1
ciMethod java/util/Collections$UnmodifiableList get (I)Ljava/lang/Object; 1024 0 7620 0 288
ciMethod jdk/internal/util/Preconditions checkIndex (IILjava/util/function/BiFunction;)I 706 0 401673 0 -1
ciMethod java/util/List get (I)Ljava/lang/Object; 0 0 1 0 -1
ciMethod java/util/List isEmpty ()Z 0 0 1 0 -1
ciMethod java/util/List size ()I 0 0 1 0 -1
ciMethod java/util/Collections emptyList ()Ljava/util/List; 442 0 11057 0 -1
ciMethod java/lang/Math min (FF)F 514 0 6599 0 -1
ciMethod java/lang/Math abs (F)F 1024 0 32323 0 -1
ciMethod java/lang/Thread currentThread ()Ljava/lang/Thread; 512 0 256 0 -1
ciMethod java/lang/String indexOf (I)I 532 0 123289 0 -1
ciMethod java/lang/String endsWith (Ljava/lang/String;)Z 512 0 31810 0 -1
ciMethod java/util/ArrayList get (I)Ljava/lang/Object; 706 0 50210 0 192
ciMethod java/util/ArrayList elementData (I)Ljava/lang/Object; 706 0 63082 0 128
ciMethod java/security/AccessController doPrivileged (Ljava/security/PrivilegedAction;)Ljava/lang/Object; 98 0 4771 0 -1
ciMethod java/lang/Class getDeclaredConstructor ([Ljava/lang/Class;)Ljava/lang/reflect/Constructor; 768 0 640 7 -1
ciMethod java/lang/Class getClassLoader ()Ljava/lang/ClassLoader; 512 0 32916 0 -1
ciMethod java/lang/Class isAssignableFrom (Ljava/lang/Class;)Z 768 0 384 0 -1
ciMethod java/lang/Class forName (Ljava/lang/String;ZLjava/lang/ClassLoader;)Ljava/lang/Class; 524 0 5385 11 -1
instanceKlass com/sun/javafx/tk/quantum/QuantumToolkit
ciInstanceKlass com/sun/javafx/tk/Toolkit 1 1 847 7 1 8 1 10 7 12 1 1 1 8 1 8 1 9 12 1 1 10 7 12 1 1 1 7 1 9 12 1 1 9 7 12 1 1 1 10 12 1 1 18 12 1 1 10 100 12 1 1 10 7 12 1 1 1 10 12 1 10 12 1 10 12 1 10 12 1 100 1 8 1 10 12 1 1 18 12 10 12 1 9 12 1 1 18 12 1 1 10 7 12 1 1 1 10 12 1 1 8 1 100 1 9 12 1 1 10 12 1 1 10 12 1 1 10 12 1 8 1 10 12 1 10 7 12 1 1 1 10 12 1 1 100 1 10 7 12 1 1 1 10 12 1 10 12 1 1 100 1 18 10 10 12 1 1 7 1 10 7 12 1 1 1 10 12 1 18 100 1 10 12 1 100 1 8 1 10 9 12 1 1 100 1 8 1 10 10 12 1 10 12 1 18 10 12 7 1 10 9 12 1 1 9 12 1 9 12 1 9 12 1 7 1 10 9 12 1 1 9 12 1 1 9 12 1 1 9 12 1 1 8 1 18 12 1 10 12 1 11 7 12 1 1 1 11 12 1 1 11 7 12 1 1 1 11 7 12 1 1 11 12 1 1 7 1 11 12 1 7 1 11 12 1 7 1 10 12 1 1 10 12 1 1 11 12 1 1 11 12 1 1 11 12 1 1 11 12 100 1 10 12 1 11 12 1 11 7 1 100 1 11 12 7 1 18 12 1 11 12 1 11 12 1 11 12 1 1 11 12 1 1 7 1 10 12 1 1 10 7 12 1 1 10 12 1 1 11 100 12 1 1 1 9 12 1 11 12 10 7 12 1 1 1 10 12 1 1 10 12 1 1 10 100 1 10 12 1 1 10 12 1 1 10 12 1 10 12 100 1 10 12 1 1 100 1 10 7 1 10 12 1 1 10 12 1 10 12 1 10 12 1 10 12 1 9 7 12 1 1 1 10 7 12 1 1 9 7 12 1 1 1 9 12 1 9 12 1 9 12 1 9 7 12 1 1 1 9 12 1 9 12 1 1 9 12 1 1 9 12 1 1 11 12 1 1 11 12 1 10 7 12 1 1 8 1 10 7 12 1 1 10 12 1 18 10 12 1 8 1 8 1 8 1 8 1 8 1 8 1 8 1 8 1 8 1 8 1 8 1 8 1 8 1 8 1 8 1 8 1 8 1 8 1 8 1 8 1 8 1 8 1 8 1 8 1 8 1 8 1 8 1 8 1 8 1 8 1 8 1 8 1 8 1 8 1 8 1 8 1 8 1 8 1 8 1 8 1 8 1 8 1 8 1 8 1 8 1 8 1 8 1 7 1 10 7 12 1 1 1 1 1 1 1 1 1 1 1 1 1 100 1 1 1 1 1 1 1 1 1 1 1 1 1 1 1 1 1 1 1 1 1 1 1 1 1 1 1 1 1 1 1 1 1 1 1 1 1 1 1 1 1 1 1 1 1 1 1 1 1 1 1 1 1 1 1 1 1 1 1 1 1 1 1 1 1 1 1 1 1 1 1 1 1 1 1 1 1 1 1 1 1 1 1 1 1 1 1 1 1 1 1 1 1 1 1 1 1 1 1 1 1 1 1 1 1 1 1 1 1 1 1 1 1 1 1 1 1 1 1 1 1 1 1 1 1 1 1 1 1 1 1 1 1 1 1 1 1 1 1 1 1 1 1 1 1 1 1 1 1 1 1 1 1 1 1 1 1 1 1 1 1 1 1 1 1 1 1 1 1 1 1 1 1 100 1 100 1 100 1 100 1 1 15 10 100 12 1 1 8 1 8 1 15 10 7 12 1 1 1 16 15 10 12 8 1 8 1 8 1 15 10 12 16 1 15 10 12 15 10 12 16 1 1 1 100 1 1 1 1 1 1 100 1 100 1 1 100 1 100 1 1 100 1 100 1 1
staticfield com/sun/javafx/tk/Toolkit gradientMap Ljava/util/Map; java/util/WeakHashMap
staticfield com/sun/javafx/tk/Toolkit verbose Z 0
staticfield com/sun/javafx/tk/Toolkit msLibNames [Ljava/lang/String; 47 [Ljava/lang/String;
ciInstanceKlass com/sun/javafx/tk/quantum/QuantumToolkit 1 1 1866 10 7 12 1 1 1 7 1 10 12 1 9 7 12 1 1 1 7 1 10 12 1 9 12 1 1 9 12 1 9 12 1 9 12 1 1 7 1 10 12 1 9 12 1 1 9 7 12 1 1 1 10 12 1 1 10 12 1 1 9 12 1 9 12 1 9 12 1 1 9 12 1 1 9 12 1 9 12 1 1 9 12 1 1 9 12 1 1 7 1 10 9 12 1 1 7 1 10 10 7 12 1 1 1 9 12 1 1 7 1 10 9 12 1 1 10 7 12 1 1 1 9 12 1 1 10 7 12 1 1 1 9 12 1 1 10 7 12 1 1 1 9 12 1 1 7 1 8 1 10 12 1 18 12 1 1 10 7 12 1 1 1 100 1 10 7 12 1 1 1 10 12 1 1 9 12 1 1 9 12 1 1 18 12 1 10 7 12 1 1 100 1 9 12 1 10 12 1 7 1 10 10 12 1 10 12 1 100 1 10 9 12 1 10 7 12 1 1 1 10 12 1 1 8 1 10 12 1 1 10 12 1 1 10 12 1 1 10 12 1 10 12 1 18 9 12 1 18 9 12 1 10 12 1 1 10 12 1 1 7 1 10 12 1 10 12 1 1 10 12 1 10 12 1 10 12 1 10 12 1 1 10 7 12 1 1 1 10 7 12 1 1 10 7 12 1 1 1 10 12 9 7 1 9 7 12 1 1 1 9 12 1 10 12 1 18 12 1 1 10 100 12 1 1 8 1 10 7 12 1 1 10 12 1 9 7 12 1 1 1 10 7 12 1 1 10 12 1 11 7 12 1 1 1 10 12 1 18 12 1 10 12 1 10 12 1 10 12 1 10 12 1 9 12 1 10 100 12 1 1 1 100 1 10 12 1 1 10 7 12 1 1 11 100 12 1 1 1 9 12 1 10 12 10 12 1 1 10 12 10 10 12 1 10 12 1 9 12 1 10 12 1 1 10 12 1 1 18 12 1 10 12 1 18 10 12 1 5 0 10 12 1 18 18 10 12 1 8 1 8 1 8 1 8 1 8 1 8 1 8 1 8 1 18 12 1 10 12 1 18 12 1 10 12 1 10 12 1 10 12 9 7 12 1 1 10 12 1 10 12 1 10 9 12 1 1 11 7 1 10 12 1 10 12 1 10 12 18 10 12 1 10 12 1 7 1 10 12 1 10 12 1 1 10 12 1 10 12 1 10 12 1 1 10 100 1 10 10 12 1 100 1 8 1 10 12 10 12 1 1 100 1 10 7 12 1 1 1 18 12 1 10 10 12 1 1 10 12 1 1 10 100 12 1 1 10 12 1 10 12 1 18 10 12 1 10 12 1 10 12 1 1 10 12 1 1 11 100 12 1 1 1 11 7 12 1 1 11 12 1 10 12 1 10 12 1 10 12 1 100 1 10 12 1 10 7 1 10 12 1 10 12 1 9 12 1 1 10 12 1 1 11 7 1 10 12 1 1 10 12 1 11 100 12 1 1 10 12 1 1 9 12 1 1 10 10 12 1 1 10 100 12 1 1 1 10 12 1 100 1 10 12 1 10 12 1 10 12 1 100 1 10 12 1 10 12 1 10 12 1 10 12 1 10 12 1 18 12 1 10 12 1 1 10 12 1 10 12 1 10 12 1 1 10 12 1 18 10 100 12 1 1 1 9 100 12 1 1 1 10 12 1 1 9 12 1 1 10 12 1 9 12 1 1 10 7 12 1 1 11 100 12 1 1 7 1 10 7 12 1 1 10 12 1 10 12 1 10 12 1 10 12 1 10 12 1 1 11 7 12 1 1 1 7 1 11 12 1 10 7 1 7 1 10 12 1 1 10 12 1 1 10 12 1 10 12 1 11 12 1 100 1 10 7 12 1 1 1 9 7 12 1 1 1 9 12 1 10 12 1 10 12 1 1 7 1 10 12 1 10 12 1 10 12 1 10 12 1 10 12 1 10 12 1 10 100 12 1 1 10 12 1 10 12 1 10 12 1 10 10 100 1 10 12 1 10 10 12 1 10 100 12 1 1 1 9 12 1 1 100 1 10 12 1 1 11 100 12 1 1 1 100 1 10 12 1 10 12 1 10 12 1 10 12 1 10 11 12 1 1 10 12 1 9 7 12 1 1 1 7 1 9 12 1 9 7 12 1 1 1 9 12 1 9 7 12 1 1 1 9 12 1 9 12 1 1 10 12 1 10 12 1 100 1 10 12 1 1 10 7 12 1 1 10 12 1 1 10 12 1 1 10 7 12 1 1 10 12 1 1 10 100 12 1 1 1 10 12 1 10 12 1 1 10 100 12 1 1 1 100 1 10 10 12 1 1 100 1 10 12 1 100 1 10 10 12 1 10 12 1 10 12 1 1 100 1 9 12 1 9 12 1 10 12 1 100 1 100 1 10 100 1 9 12 1 9 12 1 10 12 1 100 1 9 12 1 9 12 1 10 12 1 100 1 10 18 12 1 10 12 11 12 1 1 100 1 10 100 12 1 1 1 10 100 12 1 1 1 10 12 1 10 7 12 1 1 10 7 12 1 1 10 7 12 1 1 1 10 7 12 1 1 1 9 7 12 1 1 1 7 1 10 10 12 1 10 12 1 10 12 1 10 12 1 10 12 1 10 12 1 1 9 100 12 1 1 1 10 12 1 1 100 1 10 12 1 10 12 1 10 12 1 3 9 12 1 100 1 10 12 1 10 12 1 10 10 12 1 9 12 1 10 9 7 12 1 1 1 10 7 12 1 1 10 12 1 10 12 1 10 12 1 10 12 1 10 12 1 10 12 1 10 12 1 10 12 1 10 12 1 10 12 1 10 12 1 9 12 1 10 10 12 1 1 10 12 1 1 9 100 12 1 1 1 9 12 1 9 12 1 9 12 1 1 100 1 100 1 8 1 10 10 100 12 1 1 1 8 1 10 12 1 1 10 100 12 1 1 1 10 12 1 1 10 12 1 10 12 1 9 12 1 100 1 10 10 12 1 1 10 12 1 1 10 12 1 1 100 1 10 12 1 100 1 10 12 1 100 1 8 1 10 10 12 1 1 10 12 1 1 9 100 12 1 1 1 9 12 1 100 1 100 1 10 12 1 10 12 18 12 1 10 12 1 1 10 12 1 10 12 1 1 10 12 1 1 9 100 12 1 1 1 100 1 9 12 1 10 12 1 11 12 1 1 10 100 12 1 1 1 10 12 1 10 12 1 1 10 12 1 1 100 1 100 1 10 12 1 10 12 1 10 12 1 10 100 12 1 1 1 10 7 12 1 1 10 12 1 10 12 1 10 12 1 10 12 1 1 10 12 1 1 10 7 12 1 1 1 10 12 1 1 10 12 1 11 100 1 10 12 1 10 12 1 10 12 1 8 1 10 7 12 1 1 1 10 12 1 10 12 1 9 12 1 8 1 8 1 8 1 8 1 8 1 10 12 1 10 12 1 10 7 12 1 1 8 1 8 1 8 1 10 12 1 10 12 1 8 1 8 1 10 12 1 1 8 1 8 1 10 12 1 8 1 8 1 8 1 8 1 10 7 12 1 1 18 12 1 18 9 12 1 18 18 18 18 9 12 1 18 9 12 1 18 18 7 1 10 10 1 3 1 1 1 1 1 1 1 1 1 1 100 1 1 1 1 1 1 1 1 1 1 1 1 1 1 1 1 1 1 1 1 1 1 1 1 1 1 1 1 1 1 1 1 1 1 1 1 1 1 1 1 1 1 1 1 1 1 1 1 1 1 1 1 1 1 1 1 1 1 1 1 1 1 1 1 1 1 1 1 1 1 1 1 1 1 1 1 1 1 1 1 1 1 1 1 1 1 1 1 1 1 1 1 1 1 1 1 1 1 1 1 1 1 1 1 100 1 100 1 100 1 100 1 1 1 1 100 1 1 1 1 1 1 1 1 1 1 1 1 1 1 1 1 1 1 1 1 1 1 1 1 1 1 1 1 1 1 1 15 10 7 12 1 1 1 16 15 10 12 16 16 15 10 12 15 10 12 15 10 12 15 10 100 12 1 1 8 1 15 10 12 8 1 8 1 8 1 8 1 8 1 8 1 8 1 8 1 8 1 15 10 12 15 10 12 8 1 16 15 10 12 15 10 12 16 15 10 12 15 10 12 15 10 12 15 10 12 16 15 10 12 15 10 12 15 10 12 15 10 12 1 1 100 1 1 100 1 1 1 1 1 1 1 1 1 1 1 100 1 100 1 100 1 1
staticfield com/sun/javafx/tk/quantum/QuantumToolkit verbose Z 0
staticfield com/sun/javafx/tk/quantum/QuantumToolkit pulseDebug Z 0
staticfield com/sun/javafx/tk/quantum/QuantumToolkit multithreaded Z 1
staticfield com/sun/javafx/tk/quantum/QuantumToolkit liveResize Z 1
staticfield com/sun/javafx/tk/quantum/QuantumToolkit drawInPaint Z 0
staticfield com/sun/javafx/tk/quantum/QuantumToolkit $assertionsDisabled Z 1
ciInstanceKlass com/sun/javafx/PlatformUtil 1 1 399 10 100 12 1 1 1 9 7 12 1 1 1 10 7 12 1 1 1 100 1 9 12 1 1 9 12 1 9 12 1 9 12 1 9 12 1 9 12 1 9 12 1 18 12 1 1 10 7 12 1 1 1 7 1 8 1 10 12 1 1 9 12 1 9 12 1 9 12 1 9 12 1 9 12 1 100 1 10 100 1 10 12 1 10 12 1 1 10 100 12 1 1 100 1 10 12 1 9 12 1 8 1 10 12 1 1 18 12 1 10 12 1 1 10 12 1 1 11 100 12 1 1 1 11 100 12 1 1 1 11 12 1 1 10 12 1 1 10 12 1 1 10 7 1 10 12 1 1 9 12 1 1 18 10 100 12 1 1 1 8 1 10 100 12 1 1 1 10 100 12 1 1 1 8 1 10 12 1 1 10 12 1 10 12 1 10 100 12 1 1 1 100 1 10 12 10 12 1 10 100 1 8 1 8 1 8 1 8 1 10 12 1 18 9 12 1 10 12 1 1 8 1 10 12 1 10 12 1 10 12 1 8 1 9 12 1 18 10 12 1 8 1 18 8 1 8 1 10 7 12 1 1 10 12 1 1 8 1 8 1 8 1 10 12 9 7 12 1 1 1 10 12 1 1 8 1 8 1 9 12 1 8 1 18 10 12 1 18 10 12 1 18 18 18 8 1 8 1 8 1 4 10 12 1 1 4 8 1 8 1 8 1 8 1 8 1 1 1 1 1 1 1 1 1 1 1 1 1 1 1 1 1 1 1 1 1 1 1 1 1 1 1 1 1 1 1 15 10 7 12 1 1 1 16 15 10 12 16 15 10 100 12 1 1 8 1 8 1 15 10 12 16 8 1 8 1 15 10 12 15 10 12 16 15 10 12 15 10 12 15 10 12 1 100 1 100 1 1
staticfield com/sun/javafx/PlatformUtil os Ljava/lang/String; "Windows 11"staticfield com/sun/javafx/PlatformUtil version Ljava/lang/String; "10.0"staticfield com/sun/javafx/PlatformUtil embedded Z 0
staticfield com/sun/javafx/PlatformUtil embeddedType Ljava/lang/String; ""staticfield com/sun/javafx/PlatformUtil useEGL Z 0
staticfield com/sun/javafx/PlatformUtil doEGLCompositing Z 0
staticfield com/sun/javafx/PlatformUtil ANDROID Z 0
staticfield com/sun/javafx/PlatformUtil WINDOWS Z 1
staticfield com/sun/javafx/PlatformUtil WINDOWS_VISTA_OR_LATER Z 1
staticfield com/sun/javafx/PlatformUtil WINDOWS_7_OR_LATER Z 1
staticfield com/sun/javafx/PlatformUtil MAC Z 0
staticfield com/sun/javafx/PlatformUtil LINUX Z 0
staticfield com/sun/javafx/PlatformUtil SOLARIS Z 0
staticfield com/sun/javafx/PlatformUtil IOS Z 0
staticfield com/sun/javafx/PlatformUtil STATIC_BUILD Z 0
instanceKlass javafx/scene/paint/RadialGradient
instanceKlass javafx/scene/paint/LinearGradient
instanceKlass javafx/scene/paint/ImagePattern
instanceKlass javafx/scene/paint/Color
ciInstanceKlass javafx/scene/paint/Paint 1 1 76 10 7 12 1 1 1 100 1 8 1 10 12 1 100 1 8 1 10 8 1 10 100 12 1 1 1 10 100 12 1 1 1 8 1 10 100 12 1 1 10 100 12 1 1 7 1 10 10 7 12 1 1 1 100 1 1 1 1 1 1 1 1 1 1 1 1 1 1 1 1 1 1 100 1 1
ciInstanceKlass javafx/scene/paint/Color 1 1 924 7 1 10 12 1 1 10 12 1 1 6 0 10 12 1 1 10 12 1 10 12 1 1 7 1 18 12 1 1 10 12 1 18 18 10 12 1 1 10 7 12 1 1 1 10 12 1 1 18 12 1 18 100 1 8 1 10 10 7 12 1 1 1 8 1 9 7 12 1 1 1 10 12 1 1 8 1 10 12 1 1 10 12 1 8 1 8 8 1 10 12 1 10 12 1 1 8 1 8 1 10 12 1 10 7 12 1 1 1 9 12 1 1 9 12 1 9 12 1 10 12 1 10 12 1 1 10 12 1 10 7 12 1 1 1 6 0 7 1 10 12 1 1 10 12 1 1 10 12 1 1 8 1 10 12 1 10 12 1 10 100 12 1 1 1 6 0 6 0 10 12 1 1 8 1 10 12 10 12 1 6 0 10 7 12 1 1 1 10 12 1 9 12 1 6 0 10 12 1 6 0 6 0 6 0 6 0 10 7 12 1 1 18 18 18 18 9 12 1 1 10 7 12 1 1 1 10 12 1 1 10 12 1 1 10 12 1 1 8 1 100 1 10 12 1 1 10 12 1 1 10 12 1 1 9 12 1 1 4 4 10 12 1 9 12 1 4 4 4 9 12 1 9 12 1 4 4 9 12 1 9 12 1 4 4 9 12 1 4 4 9 12 1 9 12 1 4 9 12 1 9 12 1 4 4 4 9 12 1 4 4 9 12 1 4 4 4 9 12 1 4 4 4 9 12 1 9 12 1 4 4 4 9 12 1 4 9 12 1 4 4 4 9 12 1 9 12 1 4 4 9 12 1 9 12 1 4 9 12 1 9 12 1 4 4 9 12 1 4 9 12 1 9 12 1 9 12 1 4 4 4 9 12 1 9 12 1 4 4 9 12 1 4 9 12 1 4 4 4 9 12 1 9 12 1 4 4 4 9 12 1 4 4 9 12 1 4 4 9 12 1 4 9 12 1 9 12 1 4 4 9 12 1 4 4 9 12 1 4 9 12 1 4 9 12 1 9 12 1 9 12 1 4 9 12 1 4 4 9 12 1 9 12 1 9 12 1 9 12 1 9 12 1 9 12 1 9 12 1 4 4 9 12 1 4 9 12 1 9 12 1 4 9 12 1 9 12 1 9 12 1 4 9 12 1 4 9 12 1 4 4 9 12 1 9 12 1 4 9 12 1 9 12 1 9 12 1 4 4 9 12 1 9 12 1 4 9 12 1 9 12 1 4 9 12 1 9 12 1 9 12 1 4 9 12 1 9 12 1 4 4 9 12 1 9 12 1 4 9 12 1 9 12 1 4 4 9 12 1 9 12 1 4 9 12 1 9 12 1 9 12 1 9 12 1 9 12 1 9 12 1 9 12 1 4 9 12 1 9 12 1 4 9 12 1 4 4 9 12 1 4 4 9 12 1 4 4 9 12 1 4 9 12 1 9 12 1 4 4 4 9 12 1 4 9 12 1 9 12 1 4 9 12 1 4 9 12 1 9 12 1 9 12 1 4 9 12 1 9 12 1 4 4 9 12 1 9 12 1 4 9 12 1 4 9 12 1 4 9 12 1 4 4 9 12 1 4 9 12 1 9 12 1 4 4 9 12 1 4 9 12 1 4 9 12 1 4 4 9 12 1 4 9 12 1 9 12 1 9 12 1 9 12 1 9 12 1 4 9 12 1 4 9 12 1 4 9 12 1 4 4 4 9 12 1 4 4 9 12 1 9 12 1 4 4 9 12 1 9 12 1 9 12 1 4 4 9 12 1 9 12 1 9 12 1 9 12 1 9 12 1 4 9 12 1 9 12 1 9 12 1 9 12 1 4 4 9 12 1 4 4 9 12 1 9 12 1 9 12 1 9 12 1 9 12 1 9 12 1 9 12 1 100 1 1 1 1 1 1 1 3 1 3 1 3 1 3 1 1 1 1 1 1 1 1 1 1 1 1 100 1 1 1 1 1 1 1 1 1 1 1 1 1 1 1 1 1 1 1 1 1 1 1 1 1 1 1 1 1 1 1 1 15 10 100 12 1 1 8 1 8 1 8 1 8 1 8 1 8 1 8 1 8 1 8 1 1 1 100 1 100 1 1
staticfield javafx/scene/paint/Color TRANSPARENT Ljavafx/scene/paint/Color; javafx/scene/paint/Color
staticfield javafx/scene/paint/Color ALICEBLUE Ljavafx/scene/paint/Color; javafx/scene/paint/Color
staticfield javafx/scene/paint/Color ANTIQUEWHITE Ljavafx/scene/paint/Color; javafx/scene/paint/Color
staticfield javafx/scene/paint/Color AQUA Ljavafx/scene/paint/Color; javafx/scene/paint/Color
staticfield javafx/scene/paint/Color AQUAMARINE Ljavafx/scene/paint/Color; javafx/scene/paint/Color
staticfield javafx/scene/paint/Color AZURE Ljavafx/scene/paint/Color; javafx/scene/paint/Color
staticfield javafx/scene/paint/Color BEIGE Ljavafx/scene/paint/Color; javafx/scene/paint/Color
staticfield javafx/scene/paint/Color BISQUE Ljavafx/scene/paint/Color; javafx/scene/paint/Color
staticfield javafx/scene/paint/Color BLACK Ljavafx/scene/paint/Color; javafx/scene/paint/Color
staticfield javafx/scene/paint/Color BLANCHEDALMOND Ljavafx/scene/paint/Color; javafx/scene/paint/Color
staticfield javafx/scene/paint/Color BLUE Ljavafx/scene/paint/Color; javafx/scene/paint/Color
staticfield javafx/scene/paint/Color BLUEVIOLET Ljavafx/scene/paint/Color; javafx/scene/paint/Color
staticfield javafx/scene/paint/Color BROWN Ljavafx/scene/paint/Color; javafx/scene/paint/Color
staticfield javafx/scene/paint/Color BURLYWOOD Ljavafx/scene/paint/Color; javafx/scene/paint/Color
staticfield javafx/scene/paint/Color CADETBLUE Ljavafx/scene/paint/Color; javafx/scene/paint/Color
staticfield javafx/scene/paint/Color CHARTREUSE Ljavafx/scene/paint/Color; javafx/scene/paint/Color
staticfield javafx/scene/paint/Color CHOCOLATE Ljavafx/scene/paint/Color; javafx/scene/paint/Color
staticfield javafx/scene/paint/Color CORAL Ljavafx/scene/paint/Color; javafx/scene/paint/Color
staticfield javafx/scene/paint/Color CORNFLOWERBLUE Ljavafx/scene/paint/Color; javafx/scene/paint/Color
staticfield javafx/scene/paint/Color CORNSILK Ljavafx/scene/paint/Color; javafx/scene/paint/Color
staticfield javafx/scene/paint/Color CRIMSON Ljavafx/scene/paint/Color; javafx/scene/paint/Color
staticfield javafx/scene/paint/Color CYAN Ljavafx/scene/paint/Color; javafx/scene/paint/Color
staticfield javafx/scene/paint/Color DARKBLUE Ljavafx/scene/paint/Color; javafx/scene/paint/Color
staticfield javafx/scene/paint/Color DARKCYAN Ljavafx/scene/paint/Color; javafx/scene/paint/Color
staticfield javafx/scene/paint/Color DARKGOLDENROD Ljavafx/scene/paint/Color; javafx/scene/paint/Color
staticfield javafx/scene/paint/Color DARKGRAY Ljavafx/scene/paint/Color; javafx/scene/paint/Color
staticfield javafx/scene/paint/Color DARKGREEN Ljavafx/scene/paint/Color; javafx/scene/paint/Color
staticfield javafx/scene/paint/Color DARKGREY Ljavafx/scene/paint/Color; javafx/scene/paint/Color
staticfield javafx/scene/paint/Color DARKKHAKI Ljavafx/scene/paint/Color; javafx/scene/paint/Color
staticfield javafx/scene/paint/Color DARKMAGENTA Ljavafx/scene/paint/Color; javafx/scene/paint/Color
staticfield javafx/scene/paint/Color DARKOLIVEGREEN Ljavafx/scene/paint/Color; javafx/scene/paint/Color
staticfield javafx/scene/paint/Color DARKORANGE Ljavafx/scene/paint/Color; javafx/scene/paint/Color
staticfield javafx/scene/paint/Color DARKORCHID Ljavafx/scene/paint/Color; javafx/scene/paint/Color
staticfield javafx/scene/paint/Color DARKRED Ljavafx/scene/paint/Color; javafx/scene/paint/Color
staticfield javafx/scene/paint/Color DARKSALMON Ljavafx/scene/paint/Color; javafx/scene/paint/Color
staticfield javafx/scene/paint/Color DARKSEAGREEN Ljavafx/scene/paint/Color; javafx/scene/paint/Color
staticfield javafx/scene/paint/Color DARKSLATEBLUE Ljavafx/scene/paint/Color; javafx/scene/paint/Color
staticfield javafx/scene/paint/Color DARKSLATEGRAY Ljavafx/scene/paint/Color; javafx/scene/paint/Color
staticfield javafx/scene/paint/Color DARKSLATEGREY Ljavafx/scene/paint/Color; javafx/scene/paint/Color
staticfield javafx/scene/paint/Color DARKTURQUOISE Ljavafx/scene/paint/Color; javafx/scene/paint/Color
staticfield javafx/scene/paint/Color DARKVIOLET Ljavafx/scene/paint/Color; javafx/scene/paint/Color
staticfield javafx/scene/paint/Color DEEPPINK Ljavafx/scene/paint/Color; javafx/scene/paint/Color
staticfield javafx/scene/paint/Color DEEPSKYBLUE Ljavafx/scene/paint/Color; javafx/scene/paint/Color
staticfield javafx/scene/paint/Color DIMGRAY Ljavafx/scene/paint/Color; javafx/scene/paint/Color
staticfield javafx/scene/paint/Color DIMGREY Ljavafx/scene/paint/Color; javafx/scene/paint/Color
staticfield javafx/scene/paint/Color DODGERBLUE Ljavafx/scene/paint/Color; javafx/scene/paint/Color
staticfield javafx/scene/paint/Color FIREBRICK Ljavafx/scene/paint/Color; javafx/scene/paint/Color
staticfield javafx/scene/paint/Color FLORALWHITE Ljavafx/scene/paint/Color; javafx/scene/paint/Color
staticfield javafx/scene/paint/Color FORESTGREEN Ljavafx/scene/paint/Color; javafx/scene/paint/Color
staticfield javafx/scene/paint/Color FUCHSIA Ljavafx/scene/paint/Color; javafx/scene/paint/Color
staticfield javafx/scene/paint/Color GAINSBORO Ljavafx/scene/paint/Color; javafx/scene/paint/Color
staticfield javafx/scene/paint/Color GHOSTWHITE Ljavafx/scene/paint/Color; javafx/scene/paint/Color
staticfield javafx/scene/paint/Color GOLD Ljavafx/scene/paint/Color; javafx/scene/paint/Color
staticfield javafx/scene/paint/Color GOLDENROD Ljavafx/scene/paint/Color; javafx/scene/paint/Color
staticfield javafx/scene/paint/Color GRAY Ljavafx/scene/paint/Color; javafx/scene/paint/Color
staticfield javafx/scene/paint/Color GREEN Ljavafx/scene/paint/Color; javafx/scene/paint/Color
staticfield javafx/scene/paint/Color GREENYELLOW Ljavafx/scene/paint/Color; javafx/scene/paint/Color
staticfield javafx/scene/paint/Color GREY Ljavafx/scene/paint/Color; javafx/scene/paint/Color
staticfield javafx/scene/paint/Color HONEYDEW Ljavafx/scene/paint/Color; javafx/scene/paint/Color
staticfield javafx/scene/paint/Color HOTPINK Ljavafx/scene/paint/Color; javafx/scene/paint/Color
staticfield javafx/scene/paint/Color INDIANRED Ljavafx/scene/paint/Color; javafx/scene/paint/Color
staticfield javafx/scene/paint/Color INDIGO Ljavafx/scene/paint/Color; javafx/scene/paint/Color
staticfield javafx/scene/paint/Color IVORY Ljavafx/scene/paint/Color; javafx/scene/paint/Color
staticfield javafx/scene/paint/Color KHAKI Ljavafx/scene/paint/Color; javafx/scene/paint/Color
staticfield javafx/scene/paint/Color LAVENDER Ljavafx/scene/paint/Color; javafx/scene/paint/Color
staticfield javafx/scene/paint/Color LAVENDERBLUSH Ljavafx/scene/paint/Color; javafx/scene/paint/Color
staticfield javafx/scene/paint/Color LAWNGREEN Ljavafx/scene/paint/Color; javafx/scene/paint/Color
staticfield javafx/scene/paint/Color LEMONCHIFFON Ljavafx/scene/paint/Color; javafx/scene/paint/Color
staticfield javafx/scene/paint/Color LIGHTBLUE Ljavafx/scene/paint/Color; javafx/scene/paint/Color
staticfield javafx/scene/paint/Color LIGHTCORAL Ljavafx/scene/paint/Color; javafx/scene/paint/Color
staticfield javafx/scene/paint/Color LIGHTCYAN Ljavafx/scene/paint/Color; javafx/scene/paint/Color
staticfield javafx/scene/paint/Color LIGHTGOLDENRODYELLOW Ljavafx/scene/paint/Color; javafx/scene/paint/Color
staticfield javafx/scene/paint/Color LIGHTGRAY Ljavafx/scene/paint/Color; javafx/scene/paint/Color
staticfield javafx/scene/paint/Color LIGHTGREEN Ljavafx/scene/paint/Color; javafx/scene/paint/Color
staticfield javafx/scene/paint/Color LIGHTGREY Ljavafx/scene/paint/Color; javafx/scene/paint/Color
staticfield javafx/scene/paint/Color LIGHTPINK Ljavafx/scene/paint/Color; javafx/scene/paint/Color
staticfield javafx/scene/paint/Color LIGHTSALMON Ljavafx/scene/paint/Color; javafx/scene/paint/Color
staticfield javafx/scene/paint/Color LIGHTSEAGREEN Ljavafx/scene/paint/Color; javafx/scene/paint/Color
staticfield javafx/scene/paint/Color LIGHTSKYBLUE Ljavafx/scene/paint/Color; javafx/scene/paint/Color
staticfield javafx/scene/paint/Color LIGHTSLATEGRAY Ljavafx/scene/paint/Color; javafx/scene/paint/Color
staticfield javafx/scene/paint/Color LIGHTSLATEGREY Ljavafx/scene/paint/Color; javafx/scene/paint/Color
staticfield javafx/scene/paint/Color LIGHTSTEELBLUE Ljavafx/scene/paint/Color; javafx/scene/paint/Color
staticfield javafx/scene/paint/Color LIGHTYELLOW Ljavafx/scene/paint/Color; javafx/scene/paint/Color
staticfield javafx/scene/paint/Color LIME Ljavafx/scene/paint/Color; javafx/scene/paint/Color
staticfield javafx/scene/paint/Color LIMEGREEN Ljavafx/scene/paint/Color; javafx/scene/paint/Color
staticfield javafx/scene/paint/Color LINEN Ljavafx/scene/paint/Color; javafx/scene/paint/Color
staticfield javafx/scene/paint/Color MAGENTA Ljavafx/scene/paint/Color; javafx/scene/paint/Color
staticfield javafx/scene/paint/Color MAROON Ljavafx/scene/paint/Color; javafx/scene/paint/Color
staticfield javafx/scene/paint/Color MEDIUMAQUAMARINE Ljavafx/scene/paint/Color; javafx/scene/paint/Color
staticfield javafx/scene/paint/Color MEDIUMBLUE Ljavafx/scene/paint/Color; javafx/scene/paint/Color
staticfield javafx/scene/paint/Color MEDIUMORCHID Ljavafx/scene/paint/Color; javafx/scene/paint/Color
staticfield javafx/scene/paint/Color MEDIUMPURPLE Ljavafx/scene/paint/Color; javafx/scene/paint/Color
staticfield javafx/scene/paint/Color MEDIUMSEAGREEN Ljavafx/scene/paint/Color; javafx/scene/paint/Color
staticfield javafx/scene/paint/Color MEDIUMSLATEBLUE Ljavafx/scene/paint/Color; javafx/scene/paint/Color
staticfield javafx/scene/paint/Color MEDIUMSPRINGGREEN Ljavafx/scene/paint/Color; javafx/scene/paint/Color
staticfield javafx/scene/paint/Color MEDIUMTURQUOISE Ljavafx/scene/paint/Color; javafx/scene/paint/Color
staticfield javafx/scene/paint/Color MEDIUMVIOLETRED Ljavafx/scene/paint/Color; javafx/scene/paint/Color
staticfield javafx/scene/paint/Color MIDNIGHTBLUE Ljavafx/scene/paint/Color; javafx/scene/paint/Color
staticfield javafx/scene/paint/Color MINTCREAM Ljavafx/scene/paint/Color; javafx/scene/paint/Color
staticfield javafx/scene/paint/Color MISTYROSE Ljavafx/scene/paint/Color; javafx/scene/paint/Color
staticfield javafx/scene/paint/Color MOCCASIN Ljavafx/scene/paint/Color; javafx/scene/paint/Color
staticfield javafx/scene/paint/Color NAVAJOWHITE Ljavafx/scene/paint/Color; javafx/scene/paint/Color
staticfield javafx/scene/paint/Color NAVY Ljavafx/scene/paint/Color; javafx/scene/paint/Color
staticfield javafx/scene/paint/Color OLDLACE Ljavafx/scene/paint/Color; javafx/scene/paint/Color
staticfield javafx/scene/paint/Color OLIVE Ljavafx/scene/paint/Color; javafx/scene/paint/Color
staticfield javafx/scene/paint/Color OLIVEDRAB Ljavafx/scene/paint/Color; javafx/scene/paint/Color
staticfield javafx/scene/paint/Color ORANGE Ljavafx/scene/paint/Color; javafx/scene/paint/Color
staticfield javafx/scene/paint/Color ORANGERED Ljavafx/scene/paint/Color; javafx/scene/paint/Color
staticfield javafx/scene/paint/Color ORCHID Ljavafx/scene/paint/Color; javafx/scene/paint/Color
staticfield javafx/scene/paint/Color PALEGOLDENROD Ljavafx/scene/paint/Color; javafx/scene/paint/Color
staticfield javafx/scene/paint/Color PALEGREEN Ljavafx/scene/paint/Color; javafx/scene/paint/Color
staticfield javafx/scene/paint/Color PALETURQUOISE Ljavafx/scene/paint/Color; javafx/scene/paint/Color
staticfield javafx/scene/paint/Color PALEVIOLETRED Ljavafx/scene/paint/Color; javafx/scene/paint/Color
staticfield javafx/scene/paint/Color PAPAYAWHIP Ljavafx/scene/paint/Color; javafx/scene/paint/Color
staticfield javafx/scene/paint/Color PEACHPUFF Ljavafx/scene/paint/Color; javafx/scene/paint/Color
staticfield javafx/scene/paint/Color PERU Ljavafx/scene/paint/Color; javafx/scene/paint/Color
staticfield javafx/scene/paint/Color PINK Ljavafx/scene/paint/Color; javafx/scene/paint/Color
staticfield javafx/scene/paint/Color PLUM Ljavafx/scene/paint/Color; javafx/scene/paint/Color
staticfield javafx/scene/paint/Color POWDERBLUE Ljavafx/scene/paint/Color; javafx/scene/paint/Color
staticfield javafx/scene/paint/Color PURPLE Ljavafx/scene/paint/Color; javafx/scene/paint/Color
staticfield javafx/scene/paint/Color RED Ljavafx/scene/paint/Color; javafx/scene/paint/Color
staticfield javafx/scene/paint/Color ROSYBROWN Ljavafx/scene/paint/Color; javafx/scene/paint/Color
staticfield javafx/scene/paint/Color ROYALBLUE Ljavafx/scene/paint/Color; javafx/scene/paint/Color
staticfield javafx/scene/paint/Color SADDLEBROWN Ljavafx/scene/paint/Color; javafx/scene/paint/Color
staticfield javafx/scene/paint/Color SALMON Ljavafx/scene/paint/Color; javafx/scene/paint/Color
staticfield javafx/scene/paint/Color SANDYBROWN Ljavafx/scene/paint/Color; javafx/scene/paint/Color
staticfield javafx/scene/paint/Color SEAGREEN Ljavafx/scene/paint/Color; javafx/scene/paint/Color
staticfield javafx/scene/paint/Color SEASHELL Ljavafx/scene/paint/Color; javafx/scene/paint/Color
staticfield javafx/scene/paint/Color SIENNA Ljavafx/scene/paint/Color; javafx/scene/paint/Color
staticfield javafx/scene/paint/Color SILVER Ljavafx/scene/paint/Color; javafx/scene/paint/Color
staticfield javafx/scene/paint/Color SKYBLUE Ljavafx/scene/paint/Color; javafx/scene/paint/Color
staticfield javafx/scene/paint/Color SLATEBLUE Ljavafx/scene/paint/Color; javafx/scene/paint/Color
staticfield javafx/scene/paint/Color SLATEGRAY Ljavafx/scene/paint/Color; javafx/scene/paint/Color
staticfield javafx/scene/paint/Color SLATEGREY Ljavafx/scene/paint/Color; javafx/scene/paint/Color
staticfield javafx/scene/paint/Color SNOW Ljavafx/scene/paint/Color; javafx/scene/paint/Color
staticfield javafx/scene/paint/Color SPRINGGREEN Ljavafx/scene/paint/Color; javafx/scene/paint/Color
staticfield javafx/scene/paint/Color STEELBLUE Ljavafx/scene/paint/Color; javafx/scene/paint/Color
staticfield javafx/scene/paint/Color TAN Ljavafx/scene/paint/Color; javafx/scene/paint/Color
staticfield javafx/scene/paint/Color TEAL Ljavafx/scene/paint/Color; javafx/scene/paint/Color
staticfield javafx/scene/paint/Color THISTLE Ljavafx/scene/paint/Color; javafx/scene/paint/Color
staticfield javafx/scene/paint/Color TOMATO Ljavafx/scene/paint/Color; javafx/scene/paint/Color
staticfield javafx/scene/paint/Color TURQUOISE Ljavafx/scene/paint/Color; javafx/scene/paint/Color
staticfield javafx/scene/paint/Color VIOLET Ljavafx/scene/paint/Color; javafx/scene/paint/Color
staticfield javafx/scene/paint/Color WHEAT Ljavafx/scene/paint/Color; javafx/scene/paint/Color
staticfield javafx/scene/paint/Color WHITE Ljavafx/scene/paint/Color; javafx/scene/paint/Color
staticfield javafx/scene/paint/Color WHITESMOKE Ljavafx/scene/paint/Color; javafx/scene/paint/Color
staticfield javafx/scene/paint/Color YELLOW Ljavafx/scene/paint/Color; javafx/scene/paint/Color
staticfield javafx/scene/paint/Color YELLOWGREEN Ljavafx/scene/paint/Color; javafx/scene/paint/Color
instanceKlass javafx/scene/image/WritableImage
ciInstanceKlass javafx/scene/image/Image 1 1 583 9 7 12 1 1 1 9 12 1 1 10 12 1 1 10 100 12 1 1 1 9 12 1 1 10 12 1 1 10 12 1 1 8 10 12 1 1 9 12 1 1 9 12 1 9 12 1 1 10 100 1 10 12 1 1 8 10 12 1 9 12 1 10 12 1 8 9 12 1 1 9 12 1 9 12 1 10 12 1 1 10 100 12 1 1 9 12 1 1 10 12 1 10 12 1 8 10 10 12 1 1 10 100 12 1 1 9 12 1 1 10 12 1 100 1 10 12 1 8 10 9 12 1 1 10 100 1 10 12 1 1 8 10 10 12 1 1 10 12 1 1 10 12 1 10 12 1 10 12 1 1 100 1 8 1 10 12 1 10 7 12 1 1 1 10 12 1 1 10 100 12 1 1 1 10 12 1 10 100 12 1 9 12 1 1 10 100 12 1 1 10 18 12 1 1 10 100 12 1 1 1 10 12 1 1 10 12 1 1 10 12 1 10 12 1 10 12 1 10 12 1 10 12 1 10 12 1 10 12 1 1 10 12 1 1 10 12 1 11 100 12 1 1 1 10 12 1 11 12 1 10 12 1 11 12 1 1 11 12 11 100 12 1 1 1 11 12 10 12 1 1 10 12 1 10 12 1 10 12 1 9 12 1 1 9 12 1 18 12 1 9 12 1 1 9 12 1 1 11 100 12 1 1 10 12 1 10 12 1 11 12 1 1 10 12 10 12 1 1 11 100 12 1 1 1 10 10 10 12 1 10 10 12 1 10 12 10 10 10 10 12 1 1 10 100 1 8 1 10 10 100 12 1 1 10 12 1 8 1 9 12 1 1 10 7 12 1 1 1 10 100 12 1 1 10 100 12 1 1 1 10 12 1 1 10 12 1 1 10 12 1 1 10 100 12 1 1 1 8 1 10 100 12 1 1 10 100 12 1 1 1 10 100 1 8 1 10 12 1 1 10 12 1 8 1 10 100 12 1 1 18 12 1 1 10 12 1 1 10 12 1 10 12 1 10 12 1 10 12 1 9 12 1 1 100 1 10 11 12 1 11 12 1 1 100 1 10 12 1 9 12 1 1 10 10 12 1 7 1 10 10 12 1 1 8 1 10 12 1 1 7 1 10 1 1 1 1 1 3 1 1 1 1 1 1 1 1 1 1 1 1 1 1 1 1 1 1 1 1 1 1 1 1 1 1 1 1 1 1 1 1 1 1 1 1 1 1 1 1 1 1 1 1 1 1 1 100 1 1 15 10 100 12 1 1 1 16 15 10 12 15 10 12 15 10 100 12 1 1 8 1 1 1 1 1 1 1 100 1 100 1 1
staticfield javafx/scene/image/Image URL_QUICKMATCH Ljava/util/regex/Pattern; java/util/regex/Pattern
staticfield javafx/scene/image/Image pendingTasks Ljava/util/Queue; java/util/LinkedList
ciInstanceKlass com/sun/javafx/tk/Toolkit$ImageAccessor 1 0 26 100 1 100 1 1 1 1 1 1 1 1 1 1 1 1 1 1 1 1 1 1 100 1 1 1
ciInstanceKlass javafx/scene/paint/ImagePattern 0 0 132 9 100 12 1 1 1 9 12 1 1 9 12 1 9 12 1 9 12 1 9 12 1 1 10 12 1 1 100 1 10 12 1 1 10 100 12 1 1 1 100 1 8 1 10 12 1 10 100 12 1 1 1 100 1 8 1 10 10 100 12 1 1 1 11 100 12 1 1 1 11 12 1 1 10 100 12 1 1 1 10 12 1 10 12 1 9 12 1 1 10 12 1 1 10 12 1 1 9 12 1 100 1 10 10 100 12 1 1 1 1 1 1 1 1 1 1 1 1 1 1 1 1 1 1 1 1 1 1 1 1 1
ciInstanceKlass com/sun/prism/BasicStroke 1 1 311 7 1 10 7 12 1 1 1 9 7 12 1 1 1 4 10 12 1 1 10 12 1 10 12 1 100 1 8 1 10 12 1 8 1 8 1 8 1 8 1 9 12 1 1 9 12 1 1 9 12 1 9 12 1 9 12 1 8 1 8 1 9 12 1 9 12 1 7 1 10 12 1 1 10 12 1 1 10 12 1 1 10 12 1 10 7 12 1 1 1 4 10 12 1 1 4 4 10 7 12 1 1 1 10 12 1 1 10 12 1 10 12 1 1 10 12 1 1 10 12 1 1 10 12 1 10 12 1 1 11 7 12 1 1 1 11 12 1 1 10 12 1 1 10 12 1 1 10 12 1 1 10 12 1 1 10 12 1 11 12 1 10 12 1 1 10 12 1 10 12 1 1 10 12 10 12 1 1 10 12 1 1 10 7 12 1 1 9 9 12 1 100 1 10 10 12 1 9 12 1 9 12 1 9 12 1 4 9 12 1 9 12 1 10 12 1 10 12 1 1 100 1 8 1 10 10 12 1 10 12 1 1 10 12 1 1 10 12 1 1 10 12 1 10 12 1 100 1 100 1 10 12 1 10 100 12 1 1 1 10 100 12 1 1 1 10 12 1 6 0 1 1 3 1 3 1 3 1 1 1 1 1 1 1 3 1 1 1 1 1 1 1 100 1 1 1 1 1 1 1 1 1 1 1 1 1 1 1 1 1
staticfield com/sun/prism/BasicStroke SQRT_2 F 1068827891
instanceKlass com/sun/javafx/geom/Line2D
instanceKlass com/sun/javafx/geom/TransformedShape
instanceKlass com/sun/javafx/geom/Area
instanceKlass com/sun/javafx/geom/ShapePair
instanceKlass com/sun/javafx/geom/RectangularShape
instanceKlass com/sun/javafx/geom/Path2D
ciInstanceKlass com/sun/javafx/geom/Shape 1 1 156 10 7 12 1 1 1 9 100 12 1 1 1 9 12 1 10 7 12 1 1 1 10 100 12 1 1 1 10 12 1 10 12 1 10 12 1 10 12 1 1 10 12 11 7 12 1 1 1 11 12 1 1 100 1 8 1 10 12 1 11 12 1 10 12 1 1 10 12 1 1 10 12 1 1 10 100 12 1 1 1 3 10 12 1 1 10 12 1 1 10 12 1 1 10 12 1 10 12 1 1 10 12 1 1 10 12 1 1 10 12 1 4 10 100 12 1 1 1 4 4 1 1 1 1 3 1 3 1 3 1 3 1 1 1 1 1 1 1 1 1 1 1 1 100 1 1 1 1 1 1 1 100 1 1 1
ciInstanceKlass com/sun/javafx/geom/Path2D 1 1 479 100 1 7 1 10 12 1 1 10 7 12 1 1 10 12 1 1 9 12 1 1 9 12 1 1 10 12 1 9 12 1 1 9 12 1 10 7 12 1 1 1 9 12 1 10 7 12 1 1 1 10 12 1 9 12 1 1 9 12 1 9 12 1 9 12 1 9 12 1 9 12 1 10 12 1 1 10 12 1 1 11 12 1 1 10 12 1 1 100 1 10 12 1 10 100 12 1 1 1 4 10 12 1 1 10 100 12 1 1 1 100 1 8 1 10 12 1 10 12 1 10 12 1 100 1 8 1 10 10 12 1 1 9 12 1 1 100 1 10 100 1 3 100 1 8 1 10 12 1 1 9 7 12 1 1 1 10 12 1 1 100 1 8 1 10 100 1 6 0 9 12 1 10 12 1 9 12 1 10 12 1 10 12 1 1 10 12 1 1 10 12 1 6 0 10 12 1 10 12 1 6 0 10 12 1 1 10 12 1 1 10 12 1 1 10 12 1 1 3 10 12 1 1 10 12 1 1 10 12 1 1 11 12 1 11 12 1 1 10 12 1 1 10 12 1 11 12 1 7 1 10 12 100 1 10 12 1 7 1 10 12 1 7 1 10 9 12 1 10 10 12 1 1 10 12 1 1 10 12 1 10 12 1 10 12 1 10 12 1 10 12 1 10 12 1 10 12 1 10 12 1 10 12 1 10 12 1 10 12 1 10 12 1 9 12 1 18 12 1 1 8 1 8 1 10 12 1 10 100 12 1 1 1 10 12 1 1 9 12 1 9 12 1 10 12 1 1 10 12 1 1 10 12 1 10 12 1 1 10 12 1 1 10 12 1 1 100 1 10 10 12 1 10 7 12 1 1 1 10 12 1 1 10 7 12 1 1 9 12 1 1 100 1 1 1 3 1 3 1 1 1 1 3 1 3 1 3 1 3 1 3 1 3 1 1 1 1 1 1 1 1 1 100 1 1 1 1 1 1 1 1 1 1 1 1 1 1 1 1 1 1 1 1 1 1 1 1 1 1 1 1 1 1 1 1 1 100 1 1 15 10 100 12 1 1 8 1 1 1 1 1 1 1 100 1 100 1 1
staticfield com/sun/javafx/geom/Path2D curvecoords [I 5
staticfield com/sun/javafx/geom/Path2D $assertionsDisabled Z 1
instanceKlass com/sun/javafx/geom/Ellipse2D
instanceKlass com/sun/javafx/geom/RoundRectangle2D
ciInstanceKlass com/sun/javafx/geom/RectangularShape 1 1 131 10 7 12 1 1 1 10 100 12 1 1 1 10 12 1 10 12 1 10 12 1 9 100 12 1 1 1 9 12 1 9 100 12 1 1 9 12 1 10 12 1 1 10 12 1 10 100 12 1 1 1 10 12 1 10 12 1 1 100 1 10 10 12 1 1 10 12 1 10 12 100 1 10 12 1 1 10 12 1 10 100 12 1 1 1 10 100 12 1 1 1 18 12 1 1 1 1 1 1 1 1 1 1 1 1 1 1 1 1 1 1 1 1 1 1 1 15 10 100 12 1 1 8 1 1 100 1 100 1 1
ciInstanceKlass com/sun/javafx/geom/RoundRectangle2D 1 1 99 10 7 12 1 1 1 10 7 12 1 1 1 9 12 1 1 9 12 1 9 12 1 9 12 1 9 12 1 9 12 1 7 1 10 12 1 10 12 1 1 10 7 12 1 1 1 10 12 1 1 10 12 1 1 10 12 1 1 7 1 10 12 1 10 12 10 100 12 1 1 1 10 12 1 1 1 1 1 1 1 1 1 1 1 1 1 1 1 1 1 1 1 1 1 1 1 1 1
ciInstanceKlass com/sun/prism/impl/PrismSettings 1 1 605 10 100 12 1 1 1 9 7 12 1 1 1 10 100 12 1 1 1 8 1 10 12 1 10 7 12 1 1 1 10 100 12 1 1 1 10 12 1 10 12 1 1 8 1 10 12 1 1 10 7 12 1 1 1 10 100 12 1 1 100 1 9 12 1 10 12 1 1 8 1 10 12 1 10 12 1 10 100 12 1 1 1 6 0 10 100 12 1 1 1 8 1 8 1 5 0 8 1 8 1 5 0 8 1 8 1 5 0 10 100 12 1 1 1 100 1 10 12 1 10 12 1 10 12 1 1 10 12 1 1 10 7 12 1 1 1 10 100 12 1 1 10 12 1 10 12 1 10 12 1 1 18 12 1 1 10 7 12 1 1 1 8 1 10 12 1 1 8 1 9 12 1 1 8 1 9 12 1 8 1 9 12 1 8 1 10 12 1 1 10 7 12 1 1 1 9 12 1 1 8 1 9 12 1 8 1 9 12 1 8 1 9 12 1 8 1 9 12 1 8 1 9 12 1 8 1 9 12 1 8 1 9 12 1 8 1 8 1 10 12 1 8 1 10 12 1 1 9 12 1 9 12 1 8 1 9 12 1 8 1 9 12 1 8 1 8 1 10 12 1 9 12 1 8 1 9 12 1 8 1 9 12 1 8 1 9 12 1 8 1 9 12 1 8 1 9 12 1 8 1 8 1 10 12 1 1 10 7 12 1 1 8 1 8 1 10 12 1 8 1 10 12 1 10 12 1 10 12 1 11 7 12 1 1 1 9 12 1 1 8 1 10 12 10 12 1 8 1 8 1 9 7 12 1 1 1 9 12 1 8 1 10 12 1 9 12 1 8 1 8 1 8 1 9 12 1 1 8 1 9 12 1 8 1 9 12 1 8 1 9 12 1 8 1 5 0 8 1 10 12 1 1 9 12 1 1 8 1 5 0 8 1 10 12 1 9 12 1 8 1 9 12 1 8 1 9 12 1 8 1 11 12 1 1 11 100 12 1 1 11 12 1 1 18 12 1 8 1 18 10 12 1 1 18 8 1 10 12 1 1 8 1 8 1 18 12 8 1 8 1 8 1 8 1 8 1 3 9 12 1 8 1 8 1 9 12 1 8 1 9 12 1 8 1 9 12 1 8 1 9 12 1 8 1 8 1 9 12 1 8 1 8 1 9 12 1 8 1 9 12 1 8 1 10 12 1 9 12 1 8 1 9 12 1 8 1 9 12 1 8 1 9 12 1 8 1 9 12 1 8 1 9 12 1 8 1 9 12 1 1 1 1 1 1 100 1 1 1 1 1 1 1 15 10 7 12 1 1 1 16 15 10 12 15 10 100 12 1 1 8 1 8 1 8 1 8 1 1 1 100 1 100 1 1
staticfield com/sun/prism/impl/PrismSettings verbose Z 0
staticfield com/sun/prism/impl/PrismSettings debug Z 0
staticfield com/sun/prism/impl/PrismSettings trace Z 0
staticfield com/sun/prism/impl/PrismSettings printAllocs Z 0
staticfield com/sun/prism/impl/PrismSettings isVsyncEnabled Z 1
staticfield com/sun/prism/impl/PrismSettings dirtyOptsEnabled Z 1
staticfield com/sun/prism/impl/PrismSettings occlusionCullingEnabled Z 1
staticfield com/sun/prism/impl/PrismSettings scrollCacheOpt Z 0
staticfield com/sun/prism/impl/PrismSettings threadCheck Z 0
staticfield com/sun/prism/impl/PrismSettings cacheSimpleShapes Z 0
staticfield com/sun/prism/impl/PrismSettings cacheComplexShapes Z 1
staticfield com/sun/prism/impl/PrismSettings useNewImageLoader Z 1
staticfield com/sun/prism/impl/PrismSettings tryOrder Ljava/util/List; java/util/ImmutableCollections$List12
staticfield com/sun/prism/impl/PrismSettings prismStatFrequency I 0
staticfield com/sun/prism/impl/PrismSettings rasterizerSpec Lcom/sun/prism/impl/PrismSettings$RasterizerType; com/sun/prism/impl/PrismSettings$RasterizerType
staticfield com/sun/prism/impl/PrismSettings refType Ljava/lang/String; null
staticfield com/sun/prism/impl/PrismSettings forceRepaint Z 0
staticfield com/sun/prism/impl/PrismSettings noFallback Z 0
staticfield com/sun/prism/impl/PrismSettings showDirtyRegions Z 0
staticfield com/sun/prism/impl/PrismSettings showOverdraw Z 0
staticfield com/sun/prism/impl/PrismSettings printRenderGraph Z 0
staticfield com/sun/prism/impl/PrismSettings minRTTSize I 0
staticfield com/sun/prism/impl/PrismSettings dirtyRegionCount I 6
staticfield com/sun/prism/impl/PrismSettings disableBadDriverWarning Z 0
staticfield com/sun/prism/impl/PrismSettings forceGPU Z 0
staticfield com/sun/prism/impl/PrismSettings maxTextureSize I 4096
staticfield com/sun/prism/impl/PrismSettings primTextureSize I 0
staticfield com/sun/prism/impl/PrismSettings disableRegionCaching Z 0
staticfield com/sun/prism/impl/PrismSettings forcePow2 Z 0
staticfield com/sun/prism/impl/PrismSettings noClampToZero Z 0
staticfield com/sun/prism/impl/PrismSettings disableD3D9Ex Z 0
staticfield com/sun/prism/impl/PrismSettings allowHiDPIScaling Z 1
staticfield com/sun/prism/impl/PrismSettings maxVram J 536870912
staticfield com/sun/prism/impl/PrismSettings targetVram J 67108864
staticfield com/sun/prism/impl/PrismSettings poolStats Z 0
staticfield com/sun/prism/impl/PrismSettings poolDebug Z 0
staticfield com/sun/prism/impl/PrismSettings disableEffects Z 0
staticfield com/sun/prism/impl/PrismSettings glyphCacheWidth I 1024
staticfield com/sun/prism/impl/PrismSettings glyphCacheHeight I 1024
staticfield com/sun/prism/impl/PrismSettings perfLog Ljava/lang/String; null
staticfield com/sun/prism/impl/PrismSettings perfLogExitFlush Z 0
staticfield com/sun/prism/impl/PrismSettings perfLogFirstPaintFlush Z 0
staticfield com/sun/prism/impl/PrismSettings perfLogFirstPaintExit Z 0
staticfield com/sun/prism/impl/PrismSettings superShader Z 1
staticfield com/sun/prism/impl/PrismSettings forceUploadingPainter Z 0
staticfield com/sun/prism/impl/PrismSettings forceAlphaTestShader Z 0
staticfield com/sun/prism/impl/PrismSettings forceNonAntialiasedShape Z 0
ciInstanceKlass com/sun/prism/Texture 1 0 59 100 1 100 1 100 1 1 1 1 1 1 1 1 1 1 1 1 1 1 1 1 1 1 1 1 1 1 1 1 1 1 1 1 1 1 1 1 1 1 1 1 1 1 1 1 1 1 1 1 1 1 100 1 100 1 1 1 1
ciInstanceKlass com/sun/prism/ps/Shader 1 0 26 100 1 100 1 100 1 1 1 1 1 1 1 1 1 1 1 1 1 1 1 1 1 1 1 1
instanceKlass com/sun/prism/impl/ps/BaseShaderContext
ciInstanceKlass com/sun/prism/impl/BaseContext 1 1 499 10 7 12 1 1 1 9 7 12 1 1 1 7 1 10 9 12 1 1 7 1 10 9 12 1 1 9 12 1 9 12 1 1 9 12 1 1 7 1 10 12 1 9 12 1 1 10 12 1 1 10 12 1 9 12 1 1 9 12 1 9 12 1 1 11 7 12 1 1 9 12 1 1 11 12 1 1 9 12 1 9 12 1 11 12 1 1 11 12 1 1 11 12 1 10 12 1 10 12 1 1 10 12 1 1 10 12 1 1 10 7 12 1 1 1 10 12 1 1 10 12 1 10 12 1 10 12 1 10 12 1 1 10 12 1 10 12 1 1 11 7 12 1 1 1 11 100 12 1 1 1 11 100 12 1 1 11 12 1 1 7 1 11 12 1 11 12 1 1 11 100 1 7 1 10 12 1 11 11 12 1 100 1 10 12 1 1 11 12 1 1 10 12 1 11 12 1 1 10 7 12 1 1 10 12 1 11 12 1 11 12 1 10 12 1 11 12 1 10 7 12 1 1 1 10 12 1 1 9 7 12 1 1 1 11 7 12 1 1 1 10 7 12 1 1 1 9 12 1 10 12 1 11 12 1 10 7 12 1 1 1 11 7 12 1 1 1 10 12 1 1 11 12 1 11 12 1 10 7 12 1 1 1 10 12 1 10 12 1 10 12 1 9 12 1 10 12 1 9 12 1 9 7 12 1 1 11 12 1 9 12 1 9 100 12 1 1 1 18 12 1 1 10 100 12 1 1 1 11 12 1 11 12 1 10 100 12 1 1 10 12 1 1 9 12 1 9 12 1 18 12 1 9 12 1 10 12 1 4 4 4 10 12 1 1 4 10 12 1 1 4 9 12 1 9 12 1 1 9 12 1 9 12 1 1 9 100 12 1 1 1 11 12 1 1 10 100 12 1 1 1 10 12 1 1 10 12 1 10 12 1 1 10 12 1 100 1 8 1 10 12 100 1 10 12 1 1 1 3 1 1 1 1 1 1 1 1 1 1 1 1 1 1 1 1 1 100 1 100 1 1 1 1 1 1 1 1 1 1 1 1 1 1 1 1 1 1 100 1 1 1 1 1 100 1 100 1 1 1 1 15 10 100 12 1 1 8 1 8 1 1 1 1 100 1 100 1 1
instanceKlass com/sun/prism/d3d/D3DContext
ciInstanceKlass com/sun/prism/impl/ps/BaseShaderContext 1 1 555 7 1 10 7 12 1 1 1 9 12 1 1 7 1 9 12 1 1 9 12 1 10 7 12 1 1 1 9 12 1 9 12 1 9 12 1 1 10 12 1 1 9 12 1 1 9 12 1 1 11 12 1 1 11 12 1 10 12 1 9 7 12 1 1 1 10 12 1 1 9 12 1 1 10 7 12 1 1 1 10 7 12 1 1 1 10 12 1 7 1 10 12 1 10 7 1 10 12 1 1 10 12 1 1 10 18 12 1 1 10 12 1 18 12 1 18 18 18 11 7 12 1 1 1 9 12 1 1 10 12 1 9 7 12 1 1 1 7 1 10 7 12 1 1 1 100 1 10 12 1 1 100 1 10 12 1 1 10 7 12 1 1 10 10 9 12 1 9 12 1 1 10 12 1 1 7 1 10 7 12 1 1 1 10 12 1 7 1 10 12 1 1 10 12 1 1 10 12 1 9 12 1 1 9 12 1 9 12 1 9 12 1 9 12 1 9 12 1 10 12 1 9 12 1 1 100 1 8 1 10 12 1 10 12 1 1 10 12 1 1 10 12 1 1 9 12 1 10 12 1 1 10 12 1 1 9 7 12 1 1 1 11 100 12 1 1 1 11 12 1 11 12 1 1 10 12 1 1 11 12 1 10 10 12 1 1 10 12 1 1 10 12 1 1 10 12 1 1 10 12 1 1 11 7 12 1 1 10 12 1 1 9 12 1 9 12 1 9 7 12 1 1 1 9 12 1 10 100 12 1 1 1 10 12 1 9 12 1 10 9 12 1 10 100 12 1 1 1 18 9 12 1 11 12 1 10 12 1 1 9 12 1 1 10 7 12 1 1 1 10 12 1 1 10 12 1 1 10 12 1 1 10 12 1 1 10 12 1 1 9 12 1 1 10 12 1 1 11 12 1 9 12 1 1 10 12 1 9 12 1 11 12 1 1 9 12 1 1 11 7 12 1 1 11 11 12 1 11 7 1 11 12 1 11 10 12 1 10 12 1 1 9 12 1 9 12 1 1 9 12 1 1 9 12 1 10 12 1 1 100 1 4 10 12 1 10 12 1 10 12 1 1 10 12 1 10 10 12 1 1 1 3 1 3 1 3 1 3 1 3 1 1 1 1 1 1 1 1 1 100 1 1 1 1 1 1 1 1 1 1 1 1 1 1 1 1 1 1 1 1 1 1 1 1 1 15 10 7 12 1 1 8 1 8 1 8 1 8 1 8 1 8 1 1 1 1 1 1 1 100 1 100 1 1
staticfield com/sun/prism/impl/ps/BaseShaderContext NUM_STOCK_SHADER_SLOTS I 224
ciInstanceKlass com/sun/prism/Graphics 1 1 206 11 100 12 1 1 1 11 100 12 1 1 1 11 100 12 1 1 1 11 12 1 1 11 12 1 11 12 1 11 12 1 9 100 12 1 1 1 11 100 12 1 1 1 9 100 12 1 1 1 9 100 12 1 1 1 11 100 12 1 1 1 10 100 12 1 1 1 11 100 12 1 1 1 10 12 1 11 12 1 1 11 12 1 1 11 12 1 1 100 1 1 1 1 1 1 1 1 1 1 1 1 1 1 1 1 1 1 1 1 1 1 1 1 1 1 1 1 1 1 1 1 1 1 1 1 1 1 1 1 1 1 1 1 1 1 1 1 1 1 1 1 1 1 1 1 1 1 1 1 1 1 1 1 1 1 1 1 1 1 1 1 1 1 1 1 1 1 1 1 1 1 1 1 1 1 1 1 1 1 1 1 1 1 1 1 1 1 1 1 1 1 1 1 1 1 1 1 1 1 1 1 1 1 1 1
instanceKlass com/sun/prism/impl/ps/BaseShaderGraphics
ciInstanceKlass com/sun/prism/impl/BaseGraphics 1 1 511 10 7 12 1 1 1 7 1 10 9 7 12 1 1 1 9 7 12 1 1 1 9 12 1 9 12 1 1 9 12 1 1 9 12 1 1 9 12 1 9 12 1 9 12 1 9 12 1 1 9 12 1 9 12 1 1 9 12 1 9 12 1 9 12 1 9 12 1 9 12 1 9 12 1 1 9 12 1 1 7 1 11 7 12 1 1 1 11 12 1 10 12 1 9 12 1 10 12 1 9 12 1 9 7 12 1 1 1 9 12 1 10 7 12 1 1 1 10 12 1 1 10 12 1 1 10 12 1 1 10 12 1 10 12 1 1 10 12 1 10 12 1 10 12 1 10 12 1 10 12 1 1 10 12 1 10 12 1 10 12 9 12 1 1 9 12 1 1 10 12 1 1 10 7 12 1 1 1 9 7 12 1 1 1 10 12 1 1 9 12 1 10 12 1 9 12 1 9 7 12 1 1 10 12 1 10 12 1 9 12 1 1 7 1 10 12 1 10 12 1 10 12 1 9 7 12 1 1 1 10 12 1 1 10 12 1 10 12 1 1 10 12 1 10 12 1 10 12 1 100 1 4 4 9 7 12 1 1 1 10 7 12 1 1 1 10 12 1 1 10 12 1 1 9 12 1 10 12 1 1 11 7 12 1 1 1 9 7 12 1 1 1 10 12 1 1 10 12 1 1 11 12 1 11 12 1 11 12 1 11 12 1 10 12 1 1 10 12 1 10 7 12 1 1 1 10 12 1 1 10 12 1 10 12 1 1 10 12 1 1 7 1 4 10 12 1 9 12 1 7 1 10 9 12 1 1 7 1 10 9 12 1 1 7 1 10 9 12 1 1 100 1 1 1 1 1 1 1 1 1 1 1 1 1 1 1 1 1 1 1 1 1 1 1 1 1 1 1 1 1 1 1 1 1 1 1 1 1 1 1 1 1 1 1 1 1 1 1 1 1 1 1 1 1 1 1 1 1 1 1 1 1 1 1 1 1 1 1 1 1 1 1 1 1 1 100 1 8 1 1 12 10 1 1 1 8 1 1 1 8 1 1 1 8 1 1 1 8 1 1 1 8 1 1 1 8 1 1 8 1 1 8 1 1 1 8 1 1 8 1 1 8 1 1 1 8 1 1 8 1 1 8 1 1 1 8 1 1 8 1
staticfield com/sun/prism/impl/BaseGraphics DEFAULT_STROKE Lcom/sun/prism/BasicStroke; com/sun/prism/BasicStroke
staticfield com/sun/prism/impl/BaseGraphics DEFAULT_PAINT Lcom/sun/prism/paint/Paint; com/sun/prism/paint/Color
staticfield com/sun/prism/impl/BaseGraphics scratchRRect Lcom/sun/javafx/geom/RoundRectangle2D; com/sun/javafx/geom/RoundRectangle2D
staticfield com/sun/prism/impl/BaseGraphics scratchEllipse Lcom/sun/javafx/geom/Ellipse2D; com/sun/javafx/geom/Ellipse2D
staticfield com/sun/prism/impl/BaseGraphics scratchLine Lcom/sun/javafx/geom/Line2D; com/sun/javafx/geom/Line2D
staticfield com/sun/prism/impl/BaseGraphics IDENT Lcom/sun/javafx/geom/transform/BaseTransform; com/sun/javafx/geom/transform/Identity
instanceKlass com/sun/javafx/geom/transform/Translate2D
instanceKlass com/sun/javafx/geom/transform/Identity
instanceKlass com/sun/javafx/geom/transform/AffineBase
ciInstanceKlass com/sun/javafx/geom/transform/BaseTransform 1 1 242 7 1 10 7 12 1 1 1 100 1 10 100 12 1 1 1 18 12 1 1 10 12 1 10 12 1 1 9 12 1 1 10 12 1 7 1 10 12 1 10 12 1 100 1 10 100 1 10 10 12 1 1 10 12 1 10 12 1 1 10 12 1 10 12 1 10 10 12 1 1 5 0 10 12 1 1 10 100 12 1 1 1 10 12 1 10 12 1 10 12 1 10 12 1 10 12 1 10 12 1 10 12 1 10 12 1 10 12 1 10 12 1 10 12 1 100 1 10 6 0 6 0 10 12 1 1 18 12 1 7 1 10 100 1 1 1 1 3 1 3 1 3 1 3 1 3 1 3 1 3 1 3 1 3 1 3 1 3 1 3 1 3 1 1 1 1 1 1 1 1 1 1 1 1 1 1 1 1 1 1 1 100 1 1 1 1 1 1 1 1 1 1 1 1 1 1 1 1 1 1 1 1 1 1 1 1 1 1 1 1 1 1 1 1 1 1 1 1 1 1 1 100 1 1 15 10 100 12 1 1 8 1 8 1 1 1 100 1 100 1 1
staticfield com/sun/javafx/geom/transform/BaseTransform IDENTITY_TRANSFORM Lcom/sun/javafx/geom/transform/BaseTransform; com/sun/javafx/geom/transform/Identity
instanceKlass com/sun/javafx/geom/transform/Affine2D
instanceKlass com/sun/javafx/geom/transform/Affine3D
ciInstanceKlass com/sun/javafx/geom/transform/AffineBase 1 1 380 7 1 10 7 12 1 1 1 100 1 8 1 10 12 1 10 12 1 9 12 1 1 9 12 1 9 12 1 9 12 1 9 12 1 9 12 1 9 12 1 1 9 12 1 10 12 1 10 12 1 1 10 12 1 6 0 10 12 1 10 12 1 10 12 1 1 7 1 10 9 12 1 1 9 12 1 10 12 1 1 7 1 10 9 12 9 12 9 12 1 10 7 12 1 1 1 10 12 1 10 12 1 10 12 1 10 12 1 1 10 12 1 10 12 1 10 12 1 10 7 1 10 10 12 1 10 10 10 12 1 10 12 1 10 12 1 10 12 1 1 10 12 1 10 12 1 10 12 1 1 9 7 12 1 1 1 10 12 1 1 10 12 1 1 10 12 1 10 12 10 100 12 1 1 10 100 12 1 1 10 12 10 12 1 1 10 100 12 1 1 1 10 12 1 10 7 12 1 1 1 100 1 6 0 100 1 18 12 1 1 10 8 1 10 12 1 1 10 12 1 10 12 1 10 12 1 10 12 1 7 1 10 12 1 9 12 1 1 10 12 1 10 12 1 10 12 1 10 12 1 10 12 1 9 7 12 1 1 10 12 1 1 10 7 12 1 1 10 12 1 1 10 12 1 10 12 1 1 10 12 1 1 9 12 1 1 10 12 1 1 100 1 10 12 1 10 12 1 1 1 3 1 3 1 3 1 3 1 3 1 3 1 3 1 1 1 3 1 3 1 3 1 3 1 1 1 1 1 1 1 1 1 1 1 1 1 1 1 1 1 1 1 100 1 1 100 1 1 1 1 1 1 1 1 1 1 1 1 1 1 1 1 1 15 10 100 12 1 1 8 1 1 1 1 100 1 100 1 1
staticfield com/sun/javafx/geom/transform/AffineBase rot90conversion [I 8
ciInstanceKlass com/sun/prism/impl/ps/BaseShaderContext$MaskType 1 1 155 7 1 9 12 1 1 9 12 1 9 12 1 9 12 1 9 12 1 9 12 1 9 12 1 9 12 1 9 12 1 9 12 1 9 12 1 9 12 1 9 12 1 9 12 1 9 12 1 1 10 7 12 1 1 10 7 12 1 1 1 10 12 1 1 9 12 1 1 9 12 1 1 9 12 1 8 8 1 10 12 1 8 8 1 8 8 1 10 12 1 8 8 1 8 8 1 8 8 1 8 8 1 10 12 1 8 8 1 8 8 1 8 8 1 8 8 1 8 8 1 8 8 1 8 8 1 10 12 1 1 1 1 1 1 1 1 1 1 1 1 1 1 1 1 1 1 1 1 1 1 100 1 1 1
staticfield com/sun/prism/impl/ps/BaseShaderContext$MaskType SOLID Lcom/sun/prism/impl/ps/BaseShaderContext$MaskType; com/sun/prism/impl/ps/BaseShaderContext$MaskType
staticfield com/sun/prism/impl/ps/BaseShaderContext$MaskType TEXTURE Lcom/sun/prism/impl/ps/BaseShaderContext$MaskType; com/sun/prism/impl/ps/BaseShaderContext$MaskType
staticfield com/sun/prism/impl/ps/BaseShaderContext$MaskType ALPHA_ONE Lcom/sun/prism/impl/ps/BaseShaderContext$MaskType; com/sun/prism/impl/ps/BaseShaderContext$MaskType
staticfield com/sun/prism/impl/ps/BaseShaderContext$MaskType ALPHA_TEXTURE Lcom/sun/prism/impl/ps/BaseShaderContext$MaskType; com/sun/prism/impl/ps/BaseShaderContext$MaskType
staticfield com/sun/prism/impl/ps/BaseShaderContext$MaskType ALPHA_TEXTURE_DIFF Lcom/sun/prism/impl/ps/BaseShaderContext$MaskType; com/sun/prism/impl/ps/BaseShaderContext$MaskType
staticfield com/sun/prism/impl/ps/BaseShaderContext$MaskType FILL_PGRAM Lcom/sun/prism/impl/ps/BaseShaderContext$MaskType; com/sun/prism/impl/ps/BaseShaderContext$MaskType
staticfield com/sun/prism/impl/ps/BaseShaderContext$MaskType DRAW_PGRAM Lcom/sun/prism/impl/ps/BaseShaderContext$MaskType; com/sun/prism/impl/ps/BaseShaderContext$MaskType
staticfield com/sun/prism/impl/ps/BaseShaderContext$MaskType FILL_CIRCLE Lcom/sun/prism/impl/ps/BaseShaderContext$MaskType; com/sun/prism/impl/ps/BaseShaderContext$MaskType
staticfield com/sun/prism/impl/ps/BaseShaderContext$MaskType DRAW_CIRCLE Lcom/sun/prism/impl/ps/BaseShaderContext$MaskType; com/sun/prism/impl/ps/BaseShaderContext$MaskType
staticfield com/sun/prism/impl/ps/BaseShaderContext$MaskType FILL_ELLIPSE Lcom/sun/prism/impl/ps/BaseShaderContext$MaskType; com/sun/prism/impl/ps/BaseShaderContext$MaskType
staticfield com/sun/prism/impl/ps/BaseShaderContext$MaskType DRAW_ELLIPSE Lcom/sun/prism/impl/ps/BaseShaderContext$MaskType; com/sun/prism/impl/ps/BaseShaderContext$MaskType
staticfield com/sun/prism/impl/ps/BaseShaderContext$MaskType FILL_ROUNDRECT Lcom/sun/prism/impl/ps/BaseShaderContext$MaskType; com/sun/prism/impl/ps/BaseShaderContext$MaskType
staticfield com/sun/prism/impl/ps/BaseShaderContext$MaskType DRAW_ROUNDRECT Lcom/sun/prism/impl/ps/BaseShaderContext$MaskType; com/sun/prism/impl/ps/BaseShaderContext$MaskType
staticfield com/sun/prism/impl/ps/BaseShaderContext$MaskType DRAW_SEMIROUNDRECT Lcom/sun/prism/impl/ps/BaseShaderContext$MaskType; com/sun/prism/impl/ps/BaseShaderContext$MaskType
staticfield com/sun/prism/impl/ps/BaseShaderContext$MaskType $VALUES [Lcom/sun/prism/impl/ps/BaseShaderContext$MaskType; 14 [Lcom/sun/prism/impl/ps/BaseShaderContext$MaskType;
instanceKlass com/sun/prism/d3d/D3DGraphics
ciInstanceKlass com/sun/prism/impl/ps/BaseShaderGraphics 1 1 1013 10 7 12 1 1 1 9 7 12 1 1 1 9 12 1 1 9 12 1 1 9 12 1 10 12 1 1 10 7 12 1 1 1 9 12 1 1 10 7 12 1 1 1 10 7 12 1 1 1 10 7 12 1 1 1 7 1 10 12 1 1 100 1 10 12 1 1 10 12 1 1 10 12 1 1 10 12 1 1 9 7 12 1 1 1 10 12 1 1 10 12 1 1 9 7 12 1 1 1 10 10 12 1 1 7 1 10 12 1 1 10 12 1 1 10 12 1 1 10 12 1 10 12 1 1 9 12 1 9 12 1 1 9 12 1 1 9 12 1 10 12 1 1 10 12 1 1 10 12 1 1 9 100 12 1 1 1 10 12 1 10 12 1 11 7 12 1 1 10 12 1 1 11 12 1 6 0 10 7 12 1 1 1 8 1 11 7 12 1 1 1 8 1 10 12 1 1 10 7 12 1 1 1 100 1 10 100 12 1 1 1 18 12 1 1 10 12 1 9 12 1 10 12 1 10 12 1 10 12 1 1 11 7 1 11 10 12 1 9 12 1 10 12 1 9 12 1 10 12 1 1 10 12 1 10 7 12 1 1 1 10 7 12 1 1 10 12 1 10 12 1 10 12 1 9 12 1 1 9 12 1 1 10 7 12 1 1 1 10 12 1 10 12 1 1 11 11 12 1 10 12 1 1 10 12 1 1 9 7 12 1 1 1 9 7 12 1 1 1 10 12 1 1 10 12 1 1 10 12 1 9 12 1 1 10 12 1 1 10 7 12 1 1 1 10 12 1 10 12 1 10 12 1 10 12 1 10 7 12 1 4 10 7 12 1 1 9 12 1 1 10 12 1 1 10 12 1 10 12 1 10 12 1 10 12 1 10 12 1 10 12 1 10 12 1 10 100 1 10 12 1 10 12 1 1 10 12 1 9 12 1 10 12 1 1 10 12 1 1 10 12 1 1 10 12 1 9 12 1 10 12 1 1 9 12 1 6 0 9 12 1 9 12 1 9 12 1 10 12 1 8 1 11 12 1 8 1 8 1 9 12 1 10 12 1 6 0 9 12 1 6 0 10 12 1 1 9 12 1 9 12 1 10 12 1 10 12 1 1 9 100 12 1 1 1 10 12 1 100 1 10 12 1 1 100 1 10 12 1 1 100 1 10 12 1 1 100 1 18 10 4 10 12 1 10 12 1 10 12 1 10 12 1 9 7 12 1 1 1 8 1 10 100 12 1 1 10 100 12 1 1 9 12 1 1 10 12 1 1 9 12 1 10 12 1 8 1 10 12 1 4 9 12 1 1 10 7 12 1 1 1 10 12 1 1 10 12 1 1 9 12 1 1 10 100 12 1 1 10 12 1 10 12 1 10 12 9 12 1 9 12 1 10 12 10 12 1 10 12 1 9 12 1 1 11 12 1 1 10 12 1 1 10 12 1 10 12 1 1 10 12 1 1 10 12 1 1 9 12 1 1 10 100 12 1 1 10 12 1 10 12 1 1 10 12 1 1 10 12 1 10 12 1 9 12 1 10 12 10 12 1 10 12 1 1 10 7 12 1 1 10 12 1 1 10 12 10 12 10 12 1 1 10 12 1 1 10 12 1 1 9 12 1 10 12 1 1 11 7 1 11 10 12 1 11 7 12 1 1 1 11 7 12 1 1 1 11 7 12 1 1 1 10 12 1 1 10 12 1 11 12 1 10 12 1 1 11 12 1 1 10 12 1 1 9 12 1 1 9 12 1 11 12 1 11 12 1 11 12 1 11 12 1 11 12 1 1 10 12 1 11 12 1 1 11 100 12 1 1 4 11 11 12 1 11 12 1 10 12 7 1 10 12 1 9 12 1 9 12 1 10 12 1 1 10 7 12 1 1 10 12 1 1 10 12 1 10 7 12 1 1 10 12 1 10 12 1 10 12 1 10 12 1 10 12 1 10 8 1 11 12 1 10 12 1 1 10 12 1 1 100 1 11 12 1 9 12 9 12 9 12 1 9 12 1 10 8 1 10 12 1 10 10 18 12 1 1 10 7 12 1 1 1 4 10 100 12 1 1 10 12 1 18 12 1 100 1 100 1 100 1 1 1 1 1 1 1 1 1 1 1 1 1 1 1 1 1 100 1 1 1 1 1 1 1 1 1 1 1 1 1 1 100 1 1 1 1 1 1 1 1 1 1 1 1 1 1 15 10 100 12 1 1 8 1 8 1 15 10 7 12 1 1 1 16 15 10 12 8 1 1 1 1 100 1 100 1 1 1 100 1 8 1 1 12 10 1 1 1 8 1 1
staticfield com/sun/prism/impl/ps/BaseShaderGraphics FRINGE_FACTOR F -1090519040
staticfield com/sun/prism/impl/ps/BaseShaderGraphics SQRT_2 D 4609047870845172685
ciInstanceKlass com/sun/javafx/geom/transform/Affine3D 1 1 387 10 7 12 1 1 1 9 7 12 1 1 1 9 12 1 9 12 1 10 12 1 1 9 12 1 9 12 1 9 12 1 9 12 1 9 12 1 9 12 1 9 12 1 9 12 1 9 12 1 10 12 1 9 12 1 1 9 12 1 10 12 1 9 7 12 1 1 1 10 10 12 1 1 10 12 1 7 1 10 12 1 1 10 12 1 10 12 1 10 12 1 10 12 1 10 12 1 10 12 1 10 12 1 10 12 1 10 12 1 10 12 1 10 12 1 10 12 1 10 12 1 1 10 12 1 1 10 12 1 10 100 12 1 1 1 10 12 1 10 12 1 10 12 1 10 12 1 1 100 1 10 10 100 12 1 1 1 10 100 12 1 1 1 10 12 1 10 12 1 10 12 1 10 12 1 10 12 1 10 12 1 1 10 12 1 10 12 1 10 12 1 9 12 1 9 12 1 9 12 1 10 12 1 10 12 1 1 10 12 1 1 10 12 10 12 1 10 12 10 12 1 10 12 10 12 1 10 12 10 12 10 10 12 10 10 12 10 10 12 1 10 12 10 12 1 10 12 1 10 10 12 1 1 10 10 12 1 10 12 1 10 12 1 10 12 10 12 1 10 12 1 10 12 1 10 12 1 9 7 12 1 1 1 10 12 1 1 10 12 1 1 10 10 12 1 1 10 10 12 1 100 1 8 1 10 12 1 6 0 6 0 6 0 10 12 1 10 12 1 18 12 1 1 10 12 1 1 10 12 1 10 12 1 10 12 1 10 12 1 1 10 12 1 1 1 1 1 1 1 1 1 100 1 1 1 1 1 1 1 1 1 1 1 1 1 1 1 1 1 1 1 15 10 100 12 1 1 8 1 1 1 100 1 100 1 1
ciInstanceKlass com/sun/javafx/geom/transform/Affine2D 1 1 369 10 7 12 1 1 1 9 7 12 1 1 1 9 12 1 9 12 1 9 12 1 9 12 1 9 12 1 9 12 1 1 7 1 9 12 1 10 12 1 1 10 12 1 9 7 12 1 1 1 10 12 1 1 10 12 1 1 10 12 1 10 12 1 10 12 1 10 100 12 1 1 1 10 12 10 12 1 6 0 10 12 1 10 12 1 10 12 9 7 12 1 1 1 10 12 1 1 10 12 1 1 10 12 1 10 12 1 1 10 12 1 10 12 1 10 12 1 9 100 12 1 1 1 10 100 12 1 1 1 18 12 1 1 10 100 12 1 1 1 10 12 1 18 12 1 10 12 1 10 12 1 18 10 12 1 10 12 10 12 1 10 12 1 10 12 1 10 12 1 10 12 1 10 12 1 10 12 1 10 12 1 1 9 9 10 12 1 10 12 1 7 1 6 0 100 1 18 10 12 10 12 1 8 1 10 9 100 12 1 1 1 9 12 1 10 10 12 1 1 6 0 10 12 1 10 12 1 18 12 1 10 12 1 100 1 10 12 10 12 1 10 12 1 10 12 10 12 1 1 10 12 1 10 12 1 1 10 12 1 10 12 10 12 1 10 12 1 1 10 10 12 1 10 10 12 1 10 10 12 1 9 12 1 1 5 0 10 10 12 1 1 10 10 10 10 10 10 12 1 1 9 12 1 1 1 1 1 1 1 1 1 1 1 1 1 1 1 100 1 1 1 1 1 1 1 1 1 1 1 1 1 1 1 1 1 1 1 1 1 1 1 1 1 1 1 15 10 100 12 1 1 8 1 8 1 8 1 8 1 8 1 1 1 100 1 100 1 1
staticfield com/sun/javafx/geom/transform/Affine2D BASE_HASH J -4039728865751334912
ciInstanceKlass com/sun/javafx/geom/RectBounds 1 1 265 10 7 12 1 1 1 9 7 12 1 1 1 9 12 1 4 9 12 1 9 12 1 10 12 1 10 12 1 10 12 1 9 7 12 1 1 1 9 12 1 9 12 1 9 12 1 9 7 12 1 1 1 100 1 10 9 12 9 12 100 1 10 9 9 9 12 1 10 12 1 1 10 12 1 9 12 1 100 1 10 12 1 10 12 1 100 1 8 1 10 12 1 10 12 1 1 10 12 1 1 10 12 1 1 10 12 1 10 12 1 10 12 1 10 12 1 10 12 1 10 10 10 12 1 9 100 1 9 10 12 10 10 10 7 12 1 1 1 10 12 1 10 12 10 12 1 1 10 10 10 10 10 12 1 10 12 1 10 12 1 10 10 10 12 1 1 10 12 1 10 12 1 10 12 1 10 12 1 1 10 12 1 10 12 1 10 12 1 10 7 12 1 1 1 10 100 12 1 1 1 18 12 1 1 1 1 1 1 1 1 1 1 1 1 1 1 1 1 1 1 1 1 1 1 1 1 1 1 1 1 1 1 1 1 1 1 1 1 1 1 1 1 1 1 1 1 1 1 1 15 10 100 12 1 1 8 1 1 1 100 1 100 1 1
ciInstanceKlass com/sun/prism/impl/VertexBuffer 1 1 145 7 1 10 7 12 1 1 1 9 12 1 1 9 12 1 1 9 12 1 9 12 1 1 9 12 1 1 10 7 12 1 1 1 10 12 1 4 9 12 1 1 10 12 1 9 12 1 10 12 1 9 12 1 9 12 1 10 12 1 1 10 7 12 1 1 1 10 100 12 1 1 1 10 12 1 10 12 1 10 12 1 10 12 1 1 10 12 1 10 12 1 10 12 1 1 10 100 12 1 1 1 10 12 1 1 1 1 3 1 3 1 3 1 3 1 1 3 1 1 3 1 1 1 1 1 1 1 1 1 1 1 1 1 1 1 1 1 100 1 1 1 1 1 1
instanceKlass java/security/AccessControlException
ciInstanceKlass java/lang/SecurityException 1 1 35 10 7 12 1 1 1 10 12 1 10 12 1 10 12 1 100 1 1 1 1 5 0 1 1 1 1 1 1 1 1 1 1 1 1
ciInstanceKlass java/lang/AssertionError 0 0 79 10 100 12 1 1 1 10 12 1 10 100 12 1 1 1 10 100 1 100 1 10 12 1 1 10 12 1 10 12 1 10 12 1 10 12 1 10 12 1 10 12 1 10 12 1 1 1 1 5 0 1 1 1 1 1 1 1 1 1 1 100 1 1 1 1 1 1 1 1 1 1 1 1 1 1 1 1 1
instanceKlass com/sun/javafx/sg/prism/NGCamera
instanceKlass com/sun/javafx/sg/prism/NGShape
instanceKlass com/sun/javafx/sg/prism/NGGroup
ciInstanceKlass com/sun/javafx/sg/prism/NGNode 1 1 1142 7 1 10 7 12 1 1 1 9 7 12 1 1 1 9 12 1 7 1 10 9 12 1 1 9 12 1 9 12 1 9 12 1 1 9 7 12 1 1 1 9 12 1 9 12 1 1 9 12 1 1 9 12 1 9 12 1 9 12 1 1 9 12 1 9 12 1 1 9 12 1 9 12 1 10 12 1 10 7 12 1 1 1 10 12 1 1 10 12 1 1 10 12 1 10 12 1 10 9 12 1 1 9 12 1 1 9 7 12 1 1 9 12 1 1 100 1 10 10 12 1 1 10 12 1 10 12 1 10 12 1 10 12 1 10 12 1 10 12 1 10 12 1 10 12 1 10 12 1 10 12 1 9 12 1 10 12 1 9 12 1 10 12 1 1 10 12 1 10 12 1 9 12 1 10 12 1 1 10 12 1 10 12 1 100 1 8 1 10 12 1 9 12 1 1 8 1 7 1 10 12 1 10 12 1 1 10 12 1 1 10 12 1 10 12 1 1 9 12 1 9 12 1 1 7 1 10 12 1 10 10 10 12 1 9 12 1 9 12 1 1 10 12 1 10 12 1 10 12 1 1 10 12 1 10 12 1 10 12 1 10 12 1 10 12 1 10 12 1 10 12 1 1 10 12 1 10 12 1 10 12 1 10 12 1 1 10 12 1 10 12 1 10 12 1 10 12 1 10 12 1 1 10 12 1 10 12 1 9 12 1 9 12 1 10 12 1 1 10 12 1 1 7 1 10 12 1 1 11 7 12 1 1 1 11 12 1 1 10 12 1 10 12 1 10 12 1 1 10 12 1 10 12 1 10 12 1 1 100 1 10 7 1 10 12 1 1 9 12 1 100 1 10 10 12 1 1 10 12 1 1 10 12 1 1 10 10 12 1 1 10 12 1 10 12 1 10 12 1 1 9 12 1 1 10 12 1 100 1 10 7 12 1 1 1 10 7 1 10 12 1 10 12 1 10 12 1 1 10 12 1 1 10 12 1 1 10 12 1 1 10 12 1 10 12 1 1 10 12 1 10 12 1 1 10 7 1 10 9 12 1 10 10 10 12 1 1 10 12 1 1 8 1 10 100 12 1 1 1 8 1 8 1 8 1 8 1 8 1 8 1 8 1 8 1 8 1 8 1 10 12 1 1 10 12 1 10 12 1 10 12 1 1 10 12 1 100 1 10 18 12 1 1 11 12 1 8 1 8 1 18 18 18 8 1 8 1 8 1 10 12 1 1 10 10 10 12 1 10 12 1 18 12 1 11 18 12 1 8 1 100 1 18 18 12 1 18 12 1 18 18 9 7 12 1 1 9 12 1 10 12 1 9 12 1 9 12 1 6 0 3 3 3 3 3 3 8 1 10 12 1 1 9 7 12 1 1 1 10 7 12 1 9 12 1 10 12 1 10 12 1 9 7 12 1 9 12 10 100 12 1 1 1 10 12 1 1 3 9 12 1 1 10 7 12 1 1 10 12 10 12 1 1 10 12 1 9 12 1 10 12 1 9 12 1 1 10 12 1 1 10 10 10 12 1 10 10 12 1 1 10 12 1 10 12 1 10 12 1 10 7 12 1 1 9 100 12 1 1 9 7 12 1 1 8 1 10 12 1 10 12 1 1 10 12 1 11 7 12 1 1 1 9 12 1 11 12 1 11 12 1 11 12 1 11 12 1 10 11 12 1 11 12 1 11 12 1 7 1 10 12 1 10 12 1 10 12 1 10 12 1 1 10 12 1 10 12 1 10 12 1 1 9 12 1 1 10 7 12 1 1 10 12 1 10 12 1 9 12 1 100 1 11 12 1 8 1 10 12 1 1 10 12 1 1 10 12 10 7 12 1 1 1 10 10 12 1 1 10 12 1 1 7 1 10 12 1 1 11 12 1 1 11 12 1 11 12 1 1 10 12 1 1 100 1 100 1 10 12 1 10 12 1 11 12 1 1 11 12 1 9 100 12 1 1 1 11 12 1 1 10 12 1 1 10 12 1 1 11 12 1 1 10 7 12 1 1 1 10 7 12 1 10 11 12 1 1 10 10 10 11 12 1 10 12 1 10 10 12 1 1 10 12 1 1 10 11 12 1 100 1 9 100 12 1 1 1 10 12 1 9 12 1 9 12 1 10 12 1 11 12 1 11 12 1 1 10 12 10 12 1 10 12 1 1 11 12 1 1 10 12 1 7 1 10 10 11 12 1 11 12 1 1 11 12 1 1 10 7 12 1 1 1 10 12 1 1 10 12 1 1 10 12 1 1 10 12 1 1 10 7 12 1 1 10 12 1 10 12 1 10 12 1 1 10 12 1 1 10 7 12 1 1 10 7 12 1 1 1 9 12 1 1 10 12 1 10 12 1 1 10 10 10 1 1 3 1 3 1 3 1 3 1 1 1 1 1 1 1 1 1 1 1 1 1 1 1 1 1 1 1 1 1 1 1 1 1 1 1 1 1 1 1 1 100 1 1 1 100 1 1 100 1 100 1 1 1 1 1 1 1 15 10 100 12 1 1 8 1 8 1 8 1 8 1 8 1 8 1 8 1 8 1 8 1 8 1 8 1 1 1 1 1 1 1 1 100 1 100 1 1
staticfield com/sun/javafx/sg/prism/NGNode pipeline Lcom/sun/prism/GraphicsPipeline; com/sun/prism/d3d/D3DPipeline
staticfield com/sun/javafx/sg/prism/NGNode effectsSupported Ljava/lang/Boolean; java/lang/Boolean
staticfield com/sun/javafx/sg/prism/NGNode TEMP_BOUNDS Lcom/sun/javafx/geom/BoxBounds; com/sun/javafx/geom/BoxBounds
staticfield com/sun/javafx/sg/prism/NGNode TEMP_RECT_BOUNDS Lcom/sun/javafx/geom/RectBounds; com/sun/javafx/geom/RectBounds
staticfield com/sun/javafx/sg/prism/NGNode TEMP_TRANSFORM Lcom/sun/javafx/geom/transform/Affine3D; com/sun/javafx/geom/transform/Affine3D
staticfield com/sun/javafx/sg/prism/NGNode $assertionsDisabled Z 1
instanceKlass com/sun/javafx/sg/prism/NGRegion
ciInstanceKlass com/sun/javafx/sg/prism/NGGroup 1 1 419 10 7 12 1 1 1 9 7 12 1 1 1 9 7 12 1 1 7 1 10 12 1 9 12 1 1 10 7 12 1 1 1 9 12 1 9 12 1 11 7 12 1 1 1 100 1 8 1 10 12 1 10 12 1 1 9 12 1 1 11 12 1 1 11 12 1 10 12 1 10 12 1 10 12 1 11 12 1 1 11 12 1 9 12 1 10 9 12 1 1 10 12 1 11 12 1 11 12 1 11 12 1 1 11 12 1 1 11 7 12 1 1 11 12 1 1 100 1 10 100 12 1 1 1 10 12 1 100 1 8 1 10 10 12 1 1 11 12 1 10 12 1 1 11 7 12 1 1 1 10 7 1 10 12 10 12 1 1 11 12 1 1 10 12 1 11 12 1 1 100 1 10 12 1 100 1 10 12 1 10 12 1 1 11 12 1 1 10 7 12 1 1 10 100 12 1 1 10 100 12 1 1 1 10 100 12 1 1 1 10 12 1 1 10 12 1 1 10 12 1 1 10 12 1 1 100 1 10 12 1 11 12 1 1 10 12 1 1 9 100 12 1 1 9 12 1 9 12 1 9 12 1 11 12 1 1 10 12 1 10 12 1 1 9 12 1 9 7 12 1 1 1 10 12 1 10 12 1 1 10 12 1 1 10 7 12 1 1 10 12 1 10 12 1 10 12 1 1 9 12 1 1 10 7 12 1 1 1 10 10 12 1 10 10 12 1 1 10 12 1 1 10 12 1 10 12 1 10 12 1 10 12 1 10 12 1 10 12 1 10 12 1 10 12 1 10 12 1 10 12 1 10 12 1 10 12 1 10 12 1 1 10 12 1 9 12 1 10 12 9 12 1 10 12 1 1 10 12 1 1 3 10 12 1 1 1 1 1 1 1 1 1 1 1 1 1 1 1 1 1 1 1 1 1 100 1 1 100 1 100 1 100 1 1 1 1 1 1
ciInstanceKlass com/sun/javafx/sg/prism/NGRegion 1 1 1105 10 7 12 1 1 1 9 7 12 1 1 1 9 7 12 1 1 9 7 12 1 1 9 12 1 9 7 12 1 1 9 12 1 9 12 1 1 9 12 1 9 12 1 7 1 4 9 12 1 1 9 12 1 9 12 1 9 12 1 10 7 12 1 1 1 11 7 12 1 1 1 7 1 7 1 10 7 12 1 1 1 7 1 9 12 1 1 10 12 1 1 9 12 1 1 10 12 1 9 12 1 1 10 12 1 9 12 1 9 12 1 10 12 1 1 10 12 1 1 10 12 1 1 10 12 1 9 12 1 1 10 12 1 1 11 7 12 1 1 1 7 1 10 12 1 1 7 1 10 12 1 9 12 1 1 9 7 12 1 1 11 12 1 11 12 1 1 7 1 10 12 1 1 7 1 10 12 1 1 10 12 1 10 12 1 10 12 1 7 1 7 1 10 9 12 1 10 10 12 1 10 11 7 12 1 1 1 9 12 1 1 10 7 12 1 1 100 1 10 12 1 1 11 100 12 1 1 10 12 1 11 12 1 1 10 12 1 10 12 1 1 10 12 1 10 100 1 10 100 12 1 1 1 10 12 1 10 12 1 1 10 7 12 1 1 1 10 12 1 1 9 7 12 1 1 1 10 12 1 10 10 11 12 1 1 10 7 12 1 1 10 12 1 9 12 1 10 12 1 1 100 1 10 9 12 1 1 100 1 9 12 1 1 10 12 1 10 12 1 1 10 12 1 10 12 1 10 12 1 10 12 1 10 12 1 10 12 1 10 12 1 10 12 1 1 10 7 12 1 1 1 10 12 1 1 10 7 12 1 1 1 10 12 1 10 12 1 100 1 10 12 1 1 10 12 1 1 10 12 1 1 9 12 1 1 10 7 12 1 1 1 10 12 1 1 10 11 12 1 1 9 12 1 10 12 1 9 12 1 10 12 1 11 12 1 1 10 12 1 9 7 12 1 1 8 1 10 12 1 1 10 12 1 10 12 1 11 12 1 1 8 1 6 0 10 12 1 1 10 12 1 11 12 1 1 8 1 10 12 1 1 18 12 1 1 10 12 1 10 12 1 11 12 1 1 10 11 12 1 10 12 1 100 1 10 12 1 1 10 12 1 1 11 100 12 1 1 1 100 1 10 12 1 1 10 100 12 1 1 100 1 10 12 1 10 12 10 12 10 12 1 10 12 1 10 12 1 10 12 1 1 10 12 1 1 10 12 1 1 8 1 10 12 1 1 10 100 12 1 10 12 10 12 1 1 9 100 12 1 1 1 11 100 12 1 1 1 11 100 12 1 1 10 12 1 10 10 12 1 10 10 12 1 10 12 10 12 1 1 10 12 1 1 10 100 12 1 1 1 9 100 12 1 1 1 10 12 1 10 12 1 10 12 1 9 12 1 10 12 1 10 12 1 10 12 1 1 10 12 1 10 12 1 1 4 11 12 1 1 11 12 1 11 12 1 1 8 1 10 12 1 1 10 12 1 10 7 12 1 1 10 7 12 1 1 10 12 1 10 12 1 6 0 10 12 1 11 12 1 1 11 12 1 1 8 1 18 10 12 1 1 10 10 100 12 1 1 10 12 1 1 10 12 1 10 12 1 10 12 1 10 12 1 10 12 1 10 7 12 1 1 10 10 12 1 10 10 12 1 10 10 12 1 10 10 12 1 1 10 12 1 10 12 1 10 12 1 10 7 12 1 1 1 9 7 12 1 1 1 9 12 1 10 12 1 10 12 1 9 12 1 1 6 0 6 0 11 12 1 11 12 1 9 12 1 10 12 1 1 11 12 1 1 11 12 1 10 12 1 1 10 12 1 6 0 10 12 1 10 12 1 10 12 1 10 12 1 10 12 1 100 1 10 10 12 1 10 10 10 12 1 10 12 1 10 12 1 1 10 12 1 1 9 100 12 1 1 1 10 12 1 10 12 1 10 12 10 12 1 10 12 1 10 12 1 10 12 1 1 9 7 12 1 1 1 7 1 9 12 1 10 12 1 1 9 7 12 1 1 1 9 12 1 9 100 12 1 1 1 10 12 1 8 1 10 12 1 10 12 1 10 12 1 10 12 1 9 12 1 9 12 1 6 0 6 0 100 1 10 12 1 10 12 1 10 12 1 10 12 1 9 7 12 1 1 1 9 12 1 10 7 12 1 1 1 10 12 1 10 12 1 10 10 12 1 1 10 12 1 4 10 12 1 1 9 12 1 1 10 7 12 1 1 10 12 1 10 12 1 10 12 1 1 9 12 1 10 9 100 12 1 1 1 9 12 1 9 12 1 9 12 1 10 12 1 1 9 12 1 9 12 1 10 7 12 1 1 10 10 10 7 1 10 12 1 1 1 1 1 3 1 3 1 1 1 1 1 1 1 1 1 1 1 1 1 1 1 100 1 1 1 100 1 1 1 1 1 1 100 1 100 1 1 1 1 1 1 1 1 1 1 15 10 100 12 1 1 8 1 8 1 1 1 100 1 1 1 1 1 100 1 100 1 1
staticfield com/sun/javafx/sg/prism/NGRegion SCRATCH_AFFINE Lcom/sun/javafx/geom/transform/Affine2D; com/sun/javafx/geom/transform/Affine2D
staticfield com/sun/javafx/sg/prism/NGRegion TEMP_RECT Lcom/sun/javafx/geom/Rectangle; com/sun/javafx/geom/Rectangle
staticfield com/sun/javafx/sg/prism/NGRegion nopEffect Lcom/sun/scenario/effect/Offset; com/sun/scenario/effect/Offset
staticfield com/sun/javafx/sg/prism/NGRegion $assertionsDisabled Z 1
ciInstanceKlass javafx/geometry/Insets 1 1 84 9 7 12 1 1 1 9 12 1 9 12 1 9 12 1 10 7 12 1 1 1 9 12 1 1 5 0 5 0 10 7 12 1 1 1 18 12 1 1 10 12 1 9 12 1 1 1 1 1 1 1 1 1 1 1 1 1 1 1 1 1 1 1 1 1 1 1 1 1 15 10 100 12 1 1 8 1 1 100 1 100 1 1
staticfield javafx/geometry/Insets EMPTY Ljavafx/geometry/Insets; javafx/geometry/Insets
ciInstanceKlass javafx/scene/layout/BorderWidths 1 1 103 9 7 12 1 1 1 9 12 1 9 12 1 9 12 1 9 12 1 1 9 12 1 9 12 1 9 12 1 10 12 1 1 10 7 12 1 1 6 0 100 1 8 1 10 12 1 10 7 12 1 1 1 9 12 1 1 10 12 1 1 10 12 1 1 9 12 1 1 9 12 1 9 12 1 1 1 1 1 1 1 1 1 1 1 1 1 1 1 1 1 1 1 1 1 1 1 1 1 1 1 1 1
staticfield javafx/scene/layout/BorderWidths DEFAULT Ljavafx/scene/layout/BorderWidths; javafx/scene/layout/BorderWidths
staticfield javafx/scene/layout/BorderWidths EMPTY Ljavafx/scene/layout/BorderWidths; javafx/scene/layout/BorderWidths
staticfield javafx/scene/layout/BorderWidths FULL Ljavafx/scene/layout/BorderWidths; javafx/scene/layout/BorderWidths
ciInstanceKlass javafx/scene/layout/CornerRadii 1 1 207 9 7 12 1 1 1 9 12 1 9 12 1 9 12 1 9 12 1 9 12 1 9 12 1 9 12 1 9 12 1 1 9 12 1 9 12 1 9 12 1 9 12 1 9 12 1 9 12 1 9 12 1 9 12 1 10 7 12 1 1 1 100 1 8 1 10 12 1 9 12 1 10 12 1 1 9 12 1 1 8 1 10 7 12 1 1 1 10 12 1 1 10 12 1 1 10 12 1 1 18 12 1 1 18 18 12 1 18 18 18 18 18 18 18 12 1 10 12 1 9 12 1 1 1 1 1 1 1 1 1 1 1 1 1 1 1 1 1 1 1 1 1 1 1 1 1 1 1 1 1 1 1 1 1 1 1 1 1 1 1 1 1 1 1 1 1 1 1 100 1 1 1 1 1 15 10 100 12 1 1 8 1 8 1 8 1 8 1 8 1 8 1 8 1 8 1 8 1 8 1 1 100 1 100 1 1
staticfield javafx/scene/layout/CornerRadii EMPTY Ljavafx/scene/layout/CornerRadii; javafx/scene/layout/CornerRadii
ciInstanceKlass javafx/scene/layout/Border 1 1 304 9 7 12 1 1 1 9 12 1 9 12 1 9 12 1 1 9 12 1 11 7 12 1 1 1 10 12 1 1 11 12 1 1 7 1 11 12 1 1 100 1 100 1 100 1 10 7 12 1 1 10 7 12 1 1 1 9 12 1 10 7 12 1 1 1 10 12 1 10 12 1 10 12 1 9 12 1 7 1 10 12 1 9 9 10 12 1 11 12 1 9 12 1 1 9 100 12 1 1 1 10 12 1 10 12 1 10 12 1 1 11 12 1 1 7 1 8 1 10 7 12 1 1 1 10 12 1 9 12 1 1 8 1 10 7 12 1 1 9 12 1 8 1 10 7 12 1 1 9 12 1 8 1 10 7 12 1 1 9 12 1 8 1 10 7 12 1 1 9 12 1 8 1 10 7 12 1 1 9 12 1 8 1 10 7 12 1 1 7 1 9 7 12 1 1 1 10 12 1 10 12 1 9 12 1 8 1 10 7 12 1 1 7 1 9 12 1 1 9 12 1 8 1 10 7 12 1 1 7 1 9 12 1 9 12 1 8 1 9 12 1 9 12 1 7 1 10 7 12 1 1 1 10 12 1 1 9 12 1 1 1 1 1 1 1 1 1 1 1 1 1 1 1 1 1 1 1 1 1 1 1 1 1 1 1 1 1 1 1 1 1 1 1 1 1 1 100 1 1 100 1 100 1
staticfield javafx/scene/layout/Border BORDER_COLOR Ljavafx/css/CssMetaData; com/sun/javafx/css/SubCssMetaData
staticfield javafx/scene/layout/Border BORDER_STYLE Ljavafx/css/CssMetaData; com/sun/javafx/css/SubCssMetaData
staticfield javafx/scene/layout/Border BORDER_WIDTH Ljavafx/css/CssMetaData; com/sun/javafx/css/SubCssMetaData
staticfield javafx/scene/layout/Border BORDER_RADIUS Ljavafx/css/CssMetaData; com/sun/javafx/css/SubCssMetaData
staticfield javafx/scene/layout/Border BORDER_INSETS Ljavafx/css/CssMetaData; com/sun/javafx/css/SubCssMetaData
staticfield javafx/scene/layout/Border BORDER_IMAGE_SOURCE Ljavafx/css/CssMetaData; com/sun/javafx/css/SubCssMetaData
staticfield javafx/scene/layout/Border BORDER_IMAGE_REPEAT Ljavafx/css/CssMetaData; com/sun/javafx/css/SubCssMetaData
staticfield javafx/scene/layout/Border BORDER_IMAGE_SLICE Ljavafx/css/CssMetaData; com/sun/javafx/css/SubCssMetaData
staticfield javafx/scene/layout/Border BORDER_IMAGE_WIDTH Ljavafx/css/CssMetaData; com/sun/javafx/css/SubCssMetaData
staticfield javafx/scene/layout/Border BORDER_IMAGE_INSETS Ljavafx/css/CssMetaData; com/sun/javafx/css/SubCssMetaData
staticfield javafx/scene/layout/Border STYLEABLES Ljava/util/List; java/util/Collections$UnmodifiableRandomAccessList
staticfield javafx/scene/layout/Border EMPTY Ljavafx/scene/layout/Border; javafx/scene/layout/Border
ciInstanceKlass javafx/scene/shape/StrokeType 1 1 50 7 1 9 12 1 1 9 12 1 9 12 1 9 12 1 1 10 100 12 1 1 10 7 12 1 1 1 10 12 1 1 8 10 8 8 10 12 1 1 1 1 1 1 1 1 1 1 1 1
staticfield javafx/scene/shape/StrokeType INSIDE Ljavafx/scene/shape/StrokeType; javafx/scene/shape/StrokeType
staticfield javafx/scene/shape/StrokeType OUTSIDE Ljavafx/scene/shape/StrokeType; javafx/scene/shape/StrokeType
staticfield javafx/scene/shape/StrokeType CENTERED Ljavafx/scene/shape/StrokeType; javafx/scene/shape/StrokeType
staticfield javafx/scene/shape/StrokeType $VALUES [Ljavafx/scene/shape/StrokeType; 3 [Ljavafx/scene/shape/StrokeType;
ciInstanceKlass javafx/scene/shape/StrokeLineJoin 1 1 50 7 1 9 12 1 1 9 12 1 9 12 1 9 12 1 1 10 100 12 1 1 10 7 12 1 1 1 10 12 1 1 8 10 8 8 10 12 1 1 1 1 1 1 1 1 1 1 1 1
staticfield javafx/scene/shape/StrokeLineJoin MITER Ljavafx/scene/shape/StrokeLineJoin; javafx/scene/shape/StrokeLineJoin
staticfield javafx/scene/shape/StrokeLineJoin BEVEL Ljavafx/scene/shape/StrokeLineJoin; javafx/scene/shape/StrokeLineJoin
staticfield javafx/scene/shape/StrokeLineJoin ROUND Ljavafx/scene/shape/StrokeLineJoin; javafx/scene/shape/StrokeLineJoin
staticfield javafx/scene/shape/StrokeLineJoin $VALUES [Ljavafx/scene/shape/StrokeLineJoin; 3 [Ljavafx/scene/shape/StrokeLineJoin;
ciInstanceKlass javafx/scene/shape/StrokeLineCap 1 1 50 7 1 9 12 1 1 9 12 1 9 12 1 9 12 1 1 10 100 12 1 1 10 7 12 1 1 1 10 12 1 1 8 10 8 8 10 12 1 1 1 1 1 1 1 1 1 1 1 1
staticfield javafx/scene/shape/StrokeLineCap SQUARE Ljavafx/scene/shape/StrokeLineCap; javafx/scene/shape/StrokeLineCap
staticfield javafx/scene/shape/StrokeLineCap BUTT Ljavafx/scene/shape/StrokeLineCap; javafx/scene/shape/StrokeLineCap
staticfield javafx/scene/shape/StrokeLineCap ROUND Ljavafx/scene/shape/StrokeLineCap; javafx/scene/shape/StrokeLineCap
staticfield javafx/scene/shape/StrokeLineCap $VALUES [Ljavafx/scene/shape/StrokeLineCap; 3 [Ljavafx/scene/shape/StrokeLineCap;
ciInstanceKlass com/sun/javafx/tk/Toolkit$PaintAccessor 1 0 19 100 1 100 1 1 1 1 1 1 1 1 1 1 1 100 1 1 1
ciInstanceKlass javafx/scene/paint/LinearGradient 1 1 336 9 7 12 1 1 1 9 12 1 9 12 1 9 12 1 9 12 1 1 9 12 1 1 9 12 1 1 9 12 1 10 7 12 1 1 1 9 7 12 1 1 10 7 12 1 1 1 10 12 1 1 10 12 1 11 7 12 1 1 1 11 12 1 1 10 12 1 1 10 7 12 1 1 9 12 1 1 10 7 12 1 1 1 10 12 1 1 11 12 1 1 9 12 1 1 5 0 5 0 10 7 12 1 1 1 5 0 5 0 10 12 1 11 12 1 1 11 7 12 1 1 11 12 1 1 10 100 1 8 1 10 12 1 10 100 12 1 1 1 10 12 1 1 8 1 8 1 8 1 9 100 12 1 1 1 10 12 1 8 1 8 1 10 12 1 10 12 1 10 12 1 1 8 1 10 12 1 1 100 1 8 1 10 8 1 10 100 12 1 1 1 10 12 1 100 1 18 12 1 1 10 10 10 12 1 1 100 1 10 10 12 1 8 1 9 100 12 1 1 1 10 12 1 1 8 1 10 10 12 1 1 10 12 1 1 8 1 8 1 10 12 1 8 1 9 12 1 8 1 8 1 8 1 8 1 8 1 8 1 10 12 1 9 12 1 9 12 1 9 9 12 1 10 100 12 1 1 1 10 12 1 1 10 12 1 1 1 1 1 1 1 1 1 1 1 1 1 1 1 1 1 100 1 1 1 1 1 1 1 1 1 1 1 100 1 1 1 1 1 15 10 100 12 1 1 8 1 1 1 1 100 1 100 1 1
ciInstanceKlass javafx/scene/paint/RadialGradient 0 0 332 9 100 12 1 1 1 9 12 1 9 12 1 9 12 1 9 12 1 9 12 1 1 9 12 1 1 9 12 1 1 9 12 1 10 100 12 1 1 1 9 100 12 1 1 10 100 12 1 1 1 10 12 1 1 10 12 1 11 100 12 1 1 1 11 12 1 1 10 12 1 1 10 100 12 1 1 9 12 1 1 10 100 12 1 1 1 10 12 1 1 11 12 1 1 9 12 1 1 5 0 5 0 10 100 12 1 1 1 10 12 1 11 12 1 1 11 100 12 1 1 11 12 1 1 10 100 1 8 1 10 12 1 10 12 1 1 8 1 10 12 1 6 0 8 1 10 100 12 1 1 1 8 1 8 1 8 1 9 100 12 1 1 1 10 12 1 8 1 8 1 10 12 1 10 12 1 10 12 1 1 8 1 10 12 1 1 100 1 8 1 10 8 1 10 100 12 1 1 1 10 12 1 100 1 18 12 1 1 10 10 10 12 1 1 100 1 10 10 12 1 8 1 10 12 1 1 8 1 10 10 12 1 1 10 12 1 1 10 12 1 8 1 10 12 1 8 1 10 12 1 1 9 100 12 1 1 1 8 8 1 10 12 1 9 12 1 9 12 1 9 9 12 1 10 12 1 1 10 12 1 1 1 1 1 1 1 1 1 1 1 1 1 1 1 1 1 1 100 1 1 1 1 1 1 1 1 1 1 1 100 1 1 1 1 1 15 10 100 12 1 1 8 1 1 1 1 100 1 100 1 1
ciInstanceKlass javafx/scene/paint/Paint$1 1 1 45 10 7 12 1 1 1 10 7 12 1 1 1 10 12 1 1 10 12 1 1 10 12 1 100 1 100 1 1 1 1 1 1 1 1 1 1 1 1 1 1 1 100 1 1
ciInstanceKlass com/sun/prism/paint/Paint$Type 1 1 84 7 1 9 12 1 1 9 12 1 9 12 1 9 12 1 9 12 1 1 10 7 12 1 1 10 7 12 1 1 1 10 12 1 1 9 12 1 1 9 12 1 1 9 12 1 8 8 1 10 12 1 8 8 1 8 8 1 8 8 1 10 12 1 1 1 1 1 1 1 1 1 1 1 1 1 1 1 1 1 100 1 1 1
staticfield com/sun/prism/paint/Paint$Type COLOR Lcom/sun/prism/paint/Paint$Type; com/sun/prism/paint/Paint$Type
staticfield com/sun/prism/paint/Paint$Type LINEAR_GRADIENT Lcom/sun/prism/paint/Paint$Type; com/sun/prism/paint/Paint$Type
staticfield com/sun/prism/paint/Paint$Type RADIAL_GRADIENT Lcom/sun/prism/paint/Paint$Type; com/sun/prism/paint/Paint$Type
staticfield com/sun/prism/paint/Paint$Type IMAGE_PATTERN Lcom/sun/prism/paint/Paint$Type; com/sun/prism/paint/Paint$Type
staticfield com/sun/prism/paint/Paint$Type $VALUES [Lcom/sun/prism/paint/Paint$Type; 4 [Lcom/sun/prism/paint/Paint$Type;
ciInstanceKlass com/sun/prism/paint/Color 1 1 116 9 7 12 1 1 1 10 7 12 1 1 1 6 0 9 7 12 1 1 1 9 12 1 1 9 12 1 9 12 1 9 12 1 10 7 12 1 1 1 10 100 12 1 1 1 18 12 1 1 10 12 1 9 12 1 1 9 12 1 9 12 1 9 12 1 9 12 1 9 12 1 1 1 1 1 1 1 1 1 1 1 1 1 1 1 1 1 1 1 1 1 1 1 1 1 1 1 1 1 1 15 10 100 12 1 1 8 1 1 1 100 1 100 1 1
staticfield com/sun/prism/paint/Color WHITE Lcom/sun/prism/paint/Color; com/sun/prism/paint/Color
staticfield com/sun/prism/paint/Color BLACK Lcom/sun/prism/paint/Color; com/sun/prism/paint/Color
staticfield com/sun/prism/paint/Color RED Lcom/sun/prism/paint/Color; com/sun/prism/paint/Color
staticfield com/sun/prism/paint/Color GREEN Lcom/sun/prism/paint/Color; com/sun/prism/paint/Color
staticfield com/sun/prism/paint/Color BLUE Lcom/sun/prism/paint/Color; com/sun/prism/paint/Color
staticfield com/sun/prism/paint/Color TRANSPARENT Lcom/sun/prism/paint/Color; com/sun/prism/paint/Color
instanceKlass com/sun/prism/paint/Gradient
instanceKlass com/sun/prism/paint/Color
instanceKlass com/sun/prism/paint/ImagePattern
ciInstanceKlass com/sun/prism/paint/Paint 1 1 35 10 7 12 1 1 1 9 7 12 1 1 1 9 12 1 1 9 12 1 1 1 1 1 1 1 1 1 1 1 1 100 1 1 1
ciInstanceKlass com/sun/javafx/UnmodifiableArrayList 1 1 48 10 7 12 1 1 1 9 7 12 1 1 1 100 1 10 9 12 1 1 9 12 1 1 10 7 12 1 1 1 100 1 1 1 1 1 1 1 100 1 1 1 1 1 1 1 1 1
staticfield com/sun/javafx/UnmodifiableArrayList $assertionsDisabled Z 1
ciInstanceKlass javafx/scene/layout/BorderStrokeStyle 1 1 198 9 7 12 1 1 1 9 12 1 1 9 12 1 1 9 12 1 1 9 12 1 9 12 1 1 10 7 12 1 1 1 9 7 12 1 1 9 7 12 1 1 9 7 12 1 1 10 7 12 1 1 1 9 12 1 9 12 1 7 1 10 12 1 10 12 1 1 10 12 1 1 10 10 10 7 12 1 1 1 11 7 1 9 12 1 1 9 12 1 1 8 1 9 12 1 8 1 9 12 1 8 1 9 12 1 8 1 100 1 10 8 1 10 12 1 1 10 12 1 8 1 10 12 1 8 1 8 1 10 12 1 1 10 12 1 1 10 12 1 1 11 12 1 1 10 12 1 10 12 1 1 11 12 1 6 0 10 12 1 1 6 0 9 12 1 10 12 1 9 12 1 6 0 1 1 1 1 1 1 1 1 1 1 1 1 1 1 1 1 1 1 1 1 1 1 1 1
staticfield javafx/scene/layout/BorderStrokeStyle DOTTED_LIST Ljava/util/List; java/util/Collections$UnmodifiableRandomAccessList
staticfield javafx/scene/layout/BorderStrokeStyle DASHED_LIST Ljava/util/List; java/util/Collections$UnmodifiableRandomAccessList
staticfield javafx/scene/layout/BorderStrokeStyle NONE Ljavafx/scene/layout/BorderStrokeStyle; javafx/scene/layout/BorderStrokeStyle
staticfield javafx/scene/layout/BorderStrokeStyle DOTTED Ljavafx/scene/layout/BorderStrokeStyle; javafx/scene/layout/BorderStrokeStyle
staticfield javafx/scene/layout/BorderStrokeStyle DASHED Ljavafx/scene/layout/BorderStrokeStyle; javafx/scene/layout/BorderStrokeStyle
staticfield javafx/scene/layout/BorderStrokeStyle SOLID Ljavafx/scene/layout/BorderStrokeStyle; javafx/scene/layout/BorderStrokeStyle
ciInstanceKlass javafx/scene/layout/BorderStroke 1 1 232 9 7 12 1 1 1 9 12 1 9 12 1 9 12 1 9 12 1 1 9 12 1 9 12 1 9 12 1 9 12 1 1 9 12 1 1 9 12 1 1 9 12 1 1 10 7 12 1 1 1 9 100 12 1 1 1 9 7 12 1 1 9 7 12 1 1 9 12 1 9 7 12 1 9 7 12 1 1 1 9 12 1 9 12 1 9 12 1 10 12 1 1 10 12 1 1 10 12 1 1 10 12 1 10 12 1 10 12 1 10 12 1 9 12 1 10 12 1 10 7 12 1 1 1 9 12 1 10 12 1 1 9 12 1 1 10 12 1 10 12 1 1 10 10 10 10 10 10 12 1 10 10 10 10 9 7 12 1 1 1 9 12 1 6 0 9 12 1 100 1 8 1 10 12 1 10 12 1 1 10 10 10 10 12 1 9 12 1 6 0 9 12 1 6 0 9 12 1 1 1 1 1 1 1 1 1 1 1 1 1 1 1 1 1 1 1 1 1 1 1 100 1 1 1 1 1 1 1 1 1 1
staticfield javafx/scene/layout/BorderStroke THIN Ljavafx/scene/layout/BorderWidths; javafx/scene/layout/BorderWidths
staticfield javafx/scene/layout/BorderStroke MEDIUM Ljavafx/scene/layout/BorderWidths; javafx/scene/layout/BorderWidths
staticfield javafx/scene/layout/BorderStroke THICK Ljavafx/scene/layout/BorderWidths; javafx/scene/layout/BorderWidths
staticfield javafx/scene/layout/BorderStroke DEFAULT_WIDTHS Ljavafx/scene/layout/BorderWidths; javafx/scene/layout/BorderWidths
ciInstanceKlass com/sun/prism/d3d/D3DGraphics 1 1 115 10 7 12 1 1 1 9 7 12 1 1 1 10 12 1 1 6 0 10 7 12 1 1 1 7 1 11 12 1 1 9 7 12 1 1 1 10 7 12 1 1 1 9 100 12 1 1 1 8 1 10 100 12 1 1 1 10 12 1 10 12 1 1 10 12 1 1 10 7 12 1 1 11 7 12 1 1 1 10 12 1 10 12 1 1 10 12 1 10 12 1 1 10 12 1 1 10 12 1 1 100 1 1 1 1 1 1 1 1 1 1 1 1 1
ciInstanceKlass com/sun/prism/impl/shape/MaskData 1 1 66 10 7 12 1 1 1 9 7 12 1 1 1 9 12 1 1 9 12 1 9 12 1 9 12 1 11 7 12 1 1 1 10 7 12 1 1 1 11 12 1 1 10 10 7 12 1 1 1 10 12 1 1 1 1 1 1 1 1 1 1 1 1 1 1 1
instanceKlass com/sun/prism/paint/RadialGradient
instanceKlass com/sun/prism/paint/LinearGradient
ciInstanceKlass com/sun/prism/paint/Gradient 1 1 91 10 7 12 1 1 1 5 0 9 7 12 1 1 1 10 7 12 1 1 1 9 12 1 1 9 12 1 9 12 1 1 11 7 12 1 1 1 9 12 1 9 12 1 1 11 12 1 1 100 1 10 12 1 1 10 100 12 1 1 1 1 1 3 1 3 1 3 1 1 1 1 1 1 100 1 1 1 1 1 1 1 1 1 1 1 1 1 1 1 1
ciInstanceKlass com/sun/prism/paint/LinearGradient 1 1 44 9 7 12 1 1 1 10 7 12 1 1 1 9 7 12 1 1 1 9 12 1 9 12 1 9 12 1 1 1 1 1 1 1 1 1 1 1 1 1 1 100 1 1
ciInstanceKlass com/sun/prism/impl/shape/ShapeUtil 1 1 54 9 7 12 1 1 1 11 7 12 1 1 1 10 7 12 1 1 1 10 100 12 1 1 1 9 7 12 1 1 1 9 7 12 1 1 1 10 7 12 1 1 1 10 1 1 1 1 1 1 1 1 1 1
staticfield com/sun/prism/impl/shape/ShapeUtil shapeRasterizer Lcom/sun/prism/impl/shape/ShapeRasterizer; com/sun/prism/impl/shape/DMarlinRasterizer
ciMethodData java/util/ArrayList get (I)Ljava/lang/Object; 2 50210 orig 80 0 0 0 0 0 0 0 0 0 0 0 0 249 127 0 0 0 0 0 0 0 0 0 0 0 0 0 0 0 0 0 0 0 0 0 0 0 0 0 0 0 0 0 0 0 0 0 0 0 0 0 0 0 0 0 0 0 0 0 0 0 0 0 0 0 0 0 0 0 0 0 0 0 0 0 0 0 0 0 0 data 19 0x50002 0xc2c1 0xb0005 0x0 0x0 0x2a7626fc800 0xc2c1 0x0 0x0 0x0 0x0 0x0 0x0 0x0 0x0 0x9 0x2 0x0 0x0 oops 1 5 java/util/ArrayList methods 0
ciMethodData java/util/Objects checkIndex (II)I 2 77615 orig 80 0 0 0 0 0 0 0 0 0 0 0 0 249 127 0 0 0 0 0 0 0 0 0 0 0 0 0 0 0 0 0 0 0 0 0 0 0 0 0 0 0 0 0 0 0 0 0 0 0 0 0 0 0 0 0 0 0 0 0 0 0 0 0 0 0 0 0 0 0 0 0 0 0 0 0 0 0 0 0 0 data 12 0x30002 0x12dce 0x0 0x0 0x0 0x0 0x0 0x0 0x9 0x2 0x0 0x0 oops 0 methods 0
ciMethodData java/util/ArrayList elementData (I)Ljava/lang/Object; 2 63082 orig 80 0 0 0 0 0 0 0 0 0 0 0 0 249 127 0 0 0 0 0 0 0 0 0 0 0 0 0 0 0 0 0 0 0 0 0 0 0 0 0 0 0 0 0 0 0 0 0 0 0 0 0 0 0 0 0 0 0 0 0 0 0 0 0 0 0 0 0 0 0 0 0 0 0 0 0 0 0 0 0 0 data 8 0x0 0x0 0x0 0x0 0x9 0x2 0x0 0x0 oops 0 methods 0
ciMethod com/sun/javafx/tk/Toolkit lookupToolkitClass (Ljava/lang/String;)Ljava/lang/String; 0 0 1 0 -1
ciMethod com/sun/javafx/tk/Toolkit loadMSWindowsLibraries ()V 4 188 2 0 -1
ciMethod com/sun/javafx/tk/Toolkit getDefaultToolkit ()Ljava/lang/String; 2 0 1 0 -1
ciMethod com/sun/javafx/tk/Toolkit getToolkit ()Lcom/sun/javafx/tk/Toolkit; 774 0 7067 0 416
ciMethod com/sun/javafx/tk/Toolkit init ()Z 0 0 1 0 -1
ciMethod com/sun/javafx/tk/Toolkit getPaint (Ljavafx/scene/paint/LinearGradient;)Ljava/lang/Object; 96 0 86 0 -1
ciMethod com/sun/javafx/tk/Toolkit getPaint (Ljavafx/scene/paint/RadialGradient;)Ljava/lang/Object; 0 0 1 0 -1
ciMethod com/sun/javafx/tk/Toolkit getPaint (Ljavafx/scene/paint/Paint;)Ljava/lang/Object; 230 0 382 0 0
ciMethod com/sun/javafx/tk/Toolkit createColorPaint (Ljavafx/scene/paint/Color;)Ljava/lang/Object; 0 0 1 0 -1
ciMethod com/sun/javafx/tk/Toolkit createImagePatternPaint (Ljavafx/scene/paint/ImagePattern;)Ljava/lang/Object; 0 0 1 0 -1
ciMethod com/sun/javafx/tk/Toolkit getPaintAccessor ()Lcom/sun/javafx/tk/Toolkit$PaintAccessor; 768 0 25672 0 0
ciMethod com/sun/javafx/tk/Toolkit getImageAccessor ()Lcom/sun/javafx/tk/Toolkit$ImageAccessor; 772 0 2389 0 -1
ciMethod javafx/scene/paint/Paint acc_getPlatformPaint ()Ljava/lang/Object; 0 0 1 0 -1
ciMethod javafx/scene/paint/Color getOpacity ()D 802 0 15167 0 0
ciMethod javafx/scene/paint/Color acc_getPlatformPaint ()Ljava/lang/Object; 1024 0 6728 0 352
ciMethod com/sun/javafx/PlatformUtil isWindows ()Z 18 0 70 0 -1
ciMethod com/sun/prism/BasicStroke <init> (FIIF)V 146 0 579 0 -1
ciMethod com/sun/prism/BasicStroke <init> (IFIIF)V 518 0 4110 0 -1
ciMethod com/sun/prism/BasicStroke <init> (IFIIF[DF)V 48 0 96 0 -1
ciMethod com/sun/prism/BasicStroke getType ()I 352 0 176 0 0
ciMethod com/sun/prism/BasicStroke getLineWidth ()F 316 0 158 0 0
ciMethod com/sun/prism/BasicStroke getLineJoin ()I 256 0 128 0 0
ciMethod com/sun/prism/BasicStroke getMiterLimit ()F 256 0 128 0 0
ciMethod com/sun/prism/BasicStroke isDashed ()Z 772 0 4769 0 0
ciMethod com/sun/javafx/geom/RoundRectangle2D setRoundRect (FFFFFF)V 218 0 1292 0 0
ciMethod com/sun/prism/Texture unlock ()V 0 0 1 0 -1
ciMethod com/sun/prism/impl/ps/BaseShaderContext validatePaintOp (Lcom/sun/prism/impl/ps/BaseShaderGraphics;Lcom/sun/javafx/geom/transform/BaseTransform;Lcom/sun/prism/Texture;FFFF)Lcom/sun/prism/ps/Shader; 488 0 5367 0 -1
ciMethod com/sun/prism/impl/ps/BaseShaderContext validatePaintOp (Lcom/sun/prism/impl/ps/BaseShaderGraphics;Lcom/sun/javafx/geom/transform/BaseTransform;Lcom/sun/prism/impl/ps/BaseShaderContext$MaskType;Lcom/sun/prism/Texture;FFFF)Lcom/sun/prism/ps/Shader; 1024 0 13107 0 -1
ciMethod com/sun/prism/impl/BaseContext getVertexBuffer ()Lcom/sun/prism/impl/VertexBuffer; 264 0 132 0 -1
ciMethod com/sun/prism/impl/BaseContext validateMaskTexture (Lcom/sun/prism/impl/shape/MaskData;Z)Lcom/sun/prism/Texture; 856 0 5410 0 -1
ciMethod com/sun/prism/impl/BaseContext updateMaskTexture (Lcom/sun/prism/impl/shape/MaskData;Lcom/sun/javafx/geom/RectBounds;Z)V 856 0 5558 0 -1
ciMethod com/sun/prism/impl/BaseContext getRectTexture ()Lcom/sun/prism/Texture; 0 0 1 0 -1
ciMethod com/sun/prism/impl/BaseContext getWrapRectTexture ()Lcom/sun/prism/Texture; 0 0 1 0 -1
ciMethod com/sun/prism/Graphics setPaint (Lcom/sun/prism/paint/Paint;)V 0 0 1 0 -1
ciMethod com/sun/prism/Graphics setStroke (Lcom/sun/prism/BasicStroke;)V 0 0 1 0 -1
ciMethod com/sun/prism/Graphics fillRect (FFFF)V 0 0 1 0 -1
ciMethod com/sun/prism/Graphics draw (Lcom/sun/javafx/geom/Shape;)V 0 0 1 0 -1
ciMethod com/sun/prism/Graphics drawLine (FFFF)V 0 0 1 0 -1
ciMethod com/sun/prism/Graphics drawRect (FFFF)V 0 0 1 0 -1
ciMethod com/sun/prism/Graphics drawRoundRect (FFFFFF)V 0 0 1 0 -1
ciMethod com/sun/prism/impl/BaseGraphics getTransformNoClone ()Lcom/sun/javafx/geom/transform/BaseTransform; 272 0 136 0 -1
ciMethod com/sun/prism/impl/BaseGraphics validateTransformAndPaint ()V 1024 0 14941 0 1600
ciMethod com/sun/prism/impl/BaseGraphics isAntialiasedShape ()Z 292 0 146 0 0
ciMethod com/sun/prism/impl/BaseGraphics getFinalClipNoClone ()Lcom/sun/javafx/geom/RectBounds; 266 0 133 0 -1
ciMethod com/sun/prism/impl/BaseGraphics setPaint (Lcom/sun/prism/paint/Paint;)V 798 0 5759 0 0
ciMethod com/sun/prism/impl/BaseGraphics setStroke (Lcom/sun/prism/BasicStroke;)V 288 0 144 0 0
ciMethod com/sun/prism/impl/ps/BaseShaderGraphics setPaint (Lcom/sun/prism/paint/Paint;)V 798 0 5759 0 1920
ciMethod com/sun/prism/impl/ps/BaseShaderGraphics renderWithComplexPaint (Lcom/sun/javafx/geom/Shape;Lcom/sun/prism/BasicStroke;FFFF)V 0 0 1 0 -1
ciMethod com/sun/prism/impl/ps/BaseShaderGraphics renderShape (Lcom/sun/javafx/geom/Shape;Lcom/sun/prism/BasicStroke;FFFF)V 552 0 5410 0 0
ciMethod com/sun/prism/impl/ps/BaseShaderGraphics getStrokeExpansionFactor (Lcom/sun/prism/BasicStroke;)F 302 0 4823 0 0
ciMethod com/sun/prism/impl/ps/BaseShaderGraphics extract3Dremainder (Lcom/sun/javafx/geom/transform/BaseTransform;)Lcom/sun/javafx/geom/transform/BaseTransform; 628 0 6537 0 -1
ciMethod com/sun/prism/impl/ps/BaseShaderGraphics renderGeneralRoundedRect (FFFFFFLcom/sun/prism/impl/ps/BaseShaderContext$MaskType;Lcom/sun/prism/BasicStroke;)V 628 0 6537 0 -1
ciMethod com/sun/prism/impl/ps/BaseShaderGraphics renderGeneralRoundedPgram (FFFFFFFFFFLcom/sun/javafx/geom/transform/BaseTransform;Lcom/sun/prism/impl/ps/BaseShaderContext$MaskType;FFFF)V 628 0 12766 0 -1
ciMethod com/sun/prism/impl/ps/BaseShaderGraphics getPaintTextureTx (Lcom/sun/javafx/geom/transform/BaseTransform;Lcom/sun/prism/ps/Shader;FFFF)Lcom/sun/javafx/geom/transform/AffineBase; 0 0 1 0 -1
ciMethod com/sun/prism/impl/ps/BaseShaderGraphics fillPrimRect (FFFFLcom/sun/prism/Texture;Lcom/sun/prism/Texture;FFFF)Z 0 0 1 0 -1
ciMethod com/sun/prism/impl/ps/BaseShaderGraphics drawPrimRect (FFFF)Z 0 0 1 0 -1
ciMethod com/sun/prism/impl/ps/BaseShaderGraphics fillRect (FFFF)V 382 0 6384 0 384
ciMethod com/sun/prism/impl/ps/BaseShaderGraphics fillQuad (FFFF)V 0 0 1 0 -1
ciMethod com/sun/prism/impl/ps/BaseShaderGraphics canUseStrokeShader (Lcom/sun/prism/BasicStroke;)Z 528 0 1434 0 0
ciMethod com/sun/prism/impl/ps/BaseShaderGraphics drawRect (FFFF)V 14 0 1434 0 0
ciMethod com/sun/prism/impl/ps/BaseShaderGraphics checkInnerCurvature (FF)Z 514 0 3239 0 0
ciMethod com/sun/prism/impl/ps/BaseShaderGraphics drawRoundRect (FFFFFF)V 370 0 3335 0 0
ciMethod com/sun/prism/impl/ps/BaseShaderGraphics drawLine (FFFF)V 0 0 1 0 -1
ciMethod com/sun/javafx/geom/transform/BaseTransform getMxx ()D 274 0 137 0 -1
ciMethod com/sun/javafx/geom/transform/BaseTransform getMxy ()D 262 0 131 0 -1
ciMethod com/sun/javafx/geom/transform/BaseTransform getMxt ()D 262 0 131 0 -1
ciMethod com/sun/javafx/geom/transform/BaseTransform getMyx ()D 274 0 137 0 -1
ciMethod com/sun/javafx/geom/transform/BaseTransform getMyy ()D 262 0 131 0 -1
ciMethod com/sun/javafx/geom/transform/BaseTransform getMyt ()D 262 0 131 0 -1
ciMethod com/sun/javafx/geom/transform/BaseTransform almostZero (D)Z 620 0 33110 0 0
ciMethod com/sun/javafx/geom/transform/Affine3D updateState ()V 768 0 6622 0 1344
ciMethod com/sun/javafx/geom/transform/Affine3D almostOne (D)Z 768 0 6622 0 0
ciMethod com/sun/javafx/geom/transform/AffineBase stateError ()V 0 0 1 0 -1
ciMethod com/sun/javafx/geom/transform/AffineBase updateState ()V 520 0 7166 0 0
ciMethod com/sun/javafx/geom/transform/AffineBase updateState2D ()V 536 0 6639 0 512
ciMethod com/sun/javafx/geom/transform/AffineBase getType ()I 618 0 13323 0 2016
ciMethod com/sun/javafx/geom/transform/AffineBase calculateType ()I 162 0 5303 0 -1
ciMethod com/sun/javafx/geom/transform/AffineBase getMxt ()D 268 0 134 0 0
ciMethod com/sun/javafx/geom/transform/AffineBase getMyt ()D 262 0 131 0 0
ciMethod com/sun/javafx/geom/transform/AffineBase isTranslateOrIdentity ()Z 520 0 17253 0 2048
ciMethod com/sun/prism/impl/ps/BaseShaderContext$MaskType getFillType ()Lcom/sun/prism/impl/ps/BaseShaderContext$MaskType; 6 0 3 0 -1
ciMethod com/sun/javafx/geom/RectBounds getMinX ()F 276 0 138 0 -1
ciMethod com/sun/javafx/geom/RectBounds getMinY ()F 282 0 141 0 -1
ciMethod com/sun/javafx/geom/RectBounds getMaxX ()F 256 0 128 0 -1
ciMethod com/sun/javafx/geom/RectBounds getMaxY ()F 840 0 420 0 -1
ciMethod com/sun/prism/impl/VertexBuffer addQuad (FFFFFFFFLcom/sun/javafx/geom/transform/AffineBase;)V 856 0 5411 0 -1
ciMethodData java/util/Arrays$ArrayList get (I)Ljava/lang/Object; 2 1561 orig 80 0 0 0 0 0 0 0 0 0 0 0 0 249 127 0 0 0 0 0 0 0 0 0 0 0 0 0 0 0 0 0 0 0 0 0 0 0 0 0 0 0 0 0 0 0 0 0 0 0 0 0 0 0 0 0 0 0 0 0 0 0 0 0 0 0 0 0 0 0 0 0 0 0 0 0 0 0 0 0 0 data 8 0x0 0x0 0x0 0x0 0x9 0x2 0x0 0x0 oops 0 methods 0
ciMethodData java/util/Collections$UnmodifiableList get (I)Ljava/lang/Object; 2 7620 orig 80 0 0 0 0 0 0 0 0 0 0 0 0 249 127 0 0 0 0 0 0 0 0 0 0 0 0 0 0 0 0 0 0 0 0 0 0 0 0 0 0 0 0 0 0 0 0 0 0 0 0 0 0 0 0 0 0 0 0 0 0 0 0 0 0 0 0 0 0 0 0 0 0 0 0 0 0 0 0 0 0 data 17 0x50005 0x0 0x0 0x2a7626fc800 0x1a5c 0x2a76857ce40 0x169 0x0 0x0 0x0 0x0 0x0 0x0 0x9 0x2 0x0 0x0 oops 2 3 java/util/ArrayList 5 java/util/Arrays$ArrayList methods 0
ciMethod com/sun/javafx/sg/prism/NGRegion getPlatformPaint (Ljavafx/scene/paint/Paint;)Lcom/sun/prism/paint/Paint; 880 0 22539 0 0
ciMethod com/sun/javafx/sg/prism/NGRegion getNormalizedStrokeRadii (I)Ljavafx/scene/layout/CornerRadii; 546 0 6260 0 0
ciMethod com/sun/javafx/sg/prism/NGRegion renderBorderRectangle (Lcom/sun/prism/Graphics;)V 220 220 6254 0 -1
ciMethod com/sun/javafx/sg/prism/NGRegion createStroke (Ljavafx/scene/layout/BorderStrokeStyle;DDZ)Lcom/sun/prism/BasicStroke; 386 0 4762 0 -1
ciMethod com/sun/javafx/sg/prism/NGRegion setBorderStyle (Lcom/sun/prism/Graphics;Ljavafx/scene/layout/BorderStroke;DZ)V 386 0 4767 0 0
ciMethod com/sun/javafx/sg/prism/NGRegion createPath (FFFFFFLjavafx/scene/layout/CornerRadii;)Lcom/sun/javafx/geom/Path2D; 162 0 1688 0 -1
ciMethod com/sun/javafx/sg/prism/NGRegion createPaths (FFFFLjavafx/scene/layout/CornerRadii;)[Lcom/sun/javafx/geom/Path2D; 0 0 1 0 -1
ciMethod javafx/geometry/Insets getTop ()D 286 0 143 0 0
ciMethod javafx/geometry/Insets getRight ()D 286 0 143 0 0
ciMethod javafx/geometry/Insets getBottom ()D 286 0 143 0 0
ciMethod javafx/geometry/Insets getLeft ()D 286 0 143 0 0
ciMethod javafx/scene/layout/BorderWidths getTop ()D 262 0 131 0 0
ciMethod javafx/scene/layout/BorderWidths getRight ()D 256 0 128 0 0
ciMethod javafx/scene/layout/BorderWidths getBottom ()D 256 0 128 0 0
ciMethod javafx/scene/layout/BorderWidths getLeft ()D 256 0 128 0 0
ciMethod javafx/scene/layout/BorderWidths isTopAsPercentage ()Z 298 0 149 0 0
ciMethod javafx/scene/layout/BorderWidths isRightAsPercentage ()Z 274 0 137 0 0
ciMethod javafx/scene/layout/BorderWidths isBottomAsPercentage ()Z 274 0 137 0 0
ciMethod javafx/scene/layout/BorderWidths isLeftAsPercentage ()Z 274 0 137 0 0
ciMethod javafx/scene/layout/CornerRadii getTopLeftHorizontalRadius ()D 274 0 137 0 0
ciMethod javafx/scene/layout/CornerRadii getTopLeftVerticalRadius ()D 274 0 137 0 -1
ciMethod javafx/scene/layout/CornerRadii getTopRightVerticalRadius ()D 274 0 137 0 -1
ciMethod javafx/scene/layout/CornerRadii getTopRightHorizontalRadius ()D 274 0 137 0 -1
ciMethod javafx/scene/layout/CornerRadii getBottomRightHorizontalRadius ()D 274 0 137 0 -1
ciMethod javafx/scene/layout/CornerRadii getBottomRightVerticalRadius ()D 274 0 137 0 -1
ciMethod javafx/scene/layout/CornerRadii getBottomLeftVerticalRadius ()D 274 0 137 0 -1
ciMethod javafx/scene/layout/CornerRadii getBottomLeftHorizontalRadius ()D 274 0 137 0 -1
ciMethod javafx/scene/layout/CornerRadii isUniform ()Z 290 0 145 0 0
ciMethod javafx/scene/layout/Border getStrokes ()Ljava/util/List; 336 0 168 0 0
ciMethod javafx/scene/layout/Border getImages ()Ljava/util/List; 258 0 129 0 0
ciMethod com/sun/javafx/tk/Toolkit$PaintAccessor getPlatformPaint (Ljavafx/scene/paint/Paint;)Ljava/lang/Object; 0 0 1 0 -1
ciMethod javafx/scene/paint/LinearGradient acc_getPlatformPaint ()Ljava/lang/Object; 1024 0 2359 0 0
ciMethod javafx/scene/paint/Paint$1 getPlatformPaint (Ljavafx/scene/paint/Paint;)Ljava/lang/Object; 516 0 23527 0 0
ciMethod com/sun/prism/paint/Paint getType ()Lcom/sun/prism/paint/Paint$Type; 262 0 131 0 0
ciMethod com/sun/prism/paint/Paint$Type isGradient ()Z 262 0 131 0 0
ciMethod com/sun/javafx/UnmodifiableArrayList get (I)Ljava/lang/Object; 1024 0 1548 0 128
ciMethod com/sun/javafx/UnmodifiableArrayList size ()I 308 0 154 0 0
ciMethod javafx/scene/layout/BorderStrokeStyle getType ()Ljavafx/scene/shape/StrokeType; 256 0 128 0 0
ciMethod javafx/scene/layout/BorderStrokeStyle getLineJoin ()Ljavafx/scene/shape/StrokeLineJoin; 260 0 130 0 -1
ciMethod javafx/scene/layout/BorderStrokeStyle getLineCap ()Ljavafx/scene/shape/StrokeLineCap; 284 0 142 0 -1
ciMethod javafx/scene/layout/BorderStrokeStyle getMiterLimit ()D 284 0 142 0 -1
ciMethod javafx/scene/layout/BorderStrokeStyle getDashOffset ()D 0 0 1 0 -1
ciMethod javafx/scene/layout/BorderStrokeStyle getDashArray ()Ljava/util/List; 290 0 145 0 -1
ciMethod javafx/scene/layout/BorderStroke getTopStroke ()Ljavafx/scene/paint/Paint; 298 0 149 0 0
ciMethod javafx/scene/layout/BorderStroke getRightStroke ()Ljavafx/scene/paint/Paint; 274 0 137 0 0
ciMethod javafx/scene/layout/BorderStroke getBottomStroke ()Ljavafx/scene/paint/Paint; 274 0 137 0 0
ciMethod javafx/scene/layout/BorderStroke getLeftStroke ()Ljavafx/scene/paint/Paint; 274 0 137 0 0
ciMethod javafx/scene/layout/BorderStroke getTopStyle ()Ljavafx/scene/layout/BorderStrokeStyle; 298 0 149 0 0
ciMethod javafx/scene/layout/BorderStroke getRightStyle ()Ljavafx/scene/layout/BorderStrokeStyle; 274 0 137 0 0
ciMethod javafx/scene/layout/BorderStroke getBottomStyle ()Ljavafx/scene/layout/BorderStrokeStyle; 274 0 137 0 0
ciMethod javafx/scene/layout/BorderStroke getLeftStyle ()Ljavafx/scene/layout/BorderStrokeStyle; 274 0 137 0 0
ciMethod javafx/scene/layout/BorderStroke getWidths ()Ljavafx/scene/layout/BorderWidths; 294 0 147 0 0
ciMethod javafx/scene/layout/BorderStroke getInsets ()Ljavafx/geometry/Insets; 264 0 132 0 0
ciMethod javafx/scene/layout/BorderStroke getRadii ()Ljavafx/scene/layout/CornerRadii; 262 0 131 0 0
ciMethod javafx/scene/layout/BorderStroke isStrokeUniform ()Z 274 0 137 0 0
ciMethodData javafx/scene/paint/Color getOpacity ()D 2 15171 orig 80 0 0 0 0 0 0 0 0 0 0 0 0 249 127 0 0 0 0 0 0 0 0 0 0 0 0 0 0 0 0 0 0 0 0 0 0 0 0 0 0 0 0 0 0 0 0 0 0 0 0 0 0 0 0 0 0 0 0 0 0 0 0 0 0 0 0 0 0 0 0 0 0 0 0 0 0 0 0 0 0 data 6 0x0 0x0 0x0 0x9 0x1 0x0 oops 0 methods 0
ciMethodData com/sun/javafx/UnmodifiableArrayList get (I)Ljava/lang/Object; 2 1548 orig 80 0 0 0 0 0 0 0 0 0 0 0 0 249 127 0 0 0 0 0 0 0 0 0 0 0 0 0 0 0 0 0 0 0 0 0 0 0 0 0 0 0 0 0 0 0 0 0 0 0 0 0 0 0 0 0 0 0 0 0 0 0 0 0 0 0 0 0 0 0 0 0 0 0 0 0 0 0 0 0 0 data 8 0x0 0x0 0x0 0x0 0x9 0x2 0x0 0x0 oops 0 methods 0
ciMethod com/sun/prism/impl/shape/MaskData getOriginX ()I 272 0 136 0 -1
ciMethod com/sun/prism/impl/shape/MaskData getOriginY ()I 272 0 136 0 -1
ciMethod com/sun/prism/impl/shape/MaskData getWidth ()I 258 0 129 0 -1
ciMethod com/sun/prism/impl/shape/MaskData getHeight ()I 258 0 129 0 -1
ciMethodData com/sun/javafx/tk/Toolkit getPaintAccessor ()Lcom/sun/javafx/tk/Toolkit$PaintAccessor; 2 25672 orig 80 0 0 0 0 0 0 0 0 0 0 0 0 249 127 0 0 0 0 0 0 0 0 0 0 0 0 0 0 0 0 0 0 0 0 0 0 0 0 0 0 0 0 0 0 0 0 0 0 0 0 0 0 0 0 0 0 0 0 0 0 0 0 0 0 0 0 0 0 0 0 0 0 0 0 0 0 0 0 0 0 data 4 0x0 0x0 0x9 0x0 oops 0 methods 0
ciMethodData com/sun/javafx/geom/transform/BaseTransform almostZero (D)Z 2 33110 orig 80 0 0 0 0 0 0 0 0 0 0 0 0 249 127 0 0 0 0 0 0 0 0 0 0 0 0 0 0 0 0 0 0 0 0 0 0 0 0 0 0 0 0 0 0 0 0 0 0 0 0 0 0 0 0 0 0 0 0 0 0 0 0 0 0 0 0 0 0 0 0 0 0 0 0 0 0 0 0 0 0 data 18 0x50007 0x0 0x58 0x8020 0xd0007 0x0 0x38 0x8020 0x110003 0x8020 0x18 0x0 0x0 0x0 0x9 0x2 0x0 0x0 oops 0 methods 0
ciMethod com/sun/prism/paint/Gradient getNumStops ()I 292 0 146 0 0
ciMethod com/sun/prism/impl/shape/ShapeUtil rasterizeShape (Lcom/sun/javafx/geom/Shape;Lcom/sun/prism/BasicStroke;Lcom/sun/javafx/geom/RectBounds;Lcom/sun/javafx/geom/transform/BaseTransform;ZZ)Lcom/sun/prism/impl/shape/MaskData; 776 0 5412 0 -1
ciMethodData com/sun/javafx/geom/transform/AffineBase isTranslateOrIdentity ()Z 2 17253 orig 80 0 0 0 0 0 0 0 0 0 0 0 0 249 127 0 0 0 0 0 0 0 0 0 0 0 0 0 0 0 0 0 0 0 0 0 0 0 0 0 0 0 0 0 0 0 0 0 0 0 0 0 0 0 0 0 0 0 0 0 0 0 0 0 0 0 0 0 0 0 0 0 0 0 0 0 0 0 0 0 0 data 27 0x50007 0x368 0x78 0x3ef9 0x90005 0x0 0x0 0x2a76e4f1de0 0x3e81 0x2a76e4f4ef0 0x78 0xd0007 0x3ef9 0x38 0x0 0x110003 0x368 0x18 0x0 0x0 0x0 0x0 0x0 0x0 0x9 0x1 0x0 oops 2 7 com/sun/javafx/geom/transform/Affine3D 9 com/sun/javafx/geom/transform/Affine2D methods 0
ciMethodData com/sun/javafx/geom/transform/AffineBase getType ()I 2 13323 orig 80 0 0 0 0 0 0 0 0 0 0 0 0 249 127 0 0 0 0 0 0 0 0 0 0 0 0 0 0 0 0 0 0 0 0 0 0 0 0 0 0 0 0 0 0 0 0 0 0 0 0 0 0 0 0 0 0 0 0 0 0 0 0 0 0 0 0 0 0 0 0 0 0 0 0 0 0 0 0 0 0 data 31 0x50007 0x290b 0xb0 0x9cb 0x90005 0x0 0x0 0x2a76e4f1de0 0x7b2 0x2a76e4f4ef0 0x219 0x110007 0x0 0x58 0x9cb 0x160005 0x0 0x0 0x2a76e4f1de0 0x7b2 0x2a76e4f4ef0 0x219 0x0 0x0 0x0 0x0 0x0 0x0 0x9 0x1 0x0 oops 4 7 com/sun/javafx/geom/transform/Affine3D 9 com/sun/javafx/geom/transform/Affine2D 18 com/sun/javafx/geom/transform/Affine3D 20 com/sun/javafx/geom/transform/Affine2D methods 0
ciMethodData com/sun/javafx/geom/transform/AffineBase updateState ()V 2 7166 orig 80 0 0 0 0 0 0 0 0 0 0 0 0 249 127 0 0 0 0 0 0 0 0 0 0 0 0 0 0 0 0 0 0 0 0 0 0 0 0 0 0 0 0 0 0 0 0 0 0 0 0 0 0 0 0 0 0 0 0 0 0 0 0 0 0 0 0 0 0 0 0 0 0 0 0 0 0 0 0 0 0 data 16 0x10005 0x0 0x0 0x2a76e4f1de0 0x18e1 0x2a76e4f4ef0 0x219 0x0 0x0 0x0 0x0 0x0 0x0 0x9 0x1 0x0 oops 2 3 com/sun/javafx/geom/transform/Affine3D 5 com/sun/javafx/geom/transform/Affine2D methods 0
ciMethodData com/sun/javafx/geom/transform/AffineBase updateState2D ()V 2 6639 orig 80 0 0 0 0 0 0 0 0 0 0 0 0 249 127 0 0 0 0 0 0 0 0 0 0 0 0 0 0 0 0 0 0 0 0 0 0 0 0 0 0 0 0 0 0 0 0 0 0 0 0 0 0 0 0 0 0 0 0 0 0 0 0 0 0 0 0 0 0 0 0 0 0 0 0 0 0 0 0 0 0 data 95 0x60007 0x48 0x160 0x189b 0xf0007 0x0 0x140 0x189b 0x180007 0x1045 0xb0 0x856 0x210007 0x0 0x90 0x856 0x2a0007 0x62 0x58 0x7f4 0x330007 0x22 0x38 0x7d2 0x400003 0x7d2 0x1a8 0x4d0003 0x84 0x190 0x560007 0xeea 0x58 0x15b 0x5f0007 0x7a 0x38 0xe1 0x670003 0xe1 0x18 0x740003 0x1045 0x120 0x7d0007 0x48 0xb0 0x0 0x860007 0x0 0x90 0x0 0x8f0007 0x0 0x58 0x0 0x980007 0x0 0x38 0x0 0xa00003 0x0 0x88 0xa80003 0x0 0x70 0xb10007 0x48 0x58 0x0 0xba0007 0x0 0x38 0x0 0xc30003 0x0 0x18 0x0 0x0 0x0 0x0 0x0 0x0 0x0 0x0 0x0 0x0 0x0 0x0 0x0 0x0 0x0 0x9 0x1 0x0 oops 0 methods 0
ciMethodData com/sun/javafx/geom/transform/Affine3D updateState ()V 2 6622 orig 80 0 0 0 0 0 0 0 0 0 0 0 0 249 127 0 0 0 0 0 0 0 0 0 0 0 0 0 0 0 0 0 0 0 0 0 0 0 0 0 0 0 0 0 0 0 0 0 0 0 0 0 0 0 0 0 0 0 0 0 0 0 0 0 0 0 0 0 0 0 0 0 0 0 0 0 0 0 0 0 0 data 51 0x10002 0x185e 0x80002 0x185e 0xb0007 0x0 0x110 0x185e 0x120002 0x185e 0x150007 0x0 0xe0 0x185e 0x1c0002 0x185e 0x1f0007 0x0 0xb0 0x185e 0x260002 0x185e 0x290007 0x0 0x80 0x185e 0x300002 0x185e 0x330007 0x0 0x50 0x185e 0x3a0002 0x185e 0x3d0007 0x185e 0x40 0x0 0x500007 0x0 0x20 0x0 0x0 0x0 0x0 0x0 0x0 0x0 0x9 0x1 0x0 oops 0 methods 0
ciMethodData com/sun/javafx/geom/transform/Affine3D almostOne (D)Z 2 6622 orig 80 0 0 0 0 0 0 0 0 0 0 0 0 249 127 0 0 0 0 0 0 0 0 0 0 0 0 0 0 0 0 0 0 0 0 0 0 0 0 0 0 0 0 0 0 0 0 0 0 0 0 0 0 0 0 0 0 0 0 0 0 0 0 0 0 0 0 0 0 0 0 0 0 0 0 0 0 0 0 0 0 data 18 0x50007 0x0 0x58 0x185e 0xd0007 0x0 0x38 0x185e 0x110003 0x185e 0x18 0x0 0x0 0x0 0x9 0x2 0x0 0x0 oops 0 methods 0
ciMethodData com/sun/prism/impl/BaseGraphics validateTransformAndPaint ()V 2 14941 orig 80 1 0 0 0 0 0 0 0 0 0 0 0 249 127 0 0 0 0 0 0 0 0 0 0 0 0 0 0 0 0 0 0 0 0 0 0 0 0 0 1 0 0 0 0 0 0 0 0 0 0 0 0 0 0 0 0 0 0 0 0 0 0 0 0 0 0 0 0 0 0 0 0 0 0 0 0 0 0 0 0 data 48 0x40005 0x0 0x0 0x2a76e4f1de0 0x385e 0x0 0x0 0x70007 0x34f7 0x100 0x367 0xe0005 0x367 0x0 0x0 0x0 0x0 0x0 0x8000000600140007 0x45 0xa8 0x323 0x210005 0x0 0x0 0x2a76e4f1de0 0x323 0x0 0x0 0x2d0005 0x0 0x0 0x2a76e4f1de0 0x323 0x0 0x0 0x340003 0x323 0x18 0x0 0x0 0x0 0x0 0x0 0x0 0x9 0x1 0x0 oops 3 3 com/sun/javafx/geom/transform/Affine3D 25 com/sun/javafx/geom/transform/Affine3D 32 com/sun/javafx/geom/transform/Affine3D methods 0
ciMethodData javafx/scene/paint/Paint$1 getPlatformPaint (Ljavafx/scene/paint/Paint;)Ljava/lang/Object; 2 23527 orig 80 0 0 0 0 0 0 0 0 0 0 0 0 249 127 0 0 0 0 0 0 0 0 0 0 0 0 0 0 0 0 0 0 0 0 0 0 0 0 0 0 0 0 0 0 0 0 0 0 0 0 0 0 0 0 0 0 0 0 0 0 0 0 0 0 0 0 0 0 0 0 0 0 0 0 0 0 0 0 0 0 data 17 0x10005 0x0 0x0 0x2a770f44720 0x51b8 0x2a7671ec8a0 0x92d 0x0 0x0 0x0 0x0 0x0 0x0 0x9 0x2 0x0 0x0 oops 2 3 javafx/scene/paint/Color 5 javafx/scene/paint/LinearGradient methods 0
ciMethodData com/sun/prism/impl/ps/BaseShaderGraphics setPaint (Lcom/sun/prism/paint/Paint;)V 2 5759 orig 80 0 0 0 0 0 0 0 0 0 0 0 0 249 127 0 0 0 0 0 0 0 0 0 0 0 0 0 0 0 0 0 0 0 0 0 0 0 0 0 0 0 0 0 0 0 0 0 0 0 0 0 0 0 0 0 0 0 0 0 0 0 0 0 0 0 0 0 0 0 0 0 0 0 0 0 0 0 0 0 0 data 54 0x10005 0x14f0 0x0 0x0 0x0 0x0 0x0 0x40005 0x14f0 0x0 0x0 0x0 0x0 0x0 0x70007 0x1313 0xe0 0x1dd 0xb0004 0x0 0x0 0x2a7671eabb0 0x1dd 0x0 0x0 0x110005 0x0 0x0 0x2a7671eabb0 0x1dd 0x0 0x0 0x160007 0x1dd 0x38 0x0 0x1a0003 0x0 0x18 0x210003 0x1dd 0x18 0x2b0002 0x14f0 0x0 0x0 0x0 0x0 0x0 0x0 0x9 0x2 0x0 0x0 oops 2 21 com/sun/prism/paint/LinearGradient 28 com/sun/prism/paint/LinearGradient methods 0
ciMethodData com/sun/prism/impl/BaseGraphics setPaint (Lcom/sun/prism/paint/Paint;)V 2 5759 orig 80 0 0 0 0 0 0 0 0 0 0 0 0 249 127 0 0 0 0 0 0 0 0 0 0 0 0 0 0 0 0 0 0 0 0 0 0 0 0 0 0 0 0 0 0 0 0 0 0 0 0 0 0 0 0 0 0 0 0 0 0 0 0 0 0 0 0 0 0 0 0 0 0 0 0 0 0 0 0 0 0 data 17 0x60005 0x14f0 0x0 0x0 0x0 0x0 0x0 0x0 0x0 0x0 0x0 0x0 0x0 0x9 0x2 0x0 0x0 oops 0 methods 0
ciMethodData com/sun/prism/impl/ps/BaseShaderGraphics getStrokeExpansionFactor (Lcom/sun/prism/BasicStroke;)F 2 4823 orig 80 0 0 0 0 0 0 0 0 0 0 0 0 249 127 0 0 0 0 0 0 0 0 0 0 0 0 0 0 0 0 0 0 0 0 0 0 0 0 0 0 0 0 0 0 0 0 0 0 0 0 0 0 0 0 0 0 0 0 0 0 0 0 0 0 0 0 0 0 0 0 0 0 0 0 0 0 0 0 0 0 data 31 0x10005 0x1240 0x0 0x0 0x0 0x0 0x0 0x50007 0x1240 0x20 0x0 0xb0005 0x1240 0x0 0x0 0x0 0x0 0x0 0xe0007 0x0 0x20 0x1240 0x0 0x0 0x0 0x0 0x0 0x0 0x9 0x1 0x0 oops 0 methods 0
ciMethodData com/sun/javafx/sg/prism/NGRegion renderBorderRectangle (Lcom/sun/prism/Graphics;)V 2 6254 orig 80 0 0 0 0 0 0 0 0 0 0 0 0 249 127 0 0 0 0 0 0 0 0 0 0 0 0 0 0 0 0 0 0 0 0 0 0 0 0 0 0 0 0 0 0 0 0 0 0 0 0 0 0 0 0 0 0 0 0 0 0 0 0 0 0 0 0 0 0 0 0 0 0 0 0 0 0 0 0 0 0 data 1633 0x40005 0x1800 0x0 0x0 0x0 0x0 0x0 0x90005 0x0 0x0 0x2a770f44510 0x1800 0x0 0x0 0xe0007 0x0 0x70 0x1800 0x150005 0x1800 0x0 0x0 0x0 0x0 0x0 0x180003 0x1800 0x28 0x1b0002 0x0 0x230005 0x0 0x0 0x2a770f445c0 0x1800 0x0 0x0 0x2e0007 0x1800 0x1ef8 0x1800 0x340005 0x0 0x0 0x2a770f445c0 0x1800 0x0 0x0 0x390004 0x0 0x0 0x2a770f44670 0x1800 0x0 0x0 0x400005 0x1800 0x0 0x0 0x0 0x0 0x0 0x480005 0x1800 0x0 0x0 0x0 0x0 0x0 0x4f0005 0x1800 0x0 0x0 0x0 0x0 0x0 0x560005 0x1800 0x0 0x0 0x0 0x0 0x0 0x5d0005 0x1800 0x0 0x0 0x0 0x0 0x0 0x640005 0x1800 0x0 0x0 0x0 0x0 0x0 0x6b0005 0x1800 0x0 0x0 0x0 0x0 0x0 0x720005 0x1800 0x0 0x0 0x0 0x0 0x0 0x7a0005 0x1800 0x0 0x0 0x0 0x0 0x0 0x820005 0x1800 0x0 0x0 0x0 0x0 0x0 0x8a0005 0x1800 0x0 0x0 0x0 0x0 0x0 0x920005 0x1800 0x0 0x0 0x0 0x0 0x0 0x950007 0x1800 0x70 0x0 0x9f0005 0x0 0x0 0x0 0x0 0x0 0x0 0xa30003 0x0 0x50 0xa80005 0x1800 0x0 0x0 0x0 0x0 0x0 0xb00005 0x1800 0x0 0x0 0x0 0x0 0x0 0xb30007 0x1800 0x70 0x0 0xbd0005 0x0 0x0 0x0 0x0 0x0 0x0 0xc10003 0x0 0x50 0xc60005 0x1800 0x0 0x0 0x0 0x0 0x0 0xce0005 0x1800 0x0 0x0 0x0 0x0 0x0 0xd10007 0x1800 0x70 0x0 0xdb0005 0x0 0x0 0x0 0x0 0x0 0x0 0xdf0003 0x0 0x50 0xe40005 0x1800 0x0 0x0 0x0 0x0 0x0 0xec0005 0x1800 0x0 0x0 0x0 0x0 0x0 0xef0007 0x1800 0x70 0x0 0xf90005 0x0 0x0 0x0 0x0 0x0 0x0 0xfd0003 0x0 0x50 0x1020005 0x1800 0x0 0x0 0x0 0x0 0x0 0x10a0005 0x1800 0x0 0x0 0x0 0x0 0x0 0x1110005 0x1800 0x0 0x0 0x0 0x0 0x0 0x1180005 0x1800 0x0 0x0 0x0 0x0 0x0 0x11f0005 0x1800 0x0 0x0 0x0 0x0 0x0 0x1260005 0x1800 0x0 0x0 0x0 0x0 0x0 0x12d0005 0x1800 0x0 0x0 0x0 0x0 0x0 0x1340005 0x1800 0x0 0x0 0x0 0x0 0x0 0x13b0005 0x1800 0x0 0x0 0x0 0x0 0x0 0x1470007 0x1800 0x38 0x0 0x14f0003 0x0 0x50 0x1570007 0x0 0x38 0x1800 0x15e0003 0x1800 0x18 0x16c0007 0x1800 0x38 0x0 0x1740003 0x0 0x50 0x17c0007 0x0 0x38 0x1800 0x1830003 0x1800 0x18 0x1910007 0x1800 0x38 0x0 0x1990003 0x0 0x50 0x1a10007 0x0 0x38 0x1800 0x1a80003 0x1800 0x18 0x1b60007 0x1800 0x38 0x0 0x1be0003 0x0 0x50 0x1c60007 0x0 0x38 0x1800 0x1cd0003 0x1800 0x18 0x1d60005 0x1800 0x0 0x0 0x0 0x0 0x0 0x1de0005 0x1800 0x0 0x0 0x0 0x0 0x0 0x1e10007 0x138 0x410 0x16c8 0x1e60004 0x0 0x0 0x2a770f44720 0x16c8 0x0 0x0 0x1e90007 0x0 0xb0 0x16c8 0x1ee0004 0x0 0x0 0x2a770f44720 0x16c8 0x0 0x0 0x1f10005 0x16c8 0x0 0x0 0x0 0x0 0x0 0x1f60007 0x483 0x1390 0x1245 0x1fe0007 0x0 0x1370 0x1245 0x21e0005 0x1245 0x0 0x0 0x0 0x0 0x0 0x24a0007 0x0 0x298 0x1245 0x2510007 0x0 0x278 0x1245 0x25b0005 0x1245 0x0 0x0 0x0 0x0 0x0 0x2600005 0x1245 0x0 0x0 0x0 0x0 0x0 0x2630007 0x0 0x90 0x1245 0x26a0007 0xcae 0x70 0x597 0x2760005 0x0 0x0 0x2a770f447d0 0x597 0x0 0x0 0x27b0003 0x597 0x170 0x2800005 0xcae 0x0 0x0 0x0 0x0 0x0 0x2830007 0x0 0xb0 0xcae 0x2920007 0xcae 0x20 0x0 0x29e0007 0xc9a 0x20 0x14 0x2b20005 0x0 0x0 0x2a770f447d0 0xcae 0x0 0x0 0x2b70003 0xcae 0x88 0x2ce0005 0x0 0x0 0x0 0x0 0x0 0x0 0x2d10005 0x0 0x0 0x0 0x0 0x0 0x0 0x2d60003 0x1245 0x1080 0x2db0005 0x138 0x0 0x0 0x0 0x0 0x0 0x2de0007 0x0 0x9f8 0x138 0x2e50007 0x0 0x9d8 0x138 0x2ea0004 0x0 0x0 0x2a770f44720 0x138 0x0 0x0 0x2ed0007 0x0 0xb0 0x138 0x2f20004 0x0 0x0 0x2a770f44720 0x138 0x0 0x0 0x2f50005 0x138 0x0 0x0 0x0 0x0 0x0 0x2fa0007 0x138 0x1a0 0x0 0x3020007 0x0 0x180 0x0 0x3080002 0x0 0x30b0005 0x0 0x0 0x0 0x0 0x0 0x0 0x3150007 0x0 0x70 0x0 0x3290005 0x0 0x0 0x0 0x0 0x0 0x0 0x32e0003 0x0 0xc0 0x33e0005 0x0 0x0 0x0 0x0 0x0 0x0 0x3410005 0x0 0x0 0x0 0x0 0x0 0x0 0x3540005 0x0 0x0 0x0 0x0 0x0 0x0 0x35b0004 0x0 0x0 0x2a770f44720 0x138 0x0 0x0 0x35e0007 0x0 0xb0 0x138 0x3630004 0x0 0x0 0x2a770f44720 0x138 0x0 0x0 0x3660005 0x138 0x0 0x0 0x0 0x0 0x0 0x36b0007 0x138 0x1a0 0x0 0x3730007 0x0 0x180 0x0 0x3790002 0x0 0x37c0005 0x0 0x0 0x0 0x0 0x0 0x0 0x3860007 0x0 0x70 0x0 0x3a20005 0x0 0x0 0x0 0x0 0x0 0x0 0x3a70003 0x0 0xc0 0x3b70005 0x0 0x0 0x0 0x0 0x0 0x0 0x3ba0005 0x0 0x0 0x0 0x0 0x0 0x0 0x3d70005 0x0 0x0 0x0 0x0 0x0 0x0 0x3de0004 0x0 0x0 0x2a770f44720 0x138 0x0 0x0 0x3e10007 0x0 0xb0 0x138 0x3e60004 0x0 0x0 0x2a770f44720 0x138 0x0 0x0 0x3e90005 0x138 0x0 0x0 0x0 0x0 0x0 0x3ee0007 0x0 0x1a0 0x138 0x3f60007 0x0 0x180 0x138 0x3fc0002 0x138 0x3ff0005 0x0 0x0 0x2a770f447d0 0x138 0x0 0x0 0x4090007 0x0 0x70 0x138 0x4250005 0x0 0x0 0x2a770f447d0 0x138 0x0 0x0 0x42a0003 0x138 0xc0 0x43a0005 0x0 0x0 0x0 0x0 0x0 0x0 0x43d0005 0x0 0x0 0x0 0x0 0x0 0x0 0x45a0005 0x0 0x0 0x0 0x0 0x0 0x0 0x4610004 0x0 0x0 0x2a770f44720 0x138 0x0 0x0 0x4640007 0x0 0xb0 0x138 0x4690004 0x0 0x0 0x2a770f44720 0x138 0x0 0x0 0x46c0005 0x138 0x0 0x0 0x0 0x0 0x0 0x4710007 0x138 0x7f0 0x0 0x4790007 0x0 0x7d0 0x0 0x47f0002 0x0 0x4820005 0x0 0x0 0x0 0x0 0x0 0x0 0x48c0007 0x0 0x70 0x0 0x4a00005 0x0 0x0 0x0 0x0 0x0 0x0 0x4a50003 0x0 0x710 0x4b50005 0x0 0x0 0x0 0x0 0x0 0x0 0x4b80005 0x0 0x0 0x0 0x0 0x0 0x0 0x4cb0005 0x0 0x0 0x0 0x0 0x0 0x0 0x4d00003 0x0 0x650 0x4de0005 0x0 0x0 0x0 0x0 0x0 0x0 0x4e80007 0x0 0x180 0x0 0x4ed0005 0x0 0x0 0x0 0x0 0x0 0x0 0x4f20005 0x0 0x0 0x0 0x0 0x0 0x0 0x5100005 0x0 0x0 0x0 0x0 0x0 0x0 0x5130005 0x0 0x0 0x0 0x0 0x0 0x0 0x51b0002 0x0 0x51e0005 0x0 0x0 0x0 0x0 0x0 0x0 0x5280005 0x0 0x0 0x0 0x0 0x0 0x0 0x5320007 0x0 0x180 0x0 0x5370005 0x0 0x0 0x0 0x0 0x0 0x0 0x53c0005 0x0 0x0 0x0 0x0 0x0 0x0 0x55a0005 0x0 0x0 0x0 0x0 0x0 0x0 0x55d0005 0x0 0x0 0x0 0x0 0x0 0x0 0x5650002 0x0 0x5680005 0x0 0x0 0x0 0x0 0x0 0x0 0x5720005 0x0 0x0 0x0 0x0 0x0 0x0 0x57c0007 0x0 0x180 0x0 0x5810005 0x0 0x0 0x0 0x0 0x0 0x0 0x5860005 0x0 0x0 0x0 0x0 0x0 0x0 0x5a40005 0x0 0x0 0x0 0x0 0x0 0x0 0x5a70005 0x0 0x0 0x0 0x0 0x0 0x0 0x5af0002 0x0 0x5b20005 0x0 0x0 0x0 0x0 0x0 0x0 0x5bc0005 0x0 0x0 0x0 0x0 0x0 0x0 0x5c60007 0x0 0x180 0x0 0x5cb0005 0x0 0x0 0x0 0x0 0x0 0x0 0x5d00005 0x0 0x0 0x0 0x0 0x0 0x0 0x5ee0005 0x0 0x0 0x0 0x0 0x0 0x0 0x5f10005 0x0 0x0 0x0 0x0 0x0 0x0 0x5f90002 0x0 0x5fc0005 0x0 0x0 0x0 0x0 0x0 0x0 0x6060005 0x0 0x0 0x0 0x0 0x0 0x0 0x60e0003 0x1800 0xffffffffffffe120 0x6150005 0x0 0x0 0x2a770f44510 0x1800 0x0 0x0 0x6200007 0x1800 0x10e0 0x0 0x6260005 0x0 0x0 0x0 0x0 0x0 0x0 0x62b0004 0x0 0x0 0x0 0x0 0x0 0x0 0x6300002 0x0 0x6350005 0x0 0x0 0x0 0x0 0x0 0x0 0x6380005 0x0 0x0 0x0 0x0 0x0 0x0 0x63d0004 0x0 0x0 0x0 0x0 0x0 0x0 0x6440007 0x0 0x38 0x0 0x6470003 0x0 0xf60 0x64c0005 0x0 0x0 0x0 0x0 0x0 0x0 0x6530005 0x0 0x0 0x0 0x0 0x0 0x0 0x65a0005 0x0 0x0 0x0 0x0 0x0 0x0 0x6610005 0x0 0x0 0x0 0x0 0x0 0x0 0x6680005 0x0 0x0 0x0 0x0 0x0 0x0 0x66f0005 0x0 0x0 0x0 0x0 0x0 0x0 0x6760005 0x0 0x0 0x0 0x0 0x0 0x0 0x6790002 0x0 0x6810005 0x0 0x0 0x0 0x0 0x0 0x0 0x6840002 0x0 0x68c0005 0x0 0x0 0x0 0x0 0x0 0x0 0x68f0002 0x0 0x6970005 0x0 0x0 0x0 0x0 0x0 0x0 0x69a0002 0x0 0x6a30005 0x0 0x0 0x0 0x0 0x0 0x0 0x6a80005 0x0 0x0 0x0 0x0 0x0 0x0 0x6af0005 0x0 0x0 0x0 0x0 0x0 0x0 0x6b70005 0x0 0x0 0x0 0x0 0x0 0x0 0x6bc0005 0x0 0x0 0x0 0x0 0x0 0x0 0x6c30005 0x0 0x0 0x0 0x0 0x0 0x0 0x6cb0005 0x0 0x0 0x0 0x0 0x0 0x0 0x6d00005 0x0 0x0 0x0 0x0 0x0 0x0 0x6d70005 0x0 0x0 0x0 0x0 0x0 0x0 0x6df0005 0x0 0x0 0x0 0x0 0x0 0x0 0x6e40005 0x0 0x0 0x0 0x0 0x0 0x0 0x6eb0005 0x0 0x0 0x0 0x0 0x0 0x0 0x6f30005 0x0 0x0 0x0 0x0 0x0 0x0 0x6f80005 0x0 0x0 0x0 0x0 0x0 0x0 0x7000005 0x0 0x0 0x0 0x0 0x0 0x0 0x7080005 0x0 0x0 0x0 0x0 0x0 0x0 0x70d0005 0x0 0x0 0x0 0x0 0x0 0x0 0x7150005 0x0 0x0 0x0 0x0 0x0 0x0 0x71d0005 0x0 0x0 0x0 0x0 0x0 0x0 0x7220005 0x0 0x0 0x0 0x0 0x0 0x0 0x72a0005 0x0 0x0 0x0 0x0 0x0 0x0 0x7320005 0x0 0x0 0x0 0x0 0x0 0x0 0x7370005 0x0 0x0 0x0 0x0 0x0 0x0 0x73f0005 0x0 0x0 0x0 0x0 0x0 0x0 0x7550007 0x0 0x798 0x0 0x7690007 0x0 0x38 0x0 0x76c0003 0x0 0x758 0x7810002 0x0 0x7930002 0x0 0x7ed0005 0x0 0x0 0x0 0x0 0x0 0x0 0x7f20005 0x0 0x0 0x0 0x0 0x0 0x0 0x7f80007 0x0 0x38 0x0 0x7fe0003 0x0 0x50 0x8030007 0x0 0x38 0x0 0x80e0003 0x0 0x18 0x8200005 0x0 0x0 0x0 0x0 0x0 0x0 0x84c0005 0x0 0x0 0x0 0x0 0x0 0x0 0x87d0005 0x0 0x0 0x0 0x0 0x0 0x0 0x8870005 0x0 0x0 0x0 0x0 0x0 0x0 0x88d0007 0x0 0x38 0x0 0x8930003 0x0 0x50 0x8980007 0x0 0x38 0x0 0x8a30003 0x0 0x18 0x8b30005 0x0 0x0 0x0 0x0 0x0 0x0 0x8dc0005 0x0 0x0 0x0 0x0 0x0 0x0 0x8e60005 0x0 0x0 0x0 0x0 0x0 0x0 0x8ec0007 0x0 0x38 0x0 0x8f20003 0x0 0x50 0x8f70007 0x0 0x38 0x0 0x9020003 0x0 0x18 0x9120005 0x0 0x0 0x0 0x0 0x0 0x0 0x93f0005 0x0 0x0 0x0 0x0 0x0 0x0 0x9700005 0x0 0x0 0x0 0x0 0x0 0x0 0x9750005 0x0 0x0 0x0 0x0 0x0 0x0 0x97b0007 0x0 0x38 0x0 0x9810003 0x0 0x50 0x9860007 0x0 0x38 0x0 0x9910003 0x0 0x18 0x9a30005 0x0 0x0 0x0 0x0 0x0 0x0 0x9d30005 0x0 0x0 0x0 0x0 0x0 0x0 0xa080005 0x0 0x0 0x0 0x0 0x0 0x0 0xa0d0005 0x0 0x0 0x0 0x0 0x0 0x0 0xa100007 0x0 0x1a8 0x0 0xa150005 0x0 0x0 0x0 0x0 0x0 0x0 0xa1b0007 0x0 0x38 0x0 0xa210003 0x0 0x18 0xa2b0005 0x0 0x0 0x0 0x0 0x0 0x0 0xa310007 0x0 0x38 0x0 0xa370003 0x0 0x18 0xa450005 0x0 0x0 0x0 0x0 0x0 0x0 0xa4a0005 0x0 0x0 0x0 0x0 0x0 0x0 0xa6d0005 0x0 0x0 0x0 0x0 0x0 0x0 0xa730003 0x0 0xffffffffffffef38 0x0 0x0 0x0 0x0 0x0 0x0 0x0 0x0 0x0 0x0 0x0 0x0 0x0 0x0 0x0 0x0 0x0 0x0 0x0 0x0 0x0 0x0 0x0 0x0 0x0 0x0 0x0 0x0 0x0 0x0 0x0 0x0 0x0 0x0 0x0 0x0 0x0 0x0 0x0 0x0 0x0 0x0 0x0 0x0 0x0 0x0 0x0 0x0 0x0 0x0 0x0 0x0 0x0 0x0 0x9 0x2 0x0 0x0 oops 19 10 java/util/Collections$EmptyList 33 com/sun/javafx/UnmodifiableArrayList 44 com/sun/javafx/UnmodifiableArrayList 51 javafx/scene/layout/BorderStroke 377 javafx/scene/paint/Color 388 javafx/scene/paint/Color 447 com/sun/prism/d3d/D3DGraphics 476 com/sun/prism/d3d/D3DGraphics 518 javafx/scene/paint/Color 529 javafx/scene/paint/Color 595 javafx/scene/paint/Color 606 javafx/scene/paint/Color 672 javafx/scene/paint/Color 683 javafx/scene/paint/Color 707 com/sun/prism/d3d/D3DGraphics 718 com/sun/prism/d3d/D3DGraphics 749 javafx/scene/paint/Color 760 javafx/scene/paint/Color 1031 java/util/Collections$EmptyList methods 0
ciMethodData javafx/scene/paint/Color acc_getPlatformPaint ()Ljava/lang/Object; 2 6728 orig 80 0 0 0 0 0 0 0 0 0 0 0 0 249 127 0 0 0 0 0 0 0 0 0 0 0 0 0 0 0 0 0 0 0 0 0 0 0 0 0 0 0 0 0 0 0 0 0 0 0 0 0 0 0 0 0 0 0 0 0 0 0 0 0 0 0 0 0 0 0 0 0 0 0 0 0 0 0 0 0 0 data 22 0x40007 0x1846 0x68 0x3 0x80002 0x3 0xc0005 0x0 0x0 0x2a76e7889d0 0x3 0x0 0x0 0x0 0x0 0x0 0x0 0x0 0x0 0x9 0x1 0x0 oops 1 9 com/sun/javafx/tk/quantum/QuantumToolkit methods 0
ciMethodData com/sun/javafx/sg/prism/NGRegion getPlatformPaint (Ljavafx/scene/paint/Paint;)Lcom/sun/prism/paint/Paint; 2 22550 orig 80 0 0 0 0 0 0 0 0 0 0 0 0 249 127 0 0 0 0 0 0 0 0 0 0 0 0 0 0 0 0 0 0 0 0 0 0 0 0 0 0 0 0 0 0 0 0 0 0 0 0 0 0 0 0 0 0 0 0 0 0 0 0 0 0 0 0 0 0 0 0 0 0 0 0 0 0 0 0 0 0 data 25 0x2 0x565e 0x40005 0x0 0x0 0x2a7671eab00 0x565e 0x0 0x0 0x90004 0x0 0x0 0x2a7671eabb0 0x8f3 0x2a7671eac60 0x4d6b 0x0 0x0 0x0 0x0 0x0 0x0 0x9 0x1 0x0 oops 3 5 javafx/scene/paint/Paint$1 12 com/sun/prism/paint/LinearGradient 14 com/sun/prism/paint/Color methods 0
ciMethodData com/sun/prism/impl/ps/BaseShaderGraphics fillRect (FFFF)V 2 6384 orig 80 0 0 0 0 0 0 0 0 0 0 0 0 249 127 0 0 0 0 0 0 0 0 0 0 0 0 0 0 0 0 0 0 0 0 0 0 0 0 0 0 0 0 0 0 0 0 0 0 0 0 0 0 0 0 0 0 0 0 0 0 0 0 0 0 0 0 0 0 0 0 0 0 0 0 0 0 0 0 0 0 data 107 0x30007 0x0 0x40 0x1831 0xa0007 0x1831 0x20 0x0 0xf0005 0x0 0x0 0x2a770f447d0 0x1831 0x0 0x0 0x120007 0x1831 0x58 0x0 0x1f0005 0x0 0x0 0x0 0x0 0x0 0x0 0x270007 0x1831 0x90 0x0 0x340005 0x0 0x0 0x0 0x0 0x0 0x0 0x410005 0x0 0x0 0x0 0x0 0x0 0x0 0x480007 0x1831 0x158 0x0 0x4f0005 0x0 0x0 0x0 0x0 0x0 0x0 0x580005 0x0 0x0 0x0 0x0 0x0 0x0 0x6c0005 0x0 0x0 0x0 0x0 0x0 0x0 0x730005 0x0 0x0 0x0 0x0 0x0 0x0 0x7a0005 0x0 0x0 0x0 0x0 0x0 0x0 0x810007 0x0 0x20 0x0 0x910005 0x1831 0x0 0x0 0x0 0x0 0x0 0x0 0x0 0x0 0x0 0x0 0x0 0x9 0x5 0x0 0x0 0x0 0x0 0x0 oops 1 11 com/sun/prism/d3d/D3DGraphics methods 0
ciMethodData com/sun/prism/impl/ps/BaseShaderGraphics drawRect (FFFF)V 2 1434 orig 80 0 0 0 0 0 0 0 0 0 0 0 0 249 127 0 0 0 0 0 0 0 0 0 0 0 0 0 0 0 0 0 0 0 0 0 0 0 0 0 0 0 0 0 0 0 0 0 0 0 0 0 0 0 0 0 0 0 0 0 0 0 0 0 0 0 0 0 0 0 0 0 0 0 0 0 0 0 0 0 0 data 136 0x30007 0x0 0x40 0x593 0xa0007 0x593 0x20 0x0 0x110007 0x0 0x40 0x593 0x180007 0x593 0x58 0x0 0x250005 0x0 0x0 0x0 0x0 0x0 0x0 0x2d0007 0x593 0x90 0x0 0x3a0005 0x0 0x0 0x0 0x0 0x0 0x0 0x4a0005 0x0 0x0 0x0 0x0 0x0 0x0 0x4f0005 0x0 0x0 0x2a770f447d0 0x593 0x0 0x0 0x520007 0x593 0x90 0x0 0x5f0005 0x0 0x0 0x0 0x0 0x0 0x0 0x6f0005 0x0 0x0 0x0 0x0 0x0 0x0 0x770002 0x593 0x7a0007 0x0 0x128 0x593 0x800007 0x593 0xd0 0x0 0x870005 0x0 0x0 0x0 0x0 0x0 0x0 0x8b0007 0x0 0x78 0x0 0x940005 0x0 0x0 0x0 0x0 0x0 0x0 0x970007 0x0 0x20 0x0 0xaa0005 0x593 0x0 0x0 0x0 0x0 0x0 0xb80005 0x0 0x0 0x0 0x0 0x0 0x0 0xc80005 0x0 0x0 0x0 0x0 0x0 0x0 0x0 0x0 0x0 0x0 0x0 0x0 0x0 0x0 0x0 0x0 0x9 0x5 0x0 0x0 0x0 0x0 0x0 oops 1 44 com/sun/prism/d3d/D3DGraphics methods 0
ciMethodData com/sun/javafx/sg/prism/NGRegion getNormalizedStrokeRadii (I)Ljavafx/scene/layout/CornerRadii; 2 6267 orig 80 0 0 0 0 0 0 0 0 0 0 0 0 249 127 0 0 0 0 0 0 0 0 0 0 0 0 0 0 0 0 0 0 0 0 0 0 0 0 0 0 0 0 0 0 0 0 0 0 0 0 0 0 0 0 0 0 0 0 0 0 0 0 0 0 0 0 0 0 0 0 0 0 0 0 0 0 0 0 0 0 data 59 0x40007 0x14 0x118 0x1756 0xb0005 0x1756 0x0 0x0 0x0 0x0 0x0 0xf0005 0x0 0x0 0x2a770f445c0 0x1756 0x0 0x0 0x140004 0x0 0x0 0x2a770f44670 0x1756 0x0 0x0 0x170005 0x1756 0x0 0x0 0x0 0x0 0x0 0x1a0003 0x1756 0x88 0x220005 0x0 0x0 0x2a768578f10 0x14 0x0 0x0 0x270004 0x0 0x0 0x2a768474780 0x14 0x0 0x0 0x0 0x0 0x0 0x0 0x0 0x0 0x9 0x2 0x0 0x0 oops 4 14 com/sun/javafx/UnmodifiableArrayList 21 javafx/scene/layout/BorderStroke 38 java/util/Collections$UnmodifiableRandomAccessList 45 javafx/scene/layout/CornerRadii methods 0
ciMethodData com/sun/javafx/sg/prism/NGRegion setBorderStyle (Lcom/sun/prism/Graphics;Ljavafx/scene/layout/BorderStroke;DZ)V 2 4769 orig 80 0 0 0 0 0 0 0 0 0 0 0 0 249 127 0 0 0 0 0 0 0 0 0 0 0 0 0 0 0 0 0 0 0 0 0 0 0 0 0 0 0 0 0 0 0 0 0 0 0 0 0 0 0 0 0 0 0 0 0 0 0 0 0 0 0 0 0 0 0 0 0 0 0 0 0 0 0 0 0 0 data 238 0x10005 0x11e0 0x0 0x0 0x0 0x0 0x0 0x70005 0x11e0 0x0 0x0 0x0 0x0 0x0 0xe0005 0x11e0 0x0 0x0 0x0 0x0 0x0 0x110007 0x11e0 0x70 0x0 0x1b0005 0x0 0x0 0x0 0x0 0x0 0x0 0x1f0003 0x0 0x50 0x240005 0x11e0 0x0 0x0 0x0 0x0 0x0 0x2a0005 0x11e0 0x0 0x0 0x0 0x0 0x0 0x2d0002 0x11e0 0x340007 0x11e0 0x480 0x0 0x380005 0x0 0x0 0x0 0x0 0x0 0x0 0x3f0005 0x0 0x0 0x0 0x0 0x0 0x0 0x420007 0x0 0x70 0x0 0x4c0005 0x0 0x0 0x0 0x0 0x0 0x0 0x500003 0x0 0x50 0x550005 0x0 0x0 0x0 0x0 0x0 0x0 0x5b0005 0x0 0x0 0x0 0x0 0x0 0x0 0x5e0002 0x0 0x650007 0x0 0x300 0x0 0x690005 0x0 0x0 0x0 0x0 0x0 0x0 0x700005 0x0 0x0 0x0 0x0 0x0 0x0 0x730007 0x0 0x70 0x0 0x7d0005 0x0 0x0 0x0 0x0 0x0 0x0 0x810003 0x0 0x50 0x860005 0x0 0x0 0x0 0x0 0x0 0x0 0x8c0005 0x0 0x0 0x0 0x0 0x0 0x0 0x8f0002 0x0 0x960007 0x0 0x180 0x0 0x9a0005 0x0 0x0 0x0 0x0 0x0 0x0 0xa10005 0x0 0x0 0x0 0x0 0x0 0x0 0xa40007 0x0 0x70 0x0 0xae0005 0x0 0x0 0x0 0x0 0x0 0x0 0xb20003 0x0 0x50 0xb70005 0x0 0x0 0x0 0x0 0x0 0x0 0xbd0005 0x0 0x0 0x0 0x0 0x0 0x0 0xc00002 0x0 0xc70007 0x0 0x40 0x11e0 0xcf0007 0x11e0 0x20 0x0 0xdc0005 0x11e0 0x0 0x0 0x0 0x0 0x0 0xdf0005 0x0 0x0 0x2a770f447d0 0x11e0 0x0 0x0 0xe70005 0x0 0x0 0x2a770f447d0 0x11e0 0x0 0x0 0x0 0x0 0x0 0x0 0x0 0x0 0x9 0x6 0x0 0x0 0x0 0x0 0x0 0x0 oops 2 213 com/sun/prism/d3d/D3DGraphics 220 com/sun/prism/d3d/D3DGraphics methods 0
ciMethodData com/sun/prism/impl/ps/BaseShaderGraphics drawRoundRect (FFFFFF)V 2 3335 orig 80 0 0 0 0 0 0 0 0 0 0 0 0 249 127 0 0 0 0 0 0 0 0 0 0 0 0 0 0 0 0 0 0 0 0 0 0 0 0 0 0 0 0 0 0 0 0 0 0 0 0 0 0 0 0 0 0 0 0 0 0 0 0 0 0 0 0 0 0 0 0 0 0 0 0 0 0 0 0 0 0 data 89 0x20002 0xc4e 0x60002 0xc4e 0xd0002 0xc4e 0x120002 0xc4e 0x1a0007 0x0 0x40 0xc4e 0x210007 0xc4e 0x20 0x0 0x290007 0x0 0x160 0xc4e 0x300005 0xc4e 0x0 0x0 0x0 0x0 0x0 0x330007 0x58 0x108 0xbf6 0x3b0005 0xbf6 0x0 0x0 0x0 0x0 0x0 0x3e0007 0x0 0xb0 0xbf6 0x420005 0x0 0x0 0x2a770f447d0 0xbf6 0x0 0x0 0x450007 0x0 0x58 0xbf6 0x590005 0xbf6 0x0 0x0 0x0 0x0 0x0 0x690005 0x0 0x0 0x2a76e81f270 0x58 0x0 0x0 0x790005 0x0 0x0 0x2a770f447d0 0x58 0x0 0x0 0x0 0x0 0x0 0x0 0x0 0x0 0x9 0x7 0x0 0x0 0x0 0x0 0x0 0x0 0x0 oops 3 45 com/sun/prism/d3d/D3DGraphics 63 com/sun/javafx/geom/RoundRectangle2D 70 com/sun/prism/d3d/D3DGraphics methods 0
ciMethodData com/sun/prism/impl/ps/BaseShaderGraphics checkInnerCurvature (FF)Z 2 3239 orig 80 0 0 0 0 0 0 0 0 0 0 0 0 249 127 0 0 0 0 0 0 0 0 0 0 0 0 0 0 0 0 0 0 0 0 0 0 0 0 0 0 0 0 0 0 0 0 0 0 0 0 0 0 0 0 0 0 0 0 0 0 0 0 0 0 0 0 0 0 0 0 0 0 0 0 0 0 0 0 0 0 data 39 0x40005 0xba6 0x0 0x0 0x0 0x0 0x0 0xc0002 0xba6 0x1d0007 0x0 0x80 0xba6 0x230007 0x0 0x60 0xba6 0x2b0007 0x0 0x58 0xba6 0x330007 0x0 0x38 0xba6 0x370003 0xba6 0x18 0x0 0x0 0x0 0x0 0x0 0x0 0x9 0x3 0x0 0x0 0x0 oops 0 methods 0
ciMethodData com/sun/javafx/geom/RoundRectangle2D setRoundRect (FFFFFF)V 2 1292 orig 80 0 0 0 0 0 0 0 0 0 0 0 0 249 127 0 0 0 0 0 0 0 0 0 0 0 0 0 0 0 0 0 0 0 0 0 0 0 0 0 0 0 0 0 0 0 0 0 0 0 0 0 0 0 0 0 0 0 0 0 0 0 0 0 0 0 0 0 0 0 0 0 0 0 0 0 0 0 0 0 0 data 13 0x0 0x0 0x0 0x0 0x9 0x7 0x0 0x0 0x0 0x0 0x0 0x0 0x0 oops 0 methods 0
ciMethodData com/sun/prism/BasicStroke isDashed ()Z 2 4769 orig 80 0 0 0 0 0 0 0 0 0 0 0 0 249 127 0 0 0 0 0 0 0 0 0 0 0 0 0 0 0 0 0 0 0 0 0 0 0 0 0 0 0 0 0 0 0 0 0 0 0 0 0 0 0 0 0 0 0 0 0 0 0 0 0 0 0 0 0 0 0 0 0 0 0 0 0 0 0 0 0 0 data 16 0x40007 0x10cf 0x38 0x50 0x80003 0x50 0x18 0x0 0x0 0x0 0x0 0x0 0x0 0x9 0x1 0x0 oops 0 methods 0
ciMethodData javafx/scene/paint/LinearGradient acc_getPlatformPaint ()Ljava/lang/Object; 2 2359 orig 80 0 0 0 0 0 0 0 0 0 0 0 0 249 127 0 0 0 0 0 0 0 0 0 0 0 0 0 0 0 0 0 0 0 0 0 0 0 0 0 0 0 0 0 0 0 0 0 0 0 0 0 0 0 0 0 0 0 0 0 0 0 0 0 0 0 0 0 0 0 0 0 0 0 0 0 0 0 0 0 0 data 22 0x40007 0x6f9 0x68 0x3f 0x80002 0x3f 0xc0005 0x0 0x0 0x2a76e7889d0 0x3f 0x0 0x0 0x0 0x0 0x0 0x0 0x0 0x0 0x9 0x1 0x0 oops 1 9 com/sun/javafx/tk/quantum/QuantumToolkit methods 0
ciMethodData com/sun/prism/impl/ps/BaseShaderGraphics canUseStrokeShader (Lcom/sun/prism/BasicStroke;)Z 2 1434 orig 80 0 0 0 0 0 0 0 0 0 0 0 0 249 127 0 0 0 0 0 0 0 0 0 0 0 0 0 0 0 0 0 0 0 0 0 0 0 0 0 0 0 0 0 0 0 0 0 0 0 0 0 0 0 0 0 0 0 0 0 0 0 0 0 0 0 0 0 0 0 0 0 0 0 0 0 0 0 0 0 0 data 67 0x10005 0x492 0x0 0x0 0x0 0x0 0x0 0x40007 0x0 0x198 0x492 0x80005 0x492 0x0 0x0 0x0 0x0 0x0 0xc0007 0x0 0x128 0x492 0x100005 0x492 0x0 0x0 0x0 0x0 0x0 0x140007 0x0 0xd0 0x492 0x180005 0x492 0x0 0x0 0x0 0x0 0x0 0x1b0007 0x0 0x90 0x492 0x1f0005 0x492 0x0 0x0 0x0 0x0 0x0 0x270007 0x0 0x38 0x492 0x2b0003 0x492 0x18 0x0 0x0 0x0 0x0 0x0 0x0 0x9 0x1 0x0 oops 0 methods 0
compile com/sun/javafx/sg/prism/NGRegion renderBorderRectangle (Lcom/sun/prism/Graphics;)V -1 4 inline 128 0 -1 com/sun/javafx/sg/prism/NGRegion renderBorderRectangle (Lcom/sun/prism/Graphics;)V 1 4 javafx/scene/layout/Border getImages ()Ljava/util/List; 1 9 java/util/Collections$EmptyList isEmpty ()Z 1 21 javafx/scene/layout/Border getStrokes ()Ljava/util/List; 1 35 com/sun/javafx/UnmodifiableArrayList size ()I 1 52 com/sun/javafx/UnmodifiableArrayList get (I)Ljava/lang/Object; 1 64 javafx/scene/layout/BorderStroke getWidths ()Ljavafx/scene/layout/BorderWidths; 1 72 com/sun/javafx/sg/prism/NGRegion getNormalizedStrokeRadii (I)Ljavafx/scene/layout/CornerRadii; 2 11 javafx/scene/layout/Border getStrokes ()Ljava/util/List; 2 15 com/sun/javafx/UnmodifiableArrayList get (I)Ljava/lang/Object; 2 23 javafx/scene/layout/BorderStroke getRadii ()Ljavafx/scene/layout/CornerRadii; 2 34 java/util/Collections$UnmodifiableList get (I)Ljava/lang/Object; 3 5 java/util/ArrayList get (I)Ljava/lang/Object; 4 5 java/util/Objects checkIndex (II)I 4 11 java/util/ArrayList elementData (I)Ljava/lang/Object; 3 5 java/util/Arrays$ArrayList get (I)Ljava/lang/Object; 1 79 javafx/scene/layout/BorderStroke getInsets ()Ljavafx/geometry/Insets; 1 86 javafx/scene/layout/BorderStroke getTopStroke ()Ljavafx/scene/paint/Paint; 1 93 javafx/scene/layout/BorderStroke getRightStroke ()Ljavafx/scene/paint/Paint; 1 100 javafx/scene/layout/BorderStroke getBottomStroke ()Ljavafx/scene/paint/Paint; 1 107 javafx/scene/layout/BorderStroke getLeftStroke ()Ljavafx/scene/paint/Paint; 1 114 javafx/geometry/Insets getTop ()D 1 122 javafx/geometry/Insets getRight ()D 1 130 javafx/geometry/Insets getBottom ()D 1 138 javafx/geometry/Insets getLeft ()D 1 146 javafx/scene/layout/BorderWidths isTopAsPercentage ()Z 1 168 javafx/scene/layout/BorderWidths getTop ()D 1 176 javafx/scene/layout/BorderWidths isRightAsPercentage ()Z 1 198 javafx/scene/layout/BorderWidths getRight ()D 1 206 javafx/scene/layout/BorderWidths isBottomAsPercentage ()Z 1 228 javafx/scene/layout/BorderWidths getBottom ()D 1 236 javafx/scene/layout/BorderWidths isLeftAsPercentage ()Z 1 258 javafx/scene/layout/BorderWidths getLeft ()D 1 266 javafx/scene/layout/BorderStroke getTopStyle ()Ljavafx/scene/layout/BorderStrokeStyle; 1 273 javafx/scene/layout/BorderStroke getRightStyle ()Ljavafx/scene/layout/BorderStrokeStyle; 1 280 javafx/scene/layout/BorderStroke getBottomStyle ()Ljavafx/scene/layout/BorderStrokeStyle; 1 287 javafx/scene/layout/BorderStroke getLeftStyle ()Ljavafx/scene/layout/BorderStrokeStyle; 1 294 javafx/scene/layout/BorderStrokeStyle getType ()Ljavafx/scene/shape/StrokeType; 1 301 javafx/scene/layout/BorderStrokeStyle getType ()Ljavafx/scene/shape/StrokeType; 1 308 javafx/scene/layout/BorderStrokeStyle getType ()Ljavafx/scene/shape/StrokeType; 1 315 javafx/scene/layout/BorderStrokeStyle getType ()Ljavafx/scene/shape/StrokeType; 1 470 javafx/scene/layout/CornerRadii getTopLeftHorizontalRadius ()D 1 478 javafx/scene/layout/BorderStroke isStrokeUniform ()Z 1 497 javafx/scene/paint/Color getOpacity ()D 1 542 javafx/scene/layout/CornerRadii getTopLeftHorizontalRadius ()D 1 603 com/sun/javafx/sg/prism/NGRegion setBorderStyle (Lcom/sun/prism/Graphics;Ljavafx/scene/layout/BorderStroke;DZ)V 2 1 javafx/scene/layout/BorderStroke getWidths ()Ljavafx/scene/layout/BorderWidths; 2 7 javafx/scene/layout/BorderStroke getTopStyle ()Ljavafx/scene/layout/BorderStrokeStyle; 2 14 javafx/scene/layout/BorderWidths isTopAsPercentage ()Z 2 36 javafx/scene/layout/BorderWidths getTop ()D 2 42 javafx/scene/layout/BorderStroke getTopStroke ()Ljavafx/scene/paint/Paint; 2 45 com/sun/javafx/sg/prism/NGRegion getPlatformPaint (Ljavafx/scene/paint/Paint;)Lcom/sun/prism/paint/Paint; 3 0 com/sun/javafx/tk/Toolkit getPaintAccessor ()Lcom/sun/javafx/tk/Toolkit$PaintAccessor; 3 4 javafx/scene/paint/Paint$1 getPlatformPaint (Ljavafx/scene/paint/Paint;)Ljava/lang/Object; 4 1 javafx/scene/paint/Color acc_getPlatformPaint ()Ljava/lang/Object; 4 1 javafx/scene/paint/LinearGradient acc_getPlatformPaint ()Ljava/lang/Object; 2 223 com/sun/prism/impl/BaseGraphics setStroke (Lcom/sun/prism/BasicStroke;)V 2 231 com/sun/prism/impl/ps/BaseShaderGraphics setPaint (Lcom/sun/prism/paint/Paint;)V 3 1 com/sun/prism/paint/Paint getType ()Lcom/sun/prism/paint/Paint$Type; 3 4 com/sun/prism/paint/Paint$Type isGradient ()Z 3 17 com/sun/prism/paint/Gradient getNumStops ()I 3 43 com/sun/prism/impl/BaseGraphics setPaint (Lcom/sun/prism/paint/Paint;)V 4 6 com/sun/prism/impl/BaseGraphics validateTransformAndPaint ()V 5 4 com/sun/javafx/geom/transform/AffineBase isTranslateOrIdentity ()Z 6 9 com/sun/javafx/geom/transform/AffineBase getType ()I 7 9 com/sun/javafx/geom/transform/Affine3D updateState ()V 8 1 com/sun/javafx/geom/transform/AffineBase updateState ()V 9 1 com/sun/javafx/geom/transform/AffineBase updateState2D ()V 8 8 com/sun/javafx/geom/transform/BaseTransform almostZero (D)Z 8 18 com/sun/javafx/geom/transform/BaseTransform almostZero (D)Z 8 28 com/sun/javafx/geom/transform/BaseTransform almostZero (D)Z 8 38 com/sun/javafx/geom/transform/BaseTransform almostZero (D)Z 8 48 com/sun/javafx/geom/transform/Affine3D almostOne (D)Z 8 58 com/sun/javafx/geom/transform/BaseTransform almostZero (D)Z 5 14 com/sun/prism/paint/Paint getType ()Lcom/sun/prism/paint/Paint$Type; 5 33 com/sun/javafx/geom/transform/AffineBase getMxt ()D 5 45 com/sun/javafx/geom/transform/AffineBase getMyt ()D 1 608 javafx/scene/layout/CornerRadii isUniform ()Z 1 630 com/sun/prism/impl/ps/BaseShaderGraphics drawRect (FFFF)V 2 79 com/sun/prism/impl/BaseGraphics isAntialiasedShape ()Z 2 119 com/sun/prism/impl/ps/BaseShaderGraphics canUseStrokeShader (Lcom/sun/prism/BasicStroke;)Z 3 1 com/sun/prism/BasicStroke isDashed ()Z 3 8 com/sun/prism/BasicStroke getType ()I 3 16 com/sun/prism/BasicStroke getLineJoin ()I 3 24 com/sun/prism/BasicStroke getLineJoin ()I 3 31 com/sun/prism/BasicStroke getMiterLimit ()F 1 640 javafx/scene/layout/CornerRadii isUniform ()Z 1 690 com/sun/prism/impl/ps/BaseShaderGraphics drawRoundRect (FFFFFF)V 2 48 com/sun/prism/BasicStroke isDashed ()Z 2 59 com/sun/prism/impl/ps/BaseShaderGraphics checkInnerCurvature (FF)Z 3 4 com/sun/prism/BasicStroke getLineWidth ()F 3 12 com/sun/prism/impl/ps/BaseShaderGraphics getStrokeExpansionFactor (Lcom/sun/prism/BasicStroke;)F 4 1 com/sun/prism/BasicStroke getType ()I 4 11 com/sun/prism/BasicStroke getType ()I 2 66 com/sun/prism/impl/BaseGraphics isAntialiasedShape ()Z 2 105 com/sun/javafx/geom/RoundRectangle2D setRoundRect (FFFFFF)V 1 731 javafx/scene/layout/CornerRadii isUniform ()Z 1 757 javafx/scene/paint/Color getOpacity ()D 1 870 javafx/scene/paint/Color getOpacity ()D 1 1001 javafx/scene/paint/Color getOpacity ()D 1 1020 com/sun/javafx/sg/prism/NGRegion getPlatformPaint (Ljavafx/scene/paint/Paint;)Lcom/sun/prism/paint/Paint; 2 0 com/sun/javafx/tk/Toolkit getPaintAccessor ()Lcom/sun/javafx/tk/Toolkit$PaintAccessor; 2 4 javafx/scene/paint/Paint$1 getPlatformPaint (Ljavafx/scene/paint/Paint;)Ljava/lang/Object; 3 1 javafx/scene/paint/Color acc_getPlatformPaint ()Ljava/lang/Object; 1 1023 com/sun/prism/impl/ps/BaseShaderGraphics setPaint (Lcom/sun/prism/paint/Paint;)V 2 1 com/sun/prism/paint/Paint getType ()Lcom/sun/prism/paint/Paint$Type; 2 4 com/sun/prism/paint/Paint$Type isGradient ()Z 2 17 com/sun/prism/paint/Gradient getNumStops ()I 2 43 com/sun/prism/impl/BaseGraphics setPaint (Lcom/sun/prism/paint/Paint;)V 3 6 com/sun/prism/impl/BaseGraphics validateTransformAndPaint ()V 4 4 com/sun/javafx/geom/transform/AffineBase isTranslateOrIdentity ()Z 5 9 com/sun/javafx/geom/transform/AffineBase getType ()I 6 9 com/sun/javafx/geom/transform/Affine3D updateState ()V 7 1 com/sun/javafx/geom/transform/AffineBase updateState ()V 8 1 com/sun/javafx/geom/transform/AffineBase updateState2D ()V 7 8 com/sun/javafx/geom/transform/BaseTransform almostZero (D)Z 7 18 com/sun/javafx/geom/transform/BaseTransform almostZero (D)Z 7 28 com/sun/javafx/geom/transform/BaseTransform almostZero (D)Z 7 38 com/sun/javafx/geom/transform/BaseTransform almostZero (D)Z 7 48 com/sun/javafx/geom/transform/Affine3D almostOne (D)Z 7 58 com/sun/javafx/geom/transform/BaseTransform almostZero (D)Z 4 14 com/sun/prism/paint/Paint getType ()Lcom/sun/prism/paint/Paint$Type; 4 33 com/sun/javafx/geom/transform/AffineBase getMxt ()D 4 45 com/sun/javafx/geom/transform/AffineBase getMyt ()D 1 1061 com/sun/prism/impl/ps/BaseShaderGraphics fillRect (FFFF)V 2 15 com/sun/prism/impl/BaseGraphics isAntialiasedShape ()Z 1 1132 javafx/scene/paint/Color getOpacity ()D 1 1557 java/util/Collections$EmptyList size ()I
